respondent_id,resp_gender,region,resp_age,education,polid_numeric,party_preference,prez_vote,alt_dv_realestate,alt_dv_foreign_policy,alt_dv_nuclear_policy,alt_dv_labor_policy,alt_dv_social_policy,manipulation_check1
R_4ANUbio9X2Llw77,Male,Capital Area,54,University,6,People Power Party,Yoon Suk-yeol,Major expansion of public housing,Pursue diplomacy based on national interest,Reflect national interest in nuclear policy,Phase in 4.5-day workweek,Consensus before anti-discrimination law,Conservative
R_4Aj6HZZJeKRPKEx,Male,Capital Area,37,University,5,Democratic Party,Lee Jae-myung,Major expansion of public housing,Emphasize ROK-US alliance,Oppose nuclear weapons deployment,Phase in 4.5-day workweek,Quick enactment of anti-discrimination law,Progressive
R_4uW7kWvrWbzvxBL,Male,Capital Area,42,University,5,Other,Lee Jae-myung,Reduced real estate tax burden,Pursue diplomacy based on national interest,Independent nuclear armament,Phase in 4.5-day workweek,Consensus before anti-discrimination law,Progressive
R_4akPKaLPXwR7elK,Female,Yeongnam,40,Junior college,5,Other,Did not vote,Stronger real estate taxation,Emphasize ROK-US alliance,US tactical nukes and nuclear sharing if needed,Phase in 4.5-day workweek,Prioritize social harmony,Other
R_4mwnDqrvMkE3K9j,Male,Capital Area,46,University,3,Democratic Party,Yoon Suk-yeol,Stronger real estate taxation,Pursue diplomacy based on national interest,Independent nuclear armament,Phase in 4.5-day workweek,Quick enactment of anti-discrimination law,Progressive
R_4coHYl1LLktDos1,Male,Capital Area,59,High school,3,Democratic Party,Lee Jae-myung,Reform of real estate policy,Early restart of economic cooperation with North Korea,Reflect national interest in nuclear policy,Phase in 4.5-day workweek,Oppose comprehensive anti-discrimination law,Progressive
R_4bVHzBcpj0ZLYch,Female,Capital Area,45,University,5,Other,Did not vote,Major expansion of public housing,Pursue diplomacy based on national interest,Oppose nuclear weapons deployment,Promote harmony in labor relations,Consensus before anti-discrimination law,Other
R_42K2FdicrYtheVS,Male,Chungcheong-Honam,37,University,6,Other,다른 후보,Reduced real estate tax burden,Early restart of economic cooperation with North Korea,Reflect national interest in nuclear policy,Phase in 4.5-day workweek,Prioritize social harmony,Conservative
R_4IlFpC7UO6rphLP,Male,Capital Area,52,Graduate school,6,Democratic Party,Lee Jae-myung,Reform of real estate policy,Balanced diplomacy between US and China,Independent nuclear armament,Implement universal job guarantee,Consensus before anti-discrimination law,Other
R_4TTOGLRx3U3ezoB,Male,Capital Area,53,University,6,People Power Party,Yoon Suk-yeol,Reduced real estate tax burden,Emphasize ROK-US alliance,Independent nuclear armament,Promote harmony in labor relations,Quick enactment of anti-discrimination law,Conservative
R_4J7ORglin78e0aB,Male,Capital Area,56,University,5,People Power Party,Yoon Suk-yeol,Reduced real estate tax burden,Emphasize ROK-US alliance,Independent nuclear armament,Implement universal job guarantee,Consensus before anti-discrimination law,Conservative
R_4WSxHCjBxvN85sn,Female,Capital Area,26,University,6,Democratic Party,다른 후보,Major expansion of public housing,Balanced diplomacy between US and China,Reflect national interest in nuclear policy,Phase in 4.5-day workweek,Oppose comprehensive anti-discrimination law,Progressive
R_4IPYn7l8KHThGwh,Male,Capital Area,61,High school,3,Democratic Party,Lee Jae-myung,Major expansion of public housing,Early restart of economic cooperation with North Korea,Reflect national interest in nuclear policy,Promote harmony in labor relations,Quick enactment of anti-discrimination law,Progressive
R_4R9J9QL9q2k1fNl,Female,Capital Area,30,University,2,Democratic Party,Lee Jae-myung,Major expansion of public housing,Pursue diplomacy based on national interest,Reflect national interest in nuclear policy,Phase in 4.5-day workweek,Consensus before anti-discrimination law,Progressive
R_44PxjPW0RdLDPCF,Male,Yeongnam,55,Graduate school,5,Democratic Party,심상정,Major expansion of public housing,Pursue diplomacy based on national interest,Reflect national interest in nuclear policy,Promote harmony in labor relations,Prioritize social harmony,Progressive
R_4i41dMuqneqTQkz,Male,Yeongnam,48,University,5,People Power Party,Yoon Suk-yeol,Major expansion of public housing,Emphasize ROK-US alliance,US tactical nukes and nuclear sharing if needed,Implement universal job guarantee,Prioritize social harmony,Conservative
R_4nOYpHc5vO2A5ei,Female,Capital Area,26,Junior college,5,Other,Did not vote,Reduced real estate tax burden,Balanced diplomacy between US and China,US tactical nukes and nuclear sharing if needed,Phase in 4.5-day workweek,Prioritize social harmony,Other
R_4zcDzPKV6j6qpF0,Female,Capital Area,35,Graduate school,4,Democratic Party,Lee Jae-myung,Major expansion of public housing,Pursue diplomacy based on national interest,Independent nuclear armament,Implement universal job guarantee,Consensus before anti-discrimination law,Progressive
R_4asK4ZXzmsSYh2J,Female,Chungcheong-Honam,68,University,4,Democratic Party,Lee Jae-myung,Stronger real estate taxation,Pursue diplomacy based on national interest,Oppose nuclear weapons deployment,Implement universal job guarantee,Prioritize social harmony,Progressive
R_4Cwj25nbYek8xb7,Female,Capital Area,42,High school,5,Democratic Party,Lee Jae-myung,Reform of real estate policy,Balanced diplomacy between US and China,Oppose nuclear weapons deployment,Implement universal job guarantee,Prioritize social harmony,Progressive
R_40BHiXzQYav6HdL,Male,Capital Area,41,Junior college,6,Other,다른 후보,Reform of real estate policy,Emphasize ROK-US alliance,Oppose nuclear weapons deployment,Implement universal job guarantee,Oppose comprehensive anti-discrimination law,Other
R_4Tv2ld5T6mqAjmy,Male,Capital Area,68,Graduate school,7,People Power Party,Yoon Suk-yeol,Major expansion of public housing,Pursue diplomacy based on national interest,US tactical nukes and nuclear sharing if needed,Promote harmony in labor relations,Prioritize social harmony,Conservative
R_4Mm7beXEwoVquR8,Female,Capital Area,37,University,5,People Power Party,Yoon Suk-yeol,Reform of real estate policy,Pursue diplomacy based on national interest,Reflect national interest in nuclear policy,Promote harmony in labor relations,Oppose comprehensive anti-discrimination law,Conservative
R_4kOAvxEs6k9nbz3,Male,Yeongnam,57,University,6,People Power Party,Yoon Suk-yeol,Reform of real estate policy,Emphasize ROK-US alliance,US tactical nukes and nuclear sharing if needed,Phase in 4.5-day workweek,Prioritize social harmony,Conservative
R_4oyyJuGj9jWmA05,Female,Capital Area,32,University,5,Other,심상정,Major expansion of public housing,Pursue diplomacy based on national interest,US tactical nukes and nuclear sharing if needed,Promote harmony in labor relations,Prioritize social harmony,Progressive
R_4gM7Q1UQK2MrDgh,Male,Capital Area,67,University,6,People Power Party,Yoon Suk-yeol,Major expansion of public housing,Pursue diplomacy based on national interest,Independent nuclear armament,Implement universal job guarantee,Quick enactment of anti-discrimination law,Conservative
R_4rMO6Aoo7MxFjD2,Male,Yeongnam,71,High school,8,People Power Party,Yoon Suk-yeol,Stronger real estate taxation,Pursue diplomacy based on national interest,Independent nuclear armament,Promote harmony in labor relations,Consensus before anti-discrimination law,Conservative
R_42IViC7XwoMDd4d,Male,Capital Area,60,Graduate school,5,Other,다른 후보,Reform of real estate policy,Balanced diplomacy between US and China,Independent nuclear armament,Flexible work hours,Prioritize social harmony,Other
R_4PUC9egZYLrzqv5,Male,Capital Area,60,University,3,Other,Yoon Suk-yeol,Major expansion of public housing,Early restart of economic cooperation with North Korea,Independent nuclear armament,Flexible work hours,Oppose comprehensive anti-discrimination law,Progressive
R_4fvoorRlcunlQrb,Male,Capital Area,70,University,6,People Power Party,Yoon Suk-yeol,Reduced real estate tax burden,Emphasize ROK-US alliance,Independent nuclear armament,Promote harmony in labor relations,Quick enactment of anti-discrimination law,Conservative
R_4s76ZEoInkstSCZ,Male,Capital Area,58,University,7,People Power Party,Yoon Suk-yeol,Reduced real estate tax burden,Emphasize ROK-US alliance,US tactical nukes and nuclear sharing if needed,Flexible work hours,Oppose comprehensive anti-discrimination law,Conservative
R_4LUWl6leBkhIzey,Male,Capital Area,72,University,5,Other,Yoon Suk-yeol,Reduced real estate tax burden,Pursue diplomacy based on national interest,Reflect national interest in nuclear policy,Promote harmony in labor relations,Prioritize social harmony,Other
R_4MAv6MALwpJ46z9,Male,Capital Area,55,University,5,Other,심상정,Reform of real estate policy,Pursue diplomacy based on national interest,Reflect national interest in nuclear policy,Promote harmony in labor relations,Prioritize social harmony,Progressive
R_4uUU1v12rTljm31,Male,Capital Area,63,University,7,People Power Party,Yoon Suk-yeol,Reform of real estate policy,Emphasize ROK-US alliance,US tactical nukes and nuclear sharing if needed,Flexible work hours,Consensus before anti-discrimination law,Conservative
R_4fH7AT1uqgIxoGN,Male,Capital Area,62,University,5,People Power Party,Yoon Suk-yeol,Reform of real estate policy,Emphasize ROK-US alliance,Reflect national interest in nuclear policy,Flexible work hours,Consensus before anti-discrimination law,Conservative
R_4EhYvrud8xRm2P7,Male,Capital Area,44,University,10,People Power Party,Yoon Suk-yeol,Reduced real estate tax burden,Pursue diplomacy based on national interest,Reflect national interest in nuclear policy,Implement universal job guarantee,Consensus before anti-discrimination law,Conservative
R_4k6dUkh9NN7iOIT,Male,Yeongnam,61,University,7,People Power Party,Yoon Suk-yeol,Reduced real estate tax burden,Pursue diplomacy based on national interest,US tactical nukes and nuclear sharing if needed,Promote harmony in labor relations,Consensus before anti-discrimination law,Conservative
R_4j3xVSAdczFP4dQ,Male,Capital Area,60,University,5,Democratic Party,Lee Jae-myung,Reform of real estate policy,Balanced diplomacy between US and China,US tactical nukes and nuclear sharing if needed,Promote harmony in labor relations,Oppose comprehensive anti-discrimination law,Progressive
R_44oR8ImRliH4DuT,Male,Capital Area,67,University,5,Democratic Party,Lee Jae-myung,Reform of real estate policy,Pursue diplomacy based on national interest,Reflect national interest in nuclear policy,Promote harmony in labor relations,Prioritize social harmony,Other
R_4O6sLzTcWqO8QUP,Male,Capital Area,57,Graduate school,5,People Power Party,Yoon Suk-yeol,Stronger real estate taxation,Early restart of economic cooperation with North Korea,Reflect national interest in nuclear policy,Promote harmony in labor relations,Prioritize social harmony,Conservative
R_4GwdCsFP10wgBtY,Male,Capital Area,56,University,4,Green Justice Party,심상정,Major expansion of public housing,Balanced diplomacy between US and China,Oppose nuclear weapons deployment,Phase in 4.5-day workweek,Quick enactment of anti-discrimination law,Progressive
R_4GDOdXuT4lrkIVs,Male,Capital Area,68,University,4,Other,Lee Jae-myung,Major expansion of public housing,Pursue diplomacy based on national interest,Independent nuclear armament,Implement universal job guarantee,Oppose comprehensive anti-discrimination law,Other
R_4FW3WlFFbJnJoQj,Male,Capital Area,64,Graduate school,5,Other,심상정,Reduced real estate tax burden,Balanced diplomacy between US and China,Independent nuclear armament,Phase in 4.5-day workweek,Oppose comprehensive anti-discrimination law,Conservative
R_4gYR59gsynOkeOm,Male,Capital Area,73,High school,5,People Power Party,Yoon Suk-yeol,Major expansion of public housing,Balanced diplomacy between US and China,Independent nuclear armament,Implement universal job guarantee,Quick enactment of anti-discrimination law,Conservative
R_4npVZXfEImzQ0CH,Male,Capital Area,67,Graduate school,9,People Power Party,Yoon Suk-yeol,Major expansion of public housing,Emphasize ROK-US alliance,US tactical nukes and nuclear sharing if needed,Flexible work hours,Consensus before anti-discrimination law,Conservative
R_4ndx0nt6SZUTkM2,Male,Capital Area,72,University,9,People Power Party,Yoon Suk-yeol,Reform of real estate policy,Pursue diplomacy based on national interest,US tactical nukes and nuclear sharing if needed,Flexible work hours,Oppose comprehensive anti-discrimination law,Conservative
R_4PtyAaDI1o4W8YF,Male,Capital Area,62,Graduate school,5,Other,다른 후보,Major expansion of public housing,Pursue diplomacy based on national interest,US tactical nukes and nuclear sharing if needed,Implement universal job guarantee,Consensus before anti-discrimination law,Progressive
R_4EiHSY45ijD8bsx,Male,Capital Area,55,University,9,People Power Party,Yoon Suk-yeol,Reform of real estate policy,Early restart of economic cooperation with North Korea,Independent nuclear armament,Promote harmony in labor relations,Oppose comprehensive anti-discrimination law,Conservative
R_4rIY0d15bCenCSt,Male,Capital Area,70,Graduate school,9,People Power Party,Yoon Suk-yeol,Reduced real estate tax burden,Pursue diplomacy based on national interest,Independent nuclear armament,Flexible work hours,Oppose comprehensive anti-discrimination law,Conservative
R_43x3Ng5LVia5UvD,Male,Capital Area,59,University,6,Other,Yoon Suk-yeol,Reduced real estate tax burden,Pursue diplomacy based on national interest,Reflect national interest in nuclear policy,Promote harmony in labor relations,Prioritize social harmony,Conservative
R_4EpclGUx13HsVgG,Male,Capital Area,59,Graduate school,5,Democratic Party,Lee Jae-myung,Reduced real estate tax burden,Pursue diplomacy based on national interest,Independent nuclear armament,Implement universal job guarantee,Prioritize social harmony,Progressive
R_4dBpIQdvRE4D4u2,Male,Capital Area,64,University,7,People Power Party,Yoon Suk-yeol,Reduced real estate tax burden,Pursue diplomacy based on national interest,US tactical nukes and nuclear sharing if needed,Promote harmony in labor relations,Consensus before anti-discrimination law,Conservative
R_4zUTHPXvHp0oQFO,Male,Capital Area,65,Graduate school,4,Democratic Party,Lee Jae-myung,Reform of real estate policy,Pursue diplomacy based on national interest,US tactical nukes and nuclear sharing if needed,Phase in 4.5-day workweek,Quick enactment of anti-discrimination law,Progressive
R_4kFxrskBQ6F9OAz,Male,Capital Area,75,University,6,People Power Party,Yoon Suk-yeol,Major expansion of public housing,Pursue diplomacy based on national interest,US tactical nukes and nuclear sharing if needed,Implement universal job guarantee,Consensus before anti-discrimination law,Conservative
R_4jOhjrfADBpZ8aJ,Male,Yeongnam,57,University,5,Other,Did not vote,Major expansion of public housing,Emphasize ROK-US alliance,Independent nuclear armament,Implement universal job guarantee,Prioritize social harmony,Conservative
R_4iVW5RYwgXs5JHH,Male,Capital Area,54,Graduate school,8,People Power Party,Yoon Suk-yeol,Reform of real estate policy,Emphasize ROK-US alliance,US tactical nukes and nuclear sharing if needed,Promote harmony in labor relations,Consensus before anti-discrimination law,Conservative
R_4rckq8E7c4OkIKJ,Male,Capital Area,78,University,8,People Power Party,Yoon Suk-yeol,Reduced real estate tax burden,Pursue diplomacy based on national interest,Independent nuclear armament,Promote harmony in labor relations,Quick enactment of anti-discrimination law,Conservative
R_4KxeZftMOXb6XrW,Male,Capital Area,61,Graduate school,6,People Power Party,Yoon Suk-yeol,Reduced real estate tax burden,Pursue diplomacy based on national interest,US tactical nukes and nuclear sharing if needed,Promote harmony in labor relations,Consensus before anti-discrimination law,Conservative
R_4qvv7P243IKaxhf,Male,Capital Area,68,Graduate school,4,Democratic Party,Lee Jae-myung,Major expansion of public housing,Early restart of economic cooperation with North Korea,Reflect national interest in nuclear policy,Phase in 4.5-day workweek,Consensus before anti-discrimination law,Progressive
R_4Hhlc1r1TTgQ1V0,Male,Capital Area,56,High school,4,Democratic Party,Lee Jae-myung,Major expansion of public housing,Early restart of economic cooperation with North Korea,Independent nuclear armament,Implement universal job guarantee,Quick enactment of anti-discrimination law,Progressive
R_4MytjBEzhS2UBtR,Male,Capital Area,67,University,5,People Power Party,Yoon Suk-yeol,Major expansion of public housing,Balanced diplomacy between US and China,Independent nuclear armament,Implement universal job guarantee,Prioritize social harmony,Progressive
R_4pW7JtZ86u0JrmE,Male,Capital Area,66,High school,5,Other,Did not vote,Reform of real estate policy,Pursue diplomacy based on national interest,Independent nuclear armament,Promote harmony in labor relations,Quick enactment of anti-discrimination law,Conservative
R_49U7loaIo1WREFr,Male,Capital Area,58,Junior college,5,Other,Lee Jae-myung,Reform of real estate policy,Balanced diplomacy between US and China,US tactical nukes and nuclear sharing if needed,Phase in 4.5-day workweek,Consensus before anti-discrimination law,Progressive
R_4oGCyrLcpJ23T7y,Male,Capital Area,60,University,5,Democratic Party,Lee Jae-myung,Major expansion of public housing,Pursue diplomacy based on national interest,US tactical nukes and nuclear sharing if needed,Implement universal job guarantee,Consensus before anti-discrimination law,Conservative
R_4QFovG5ABwYZn7O,Male,Capital Area,46,University,2,Green Justice Party,심상정,Major expansion of public housing,Pursue diplomacy based on national interest,Reflect national interest in nuclear policy,Flexible work hours,Oppose comprehensive anti-discrimination law,Progressive
R_4niwtDB1x8vnFzx,Male,Capital Area,55,High school,3,Democratic Party,Lee Jae-myung,Major expansion of public housing,Early restart of economic cooperation with North Korea,Oppose nuclear weapons deployment,Phase in 4.5-day workweek,Prioritize social harmony,Progressive
R_4dMI6Z81gCil9Ei,Male,Capital Area,58,University,5,Other,Lee Jae-myung,Reform of real estate policy,Pursue diplomacy based on national interest,Independent nuclear armament,Implement universal job guarantee,Consensus before anti-discrimination law,Other
R_4BGMI3zpGD7e5X3,Male,Capital Area,59,University,8,People Power Party,Yoon Suk-yeol,Reduced real estate tax burden,Emphasize ROK-US alliance,US tactical nukes and nuclear sharing if needed,Promote harmony in labor relations,Prioritize social harmony,Conservative
R_4yk69krMHpBeJKF,Male,Yeongnam,65,Graduate school,3,Other,Lee Jae-myung,Major expansion of public housing,Pursue diplomacy based on national interest,Reflect national interest in nuclear policy,Promote harmony in labor relations,Consensus before anti-discrimination law,Progressive
R_4kNqXSNQqdOPZDD,Male,Chungcheong-Honam,61,University,3,Democratic Party,Lee Jae-myung,Reform of real estate policy,Pursue diplomacy based on national interest,Independent nuclear armament,Flexible work hours,Oppose comprehensive anti-discrimination law,Progressive
R_4RBfnib367KTaJH,Male,Chungcheong-Honam,60,University,8,People Power Party,Yoon Suk-yeol,Reform of real estate policy,Emphasize ROK-US alliance,US tactical nukes and nuclear sharing if needed,Promote harmony in labor relations,Oppose comprehensive anti-discrimination law,Conservative
R_4V9GHYbrzJT4ewu,Male,Capital Area,56,University,5,Other,Did not vote,Reduced real estate tax burden,Pursue diplomacy based on national interest,US tactical nukes and nuclear sharing if needed,Implement universal job guarantee,Prioritize social harmony,Progressive
R_41u3POBnsXDSBNv,Male,Capital Area,56,Junior college,7,People Power Party,Yoon Suk-yeol,Major expansion of public housing,Emphasize ROK-US alliance,Independent nuclear armament,Phase in 4.5-day workweek,Oppose comprehensive anti-discrimination law,Conservative
R_4HXKrmdgA7xnr2x,Male,Capital Area,64,Graduate school,9,People Power Party,Yoon Suk-yeol,Major expansion of public housing,Emphasize ROK-US alliance,Reflect national interest in nuclear policy,Implement universal job guarantee,Consensus before anti-discrimination law,Conservative
R_4O1GbDHtBRk8HUB,Male,Capital Area,57,University,8,People Power Party,Yoon Suk-yeol,Stronger real estate taxation,Pursue diplomacy based on national interest,US tactical nukes and nuclear sharing if needed,Flexible work hours,Consensus before anti-discrimination law,Conservative
R_4dGIZcDPYgTAMNk,Male,Yeongnam,59,University,5,Democratic Party,Lee Jae-myung,Major expansion of public housing,Early restart of economic cooperation with North Korea,Oppose nuclear weapons deployment,Phase in 4.5-day workweek,Consensus before anti-discrimination law,Progressive
R_4LHym5bedP4csNx,Male,Capital Area,57,University,5,Other,다른 후보,Reduced real estate tax burden,Pursue diplomacy based on national interest,Independent nuclear armament,Implement universal job guarantee,Oppose comprehensive anti-discrimination law,Other
R_4WVFOHZlDHKbful,Male,Capital Area,64,University,2,Democratic Party,Lee Jae-myung,Reduced real estate tax burden,Balanced diplomacy between US and China,Oppose nuclear weapons deployment,Phase in 4.5-day workweek,Consensus before anti-discrimination law,Progressive
R_41inj2J4LgAoMHo,Male,Capital Area,66,Junior college,8,People Power Party,Yoon Suk-yeol,Reduced real estate tax burden,Pursue diplomacy based on national interest,Independent nuclear armament,Implement universal job guarantee,Quick enactment of anti-discrimination law,Conservative
R_4YK4URMxtQZBER3,Male,Capital Area,57,Graduate school,6,People Power Party,Yoon Suk-yeol,Reduced real estate tax burden,Emphasize ROK-US alliance,Reflect national interest in nuclear policy,Promote harmony in labor relations,Prioritize social harmony,Conservative
R_411iAzP8mzwUzuw,Male,Capital Area,62,University,6,Democratic Party,다른 후보,Reform of real estate policy,Early restart of economic cooperation with North Korea,Oppose nuclear weapons deployment,Flexible work hours,Consensus before anti-discrimination law,Progressive
R_4C25yIDVFK8lkzG,Male,Capital Area,59,University,6,People Power Party,심상정,Major expansion of public housing,Pursue diplomacy based on national interest,Reflect national interest in nuclear policy,Implement universal job guarantee,Consensus before anti-discrimination law,Progressive
R_4KTk2MF0oCy7i3d,Male,Capital Area,56,University,5,Democratic Party,Lee Jae-myung,Reform of real estate policy,Balanced diplomacy between US and China,Reflect national interest in nuclear policy,Phase in 4.5-day workweek,Quick enactment of anti-discrimination law,Progressive
R_4RkiQ66p6GiNj4M,Male,Capital Area,59,University,7,Other,Did not vote,Reform of real estate policy,Pursue diplomacy based on national interest,Reflect national interest in nuclear policy,Implement universal job guarantee,Consensus before anti-discrimination law,Conservative
R_4e7QuSFbvgT1Ktr,Male,Capital Area,51,University,5,Democratic Party,Lee Jae-myung,Stronger real estate taxation,Pursue diplomacy based on national interest,Reflect national interest in nuclear policy,Promote harmony in labor relations,Prioritize social harmony,Progressive
R_4xPJEZkGotetFbS,Male,Capital Area,61,University,5,Other,Yoon Suk-yeol,Major expansion of public housing,Pursue diplomacy based on national interest,Independent nuclear armament,Promote harmony in labor relations,Prioritize social harmony,Other
R_42Rv03VhQRTYa2I,Male,Capital Area,57,University,3,Democratic Party,Lee Jae-myung,Reduced real estate tax burden,Early restart of economic cooperation with North Korea,US tactical nukes and nuclear sharing if needed,Phase in 4.5-day workweek,Consensus before anti-discrimination law,Progressive
R_4vmtg5XsUgz3HUJ,Male,Chungcheong-Honam,56,University,5,Other,Did not vote,Reform of real estate policy,Balanced diplomacy between US and China,Oppose nuclear weapons deployment,Phase in 4.5-day workweek,Prioritize social harmony,Progressive
R_4obxyBGWvIdDHvF,Male,Yeongnam,57,University,5,Other,Yoon Suk-yeol,Reduced real estate tax burden,Balanced diplomacy between US and China,Independent nuclear armament,Implement universal job guarantee,Prioritize social harmony,Conservative
R_4CWiymsGGXxkb3b,Male,Capital Area,55,High school,5,Democratic Party,Lee Jae-myung,Major expansion of public housing,Pursue diplomacy based on national interest,Independent nuclear armament,Implement universal job guarantee,Oppose comprehensive anti-discrimination law,Progressive
R_4azqOMD6n1p3x5H,Male,Capital Area,56,University,5,Democratic Party,Lee Jae-myung,Reform of real estate policy,Balanced diplomacy between US and China,Reflect national interest in nuclear policy,Implement universal job guarantee,Quick enactment of anti-discrimination law,Progressive
R_4DP4XPB0YjpfWfm,Male,Chungcheong-Honam,64,University,4,Other,Yoon Suk-yeol,Reduced real estate tax burden,Pursue diplomacy based on national interest,Independent nuclear armament,Implement universal job guarantee,Prioritize social harmony,Conservative
R_4STex2QsCOHGMh3,Male,Yeongnam,58,High school,6,Democratic Party,Lee Jae-myung,Major expansion of public housing,Pursue diplomacy based on national interest,US tactical nukes and nuclear sharing if needed,Phase in 4.5-day workweek,Consensus before anti-discrimination law,Progressive
R_4jbDn5kESvrwwjn,Male,Chungcheong-Honam,61,University,5,Democratic Party,Lee Jae-myung,Reduced real estate tax burden,Early restart of economic cooperation with North Korea,Reflect national interest in nuclear policy,Promote harmony in labor relations,Prioritize social harmony,Progressive
R_4Phs8IjAMOpfyS5,Male,Capital Area,57,High school,1,Democratic Party,Lee Jae-myung,Major expansion of public housing,Early restart of economic cooperation with North Korea,Reflect national interest in nuclear policy,Implement universal job guarantee,Consensus before anti-discrimination law,Progressive
R_4rPlkuoCe3MHmh2,Male,Capital Area,67,University,6,People Power Party,Yoon Suk-yeol,Stronger real estate taxation,Balanced diplomacy between US and China,US tactical nukes and nuclear sharing if needed,Promote harmony in labor relations,Prioritize social harmony,Conservative
R_4plMKIxTA7kUc8N,Male,Chungcheong-Honam,62,High school,3,Democratic Party,Lee Jae-myung,Major expansion of public housing,Early restart of economic cooperation with North Korea,Oppose nuclear weapons deployment,Implement universal job guarantee,Quick enactment of anti-discrimination law,Progressive
R_4OZ88l8ar9EBmxj,Male,Yeongnam,59,University,5,Other,Lee Jae-myung,Reform of real estate policy,Early restart of economic cooperation with North Korea,Independent nuclear armament,Phase in 4.5-day workweek,Consensus before anti-discrimination law,Other
R_4tLsSnB8GwfUHyj,Male,Capital Area,58,University,2,Democratic Party,Lee Jae-myung,Stronger real estate taxation,Pursue diplomacy based on national interest,Reflect national interest in nuclear policy,Flexible work hours,Quick enactment of anti-discrimination law,Progressive
R_4VNCVoGHtg21gyK,Male,Capital Area,71,High school,1,Democratic Party,Lee Jae-myung,Reduced real estate tax burden,Balanced diplomacy between US and China,US tactical nukes and nuclear sharing if needed,Implement universal job guarantee,Quick enactment of anti-discrimination law,Progressive
R_4qKRhAejrA8z1KN,Male,Yeongnam,72,University,6,People Power Party,Yoon Suk-yeol,Reduced real estate tax burden,Pursue diplomacy based on national interest,Independent nuclear armament,Flexible work hours,Prioritize social harmony,Conservative
R_4ctRDD5bEEBcIja,Male,Chungcheong-Honam,58,University,5,Democratic Party,Lee Jae-myung,Major expansion of public housing,Balanced diplomacy between US and China,US tactical nukes and nuclear sharing if needed,Implement universal job guarantee,Consensus before anti-discrimination law,Progressive
R_44JmJVqkQuy6qTA,Male,Capital Area,58,Graduate school,6,People Power Party,Yoon Suk-yeol,Stronger real estate taxation,Emphasize ROK-US alliance,Independent nuclear armament,Flexible work hours,Prioritize social harmony,Conservative
R_4jV5te3U4nZBgGJ,Male,Capital Area,68,University,6,People Power Party,Yoon Suk-yeol,Reduced real estate tax burden,Emphasize ROK-US alliance,US tactical nukes and nuclear sharing if needed,Promote harmony in labor relations,Consensus before anti-discrimination law,Conservative
R_4YFF479o17Y3ug1,Male,Capital Area,55,High school,5,Democratic Party,Lee Jae-myung,Major expansion of public housing,Balanced diplomacy between US and China,Independent nuclear armament,Phase in 4.5-day workweek,Oppose comprehensive anti-discrimination law,Progressive
R_4qf3EEyJ5QSNDev,Male,Capital Area,66,High school,5,Green Justice Party,심상정,Major expansion of public housing,Pursue diplomacy based on national interest,Independent nuclear armament,Promote harmony in labor relations,Quick enactment of anti-discrimination law,Other
R_4fr8wNZ54kd4f2p,Male,Capital Area,55,High school,2,Democratic Party,Lee Jae-myung,Major expansion of public housing,Early restart of economic cooperation with North Korea,Oppose nuclear weapons deployment,Implement universal job guarantee,Consensus before anti-discrimination law,Progressive
R_4ZB7rkHLa1GlH45,Male,Capital Area,60,Graduate school,7,People Power Party,Yoon Suk-yeol,Reduced real estate tax burden,Emphasize ROK-US alliance,Independent nuclear armament,Implement universal job guarantee,Prioritize social harmony,Conservative
R_4LqJiHhylfMgwLP,Male,Capital Area,54,University,7,Other,Yoon Suk-yeol,Major expansion of public housing,Pursue diplomacy based on national interest,Independent nuclear armament,Phase in 4.5-day workweek,Prioritize social harmony,Progressive
R_4KrQnRRAG2QLSZd,Male,Capital Area,58,University,3,Democratic Party,Lee Jae-myung,Major expansion of public housing,Pursue diplomacy based on national interest,Reflect national interest in nuclear policy,Promote harmony in labor relations,Quick enactment of anti-discrimination law,Progressive
R_4qjxcVOcpxvJloN,Male,Capital Area,35,University,7,People Power Party,Yoon Suk-yeol,Stronger real estate taxation,Emphasize ROK-US alliance,Reflect national interest in nuclear policy,Flexible work hours,Quick enactment of anti-discrimination law,Conservative
R_4jFGSFCqvgJ1IpX,Male,Capital Area,65,University,6,People Power Party,Yoon Suk-yeol,Reform of real estate policy,Pursue diplomacy based on national interest,US tactical nukes and nuclear sharing if needed,Promote harmony in labor relations,Consensus before anti-discrimination law,Conservative
R_4VF6Kxn0ztrCI0h,Male,Capital Area,57,Graduate school,5,Other,Did not vote,Reform of real estate policy,Pursue diplomacy based on national interest,Reflect national interest in nuclear policy,Flexible work hours,Consensus before anti-discrimination law,Other
R_4E6wgOQ8PigZreX,Male,Capital Area,58,University,5,Democratic Party,Lee Jae-myung,Reform of real estate policy,Early restart of economic cooperation with North Korea,Independent nuclear armament,Implement universal job guarantee,Consensus before anti-discrimination law,Progressive
R_46WGGtpckRDaDyF,Male,Yeongnam,74,University,8,People Power Party,Yoon Suk-yeol,Major expansion of public housing,Pursue diplomacy based on national interest,Reflect national interest in nuclear policy,Implement universal job guarantee,Oppose comprehensive anti-discrimination law,Conservative
R_4oBAGtOkaLBymz9,Male,Capital Area,59,Graduate school,6,People Power Party,Yoon Suk-yeol,Reduced real estate tax burden,Balanced diplomacy between US and China,Reflect national interest in nuclear policy,Promote harmony in labor relations,Prioritize social harmony,Conservative
R_42rnJrWR9QARsfj,Male,Capital Area,59,University,5,Other,Lee Jae-myung,Major expansion of public housing,Pursue diplomacy based on national interest,Oppose nuclear weapons deployment,Promote harmony in labor relations,Prioritize social harmony,Progressive
R_4NtDzvFbzMgyCUO,Male,Capital Area,56,University,7,People Power Party,Yoon Suk-yeol,Reform of real estate policy,Emphasize ROK-US alliance,Independent nuclear armament,Implement universal job guarantee,Consensus before anti-discrimination law,Conservative
R_4qIHYiLeSWD0Vw4,Male,Capital Area,65,University,9,People Power Party,Yoon Suk-yeol,Reduced real estate tax burden,Emphasize ROK-US alliance,US tactical nukes and nuclear sharing if needed,Flexible work hours,Oppose comprehensive anti-discrimination law,Conservative
R_4PhuKNS9idw9Qlw,Male,Chungcheong-Honam,65,University,4,Democratic Party,Lee Jae-myung,Major expansion of public housing,Pursue diplomacy based on national interest,Independent nuclear armament,Promote harmony in labor relations,Consensus before anti-discrimination law,Progressive
R_4elJzwprFdFSRI5,Male,Capital Area,56,University,6,People Power Party,Yoon Suk-yeol,Major expansion of public housing,Pursue diplomacy based on national interest,US tactical nukes and nuclear sharing if needed,Promote harmony in labor relations,Consensus before anti-discrimination law,Conservative
R_4FK9yJ6Edxpp9kG,Male,Capital Area,53,University,3,Democratic Party,Lee Jae-myung,Stronger real estate taxation,Pursue diplomacy based on national interest,Reflect national interest in nuclear policy,Phase in 4.5-day workweek,Consensus before anti-discrimination law,Progressive
R_44NxEjZWDyTgPz5,Male,Yeongnam,69,Graduate school,7,People Power Party,Yoon Suk-yeol,Major expansion of public housing,Pursue diplomacy based on national interest,US tactical nukes and nuclear sharing if needed,Flexible work hours,Consensus before anti-discrimination law,Conservative
R_5nOZIm8on1jc3CI,Male,Capital Area,56,Junior college,5,People Power Party,Yoon Suk-yeol,Major expansion of public housing,Emphasize ROK-US alliance,Independent nuclear armament,Phase in 4.5-day workweek,Prioritize social harmony,Conservative
R_44iGSLYDqtCqJ3z,Male,Capital Area,66,University,6,People Power Party,Did not vote,Reduced real estate tax burden,Balanced diplomacy between US and China,US tactical nukes and nuclear sharing if needed,Implement universal job guarantee,Quick enactment of anti-discrimination law,Conservative
R_4Mzl719zYSP6dCE,Male,Capital Area,69,University,6,Other,Did not vote,Reduced real estate tax burden,Pursue diplomacy based on national interest,US tactical nukes and nuclear sharing if needed,Phase in 4.5-day workweek,Quick enactment of anti-discrimination law,Other
R_4NfbWvu2pJNrmFO,Male,Yeongnam,58,High school,9,People Power Party,Yoon Suk-yeol,Reduced real estate tax burden,Emphasize ROK-US alliance,US tactical nukes and nuclear sharing if needed,Promote harmony in labor relations,Consensus before anti-discrimination law,Conservative
R_4fACVIuKW5r5Tbo,Male,Capital Area,58,University,5,Green Justice Party,심상정,Major expansion of public housing,Pursue diplomacy based on national interest,Independent nuclear armament,Phase in 4.5-day workweek,Prioritize social harmony,Conservative
R_4tl3F5NdnRCNKQ4,Male,Yeongnam,64,University,7,People Power Party,Yoon Suk-yeol,Reduced real estate tax burden,Emphasize ROK-US alliance,US tactical nukes and nuclear sharing if needed,Implement universal job guarantee,Prioritize social harmony,Conservative
R_4QbkRjxJyqCc1YS,Male,Capital Area,56,High school,4,Democratic Party,Lee Jae-myung,Stronger real estate taxation,Balanced diplomacy between US and China,Oppose nuclear weapons deployment,Implement universal job guarantee,Quick enactment of anti-discrimination law,Other
R_47ytLpF28HmAbD3,Male,Capital Area,65,Graduate school,5,Other,Lee Jae-myung,Major expansion of public housing,Pursue diplomacy based on national interest,Reflect national interest in nuclear policy,Flexible work hours,Consensus before anti-discrimination law,Other
R_4GPM46y90GA8fLM,Male,Capital Area,66,University,5,Democratic Party,다른 후보,Stronger real estate taxation,Pursue diplomacy based on national interest,Independent nuclear armament,Implement universal job guarantee,Quick enactment of anti-discrimination law,Progressive
R_4HhrNfHDhcOmz3o,Male,Yeongnam,70,High school,7,People Power Party,Yoon Suk-yeol,Reduced real estate tax burden,Pursue diplomacy based on national interest,US tactical nukes and nuclear sharing if needed,Flexible work hours,Consensus before anti-discrimination law,Conservative
R_4czQJMTrOswxaEW,Male,Capital Area,55,Junior college,6,People Power Party,Yoon Suk-yeol,Major expansion of public housing,Pursue diplomacy based on national interest,Independent nuclear armament,Implement universal job guarantee,Quick enactment of anti-discrimination law,Conservative
R_4NLjYwkMkLgTMJx,Male,Capital Area,55,University,8,People Power Party,Yoon Suk-yeol,Reduced real estate tax burden,Pursue diplomacy based on national interest,Reflect national interest in nuclear policy,Promote harmony in labor relations,Quick enactment of anti-discrimination law,Conservative
R_4OID1MWOQhR3Dkv,Male,Capital Area,55,High school,8,Other,Lee Jae-myung,Reform of real estate policy,Balanced diplomacy between US and China,Independent nuclear armament,Implement universal job guarantee,Oppose comprehensive anti-discrimination law,Other
R_4ORkXfKC7BjZs2J,Male,Capital Area,55,High school,6,People Power Party,Yoon Suk-yeol,Reform of real estate policy,Emphasize ROK-US alliance,Independent nuclear armament,Promote harmony in labor relations,Oppose comprehensive anti-discrimination law,Conservative
R_4nXGnJItPDtECZP,Male,Yeongnam,65,University,5,People Power Party,Yoon Suk-yeol,Reform of real estate policy,Pursue diplomacy based on national interest,US tactical nukes and nuclear sharing if needed,Promote harmony in labor relations,Prioritize social harmony,Conservative
R_4ZEakRTCTCCEURM,Male,Capital Area,66,Graduate school,8,People Power Party,Yoon Suk-yeol,Major expansion of public housing,Pursue diplomacy based on national interest,US tactical nukes and nuclear sharing if needed,Flexible work hours,Oppose comprehensive anti-discrimination law,Conservative
R_4ViBryA28UfXgtz,Male,Capital Area,59,University,6,Democratic Party,Lee Jae-myung,Major expansion of public housing,Balanced diplomacy between US and China,Oppose nuclear weapons deployment,Implement universal job guarantee,Quick enactment of anti-discrimination law,Progressive
R_4FIfFaZxmTeZMEH,Male,Capital Area,70,University,6,Other,Yoon Suk-yeol,Reform of real estate policy,Pursue diplomacy based on national interest,Independent nuclear armament,Promote harmony in labor relations,Oppose comprehensive anti-discrimination law,Conservative
R_4EsB7YLDknapsR6,Male,Capital Area,78,High school,9,Other,Yoon Suk-yeol,Major expansion of public housing,Emphasize ROK-US alliance,Independent nuclear armament,Promote harmony in labor relations,Prioritize social harmony,Conservative
R_7s7bNVSP1Q4XQ2G,Male,Capital Area,47,University,5,Other,Lee Jae-myung,Major expansion of public housing,Balanced diplomacy between US and China,Reflect national interest in nuclear policy,Flexible work hours,Quick enactment of anti-discrimination law,Progressive
R_4RthVAecOU7EA13,Male,Capital Area,59,University,3,Democratic Party,Lee Jae-myung,Major expansion of public housing,Pursue diplomacy based on national interest,Oppose nuclear weapons deployment,Phase in 4.5-day workweek,Quick enactment of anti-discrimination law,Progressive
R_4dFhO2k14gDRzy6,Male,Capital Area,64,Graduate school,3,Other,Yoon Suk-yeol,Stronger real estate taxation,Emphasize ROK-US alliance,Independent nuclear armament,Phase in 4.5-day workweek,Prioritize social harmony,Other
R_4pMfoeXKtBVIyMT,Male,Capital Area,71,University,6,People Power Party,Yoon Suk-yeol,Major expansion of public housing,Emphasize ROK-US alliance,Independent nuclear armament,Flexible work hours,Consensus before anti-discrimination law,Conservative
R_4D616WoixtKIBAl,Male,Capital Area,64,University,6,People Power Party,Yoon Suk-yeol,Major expansion of public housing,Emphasize ROK-US alliance,Independent nuclear armament,Implement universal job guarantee,Quick enactment of anti-discrimination law,Conservative
R_40q49GP6SHiwrZ7,Male,Capital Area,80,University,2,Democratic Party,Lee Jae-myung,Reduced real estate tax burden,Pursue diplomacy based on national interest,Oppose nuclear weapons deployment,Promote harmony in labor relations,Prioritize social harmony,Progressive
R_4FLm8y8kK1mK1K9,Male,Capital Area,62,University,5,Green Justice Party,Yoon Suk-yeol,Stronger real estate taxation,Pursue diplomacy based on national interest,Independent nuclear armament,Implement universal job guarantee,Prioritize social harmony,Other
R_4K3JgItvITB4JeC,Male,Capital Area,48,Junior college,5,Democratic Party,Lee Jae-myung,Reduced real estate tax burden,Early restart of economic cooperation with North Korea,Oppose nuclear weapons deployment,Promote harmony in labor relations,Quick enactment of anti-discrimination law,Progressive
R_4zN5FDJIRQPU0gM,Male,Capital Area,55,Graduate school,2,Other,심상정,Major expansion of public housing,Pursue diplomacy based on national interest,Independent nuclear armament,Promote harmony in labor relations,Quick enactment of anti-discrimination law,Progressive
R_4f3YEM5M8c98kOJ,Male,Capital Area,69,University,5,Democratic Party,Lee Jae-myung,Major expansion of public housing,Early restart of economic cooperation with North Korea,Oppose nuclear weapons deployment,Implement universal job guarantee,Consensus before anti-discrimination law,Progressive
R_43ayYIHaTFUur3H,Male,Capital Area,69,University,5,Other,Lee Jae-myung,Stronger real estate taxation,Balanced diplomacy between US and China,Independent nuclear armament,Promote harmony in labor relations,Prioritize social harmony,Progressive
R_4ovDQpwhXwmeGHm,Male,Capital Area,62,University,6,Other,Did not vote,Reform of real estate policy,Pursue diplomacy based on national interest,Reflect national interest in nuclear policy,Promote harmony in labor relations,Prioritize social harmony,Progressive
R_4WAsyooAeyGxb75,Male,Chungcheong-Honam,67,University,4,Democratic Party,Lee Jae-myung,Reduced real estate tax burden,Early restart of economic cooperation with North Korea,Reflect national interest in nuclear policy,Implement universal job guarantee,Quick enactment of anti-discrimination law,Progressive
R_4DcHvwm5rIJTfmp,Male,Capital Area,67,University,6,Other,Yoon Suk-yeol,Major expansion of public housing,Emphasize ROK-US alliance,Independent nuclear armament,Flexible work hours,Prioritize social harmony,Conservative
R_4fsjFXltBN2k35v,Male,Capital Area,71,Graduate school,6,Other,Yoon Suk-yeol,Major expansion of public housing,Pursue diplomacy based on national interest,Reflect national interest in nuclear policy,Promote harmony in labor relations,Consensus before anti-discrimination law,Conservative
R_40p2oEyASphuaYN,Male,Capital Area,58,University,5,Other,Lee Jae-myung,Reform of real estate policy,Pursue diplomacy based on national interest,Oppose nuclear weapons deployment,Promote harmony in labor relations,Consensus before anti-discrimination law,Progressive
R_45QL06zVhGLdEbn,Male,Capital Area,61,University,8,People Power Party,Yoon Suk-yeol,Reduced real estate tax burden,Pursue diplomacy based on national interest,US tactical nukes and nuclear sharing if needed,Implement universal job guarantee,Prioritize social harmony,Conservative
R_40xFytqVzSzp3qx,Male,Capital Area,58,University,5,Democratic Party,Lee Jae-myung,Major expansion of public housing,Balanced diplomacy between US and China,Independent nuclear armament,Implement universal job guarantee,Consensus before anti-discrimination law,Progressive
R_4GvotNsHwOl7zbJ,Male,Capital Area,63,Junior college,3,Other,Lee Jae-myung,Major expansion of public housing,Early restart of economic cooperation with North Korea,Independent nuclear armament,Flexible work hours,Quick enactment of anti-discrimination law,Progressive
R_4F2nMLspHnwFVPH,Male,Capital Area,55,University,3,Democratic Party,Lee Jae-myung,Major expansion of public housing,Pursue diplomacy based on national interest,US tactical nukes and nuclear sharing if needed,Implement universal job guarantee,Prioritize social harmony,Progressive
R_4zuxaAGAtYsjrZd,Male,Capital Area,63,University,4,Democratic Party,Lee Jae-myung,Stronger real estate taxation,Pursue diplomacy based on national interest,Independent nuclear armament,Promote harmony in labor relations,Consensus before anti-discrimination law,Progressive
R_4F2II0wo3w4PoVl,Male,Capital Area,69,Junior college,1,Democratic Party,Lee Jae-myung,Major expansion of public housing,Pursue diplomacy based on national interest,Oppose nuclear weapons deployment,Implement universal job guarantee,Quick enactment of anti-discrimination law,Progressive
R_45XGRDm2QQvme9q,Male,Capital Area,66,University,5,Other,Did not vote,Major expansion of public housing,Balanced diplomacy between US and China,US tactical nukes and nuclear sharing if needed,Flexible work hours,Quick enactment of anti-discrimination law,Conservative
R_4oQOxzbfJqnheAx,Male,Capital Area,70,University,9,People Power Party,Yoon Suk-yeol,Reduced real estate tax burden,Pursue diplomacy based on national interest,US tactical nukes and nuclear sharing if needed,Promote harmony in labor relations,Consensus before anti-discrimination law,Conservative
R_4KUrnA70hdHH99T,Male,Capital Area,57,Graduate school,5,Democratic Party,Did not vote,Reduced real estate tax burden,Balanced diplomacy between US and China,Independent nuclear armament,Promote harmony in labor relations,Prioritize social harmony,Progressive
R_41AN1bFzbLqV8PP,Male,Capital Area,70,University,7,People Power Party,Yoon Suk-yeol,Reform of real estate policy,Pursue diplomacy based on national interest,Independent nuclear armament,Flexible work hours,Prioritize social harmony,Conservative
R_4gTP8mZGLgm9l57,Male,Capital Area,59,University,5,Other,Lee Jae-myung,Reform of real estate policy,Balanced diplomacy between US and China,Independent nuclear armament,Implement universal job guarantee,Quick enactment of anti-discrimination law,Conservative
R_40q2HrfxzEn8Wp3,Male,Capital Area,68,University,10,People Power Party,Yoon Suk-yeol,Reform of real estate policy,Emphasize ROK-US alliance,US tactical nukes and nuclear sharing if needed,Promote harmony in labor relations,Consensus before anti-discrimination law,Conservative
R_4MG8dbrXyh1l8gN,Male,Capital Area,83,Graduate school,9,People Power Party,Yoon Suk-yeol,Stronger real estate taxation,Pursue diplomacy based on national interest,Reflect national interest in nuclear policy,Promote harmony in labor relations,Oppose comprehensive anti-discrimination law,Conservative
R_4tA6yuE46FDbKlr,Female,Capital Area,59,University,6,Other,심상정,Reduced real estate tax burden,Pursue diplomacy based on national interest,Oppose nuclear weapons deployment,Implement universal job guarantee,Oppose comprehensive anti-discrimination law,Other
R_4O66OPkk6Xt4H0D,Male,Capital Area,64,High school,10,People Power Party,Yoon Suk-yeol,Reform of real estate policy,Emphasize ROK-US alliance,Independent nuclear armament,Flexible work hours,Consensus before anti-discrimination law,Conservative
R_43wISATh56Mrpmd,Male,Capital Area,64,University,5,Democratic Party,Lee Jae-myung,Reform of real estate policy,Balanced diplomacy between US and China,US tactical nukes and nuclear sharing if needed,Phase in 4.5-day workweek,Quick enactment of anti-discrimination law,Other
R_4Jo2EDfZdhclTRn,Male,Capital Area,58,Junior college,5,Democratic Party,Lee Jae-myung,Major expansion of public housing,Pursue diplomacy based on national interest,Reflect national interest in nuclear policy,Implement universal job guarantee,Quick enactment of anti-discrimination law,Progressive
R_40fzomr04V9JXiN,Male,Capital Area,55,University,8,Other,Yoon Suk-yeol,Reduced real estate tax burden,Emphasize ROK-US alliance,Reflect national interest in nuclear policy,Flexible work hours,Consensus before anti-discrimination law,Other
R_4sh6hDRSA2uHj2D,Male,Capital Area,58,University,8,Other,Did not vote,Stronger real estate taxation,Balanced diplomacy between US and China,Independent nuclear armament,Flexible work hours,Quick enactment of anti-discrimination law,Other
R_4OSQW6cdHe76HUX,Male,Capital Area,57,Graduate school,1,Democratic Party,Lee Jae-myung,Major expansion of public housing,Early restart of economic cooperation with North Korea,Independent nuclear armament,Phase in 4.5-day workweek,Quick enactment of anti-discrimination law,Progressive
R_4DYbmw5o5lT7Jfy,Male,Capital Area,57,University,5,Democratic Party,Lee Jae-myung,Major expansion of public housing,Early restart of economic cooperation with North Korea,Oppose nuclear weapons deployment,Promote harmony in labor relations,Prioritize social harmony,Conservative
R_4PFcVUvx5HsjcFC,Female,Capital Area,40,University,5,Green Justice Party,심상정,Stronger real estate taxation,Emphasize ROK-US alliance,Independent nuclear armament,Implement universal job guarantee,Oppose comprehensive anti-discrimination law,Other
R_4ONWUPATuzQIMbA,Male,Capital Area,57,University,5,Democratic Party,Lee Jae-myung,Reform of real estate policy,Pursue diplomacy based on national interest,Oppose nuclear weapons deployment,Implement universal job guarantee,Quick enactment of anti-discrimination law,Progressive
R_4ZOcqn2YvXDBget,Male,Capital Area,51,University,7,People Power Party,Yoon Suk-yeol,Reduced real estate tax burden,Pursue diplomacy based on national interest,Independent nuclear armament,Implement universal job guarantee,Consensus before anti-discrimination law,Conservative
R_4MqyC0bfhR8ELux,Male,Capital Area,61,University,6,Other,Lee Jae-myung,Reduced real estate tax burden,Pursue diplomacy based on national interest,Independent nuclear armament,Flexible work hours,Quick enactment of anti-discrimination law,Other
R_4LSUqY1VEqS10iP,Male,Yeongnam,74,Middle school,8,People Power Party,Yoon Suk-yeol,Major expansion of public housing,Balanced diplomacy between US and China,Reflect national interest in nuclear policy,Flexible work hours,Prioritize social harmony,Conservative
R_4qIjmwyjjsdBROx,Male,Chungcheong-Honam,55,High school,8,People Power Party,Yoon Suk-yeol,Reduced real estate tax burden,Balanced diplomacy between US and China,Independent nuclear armament,Flexible work hours,Quick enactment of anti-discrimination law,Conservative
R_4WxoDLBxHLHIhTX,Male,Capital Area,60,Graduate school,8,People Power Party,Yoon Suk-yeol,Reform of real estate policy,Emphasize ROK-US alliance,US tactical nukes and nuclear sharing if needed,Flexible work hours,Oppose comprehensive anti-discrimination law,Conservative
R_4oFqAnP7BXHRtqo,Male,Capital Area,55,High school,5,Democratic Party,Lee Jae-myung,Major expansion of public housing,Early restart of economic cooperation with North Korea,Independent nuclear armament,Implement universal job guarantee,Consensus before anti-discrimination law,Progressive
R_4TB4yzgnidPn7Gn,Male,Capital Area,60,High school,2,Democratic Party,Lee Jae-myung,Major expansion of public housing,Early restart of economic cooperation with North Korea,Oppose nuclear weapons deployment,Phase in 4.5-day workweek,Quick enactment of anti-discrimination law,Progressive
R_4fkrbAAruaxChaN,Male,Capital Area,57,High school,2,Democratic Party,Lee Jae-myung,Major expansion of public housing,Early restart of economic cooperation with North Korea,Independent nuclear armament,Promote harmony in labor relations,Prioritize social harmony,Progressive
R_4EEwjcb3xuOxbY0,Male,Capital Area,62,High school,5,Other,다른 후보,Reduced real estate tax burden,Pursue diplomacy based on national interest,Independent nuclear armament,Flexible work hours,Prioritize social harmony,Other
R_41ynxNjo5mruNRj,Male,Capital Area,56,University,4,Democratic Party,Lee Jae-myung,Major expansion of public housing,Pursue diplomacy based on national interest,Reflect national interest in nuclear policy,Phase in 4.5-day workweek,Prioritize social harmony,Progressive
R_4DvccgHQg4gjO1M,Male,Capital Area,59,University,5,People Power Party,Yoon Suk-yeol,Major expansion of public housing,Pursue diplomacy based on national interest,US tactical nukes and nuclear sharing if needed,Promote harmony in labor relations,Prioritize social harmony,Conservative
R_4fqRydztUXbtBxV,Male,Capital Area,65,University,6,People Power Party,Yoon Suk-yeol,Reduced real estate tax burden,Early restart of economic cooperation with North Korea,US tactical nukes and nuclear sharing if needed,Implement universal job guarantee,Quick enactment of anti-discrimination law,Conservative
R_4Fy3Z64Z9TMJsH6,Male,Capital Area,55,Junior college,5,Democratic Party,다른 후보,Reform of real estate policy,Balanced diplomacy between US and China,Independent nuclear armament,Implement universal job guarantee,Quick enactment of anti-discrimination law,Progressive
R_4Ic6bNhcx89hKAk,Male,Capital Area,56,University,5,Democratic Party,Lee Jae-myung,Major expansion of public housing,Pursue diplomacy based on national interest,Independent nuclear armament,Flexible work hours,Prioritize social harmony,Progressive
R_4gBI9V1IRIG4Q2L,Male,Chungcheong-Honam,65,Graduate school,7,Democratic Party,Lee Jae-myung,Reform of real estate policy,Pursue diplomacy based on national interest,US tactical nukes and nuclear sharing if needed,Implement universal job guarantee,Consensus before anti-discrimination law,Progressive
R_4TWa0pkJEg5kwo1,Male,Capital Area,57,Graduate school,8,Democratic Party,Lee Jae-myung,Reduced real estate tax burden,Pursue diplomacy based on national interest,Reflect national interest in nuclear policy,Flexible work hours,Consensus before anti-discrimination law,Progressive
R_49kBTZXQXeBtyY9,Male,Capital Area,68,High school,3,Democratic Party,Lee Jae-myung,Major expansion of public housing,Pursue diplomacy based on national interest,Independent nuclear armament,Phase in 4.5-day workweek,Quick enactment of anti-discrimination law,Progressive
R_4DlIbWFNkTx8dod,Male,Yeongnam,75,University,10,People Power Party,Yoon Suk-yeol,Reform of real estate policy,Pursue diplomacy based on national interest,US tactical nukes and nuclear sharing if needed,Implement universal job guarantee,Oppose comprehensive anti-discrimination law,Conservative
R_4YEeavZJrXrRyHY,Male,Capital Area,58,Graduate school,5,Other,Yoon Suk-yeol,Reduced real estate tax burden,Emphasize ROK-US alliance,Independent nuclear armament,Promote harmony in labor relations,Prioritize social harmony,Conservative
R_4dz5aPKrGBnZHE4,Male,Capital Area,56,University,5,Democratic Party,Lee Jae-myung,Reform of real estate policy,Pursue diplomacy based on national interest,Reflect national interest in nuclear policy,Phase in 4.5-day workweek,Prioritize social harmony,Other
R_4Mie2uOPRXcAVft,Male,Capital Area,56,Junior college,4,Democratic Party,Lee Jae-myung,Reform of real estate policy,Pursue diplomacy based on national interest,Independent nuclear armament,Implement universal job guarantee,Quick enactment of anti-discrimination law,Progressive
R_4QZZqAeM7QnepEJ,Male,Capital Area,62,Graduate school,2,Democratic Party,Lee Jae-myung,Reform of real estate policy,Pursue diplomacy based on national interest,Oppose nuclear weapons deployment,Promote harmony in labor relations,Quick enactment of anti-discrimination law,Progressive
R_4P5sSrDeOpGJ7N8,Male,Capital Area,64,Graduate school,2,Green Justice Party,Did not vote,Reform of real estate policy,Balanced diplomacy between US and China,Independent nuclear armament,Implement universal job guarantee,Consensus before anti-discrimination law,Conservative
R_47mZ9to6aXdiFDb,Male,Capital Area,64,University,5,Other,다른 후보,Reduced real estate tax burden,Pursue diplomacy based on national interest,Independent nuclear armament,Promote harmony in labor relations,Quick enactment of anti-discrimination law,Conservative
R_4eqRDQxhCKidkym,Male,Chungcheong-Honam,69,Graduate school,5,People Power Party,Yoon Suk-yeol,Reduced real estate tax burden,Emphasize ROK-US alliance,US tactical nukes and nuclear sharing if needed,Promote harmony in labor relations,Oppose comprehensive anti-discrimination law,Conservative
R_4s5k9EoYiRSVQhr,Male,Capital Area,59,Graduate school,4,Democratic Party,Lee Jae-myung,Stronger real estate taxation,Balanced diplomacy between US and China,Independent nuclear armament,Promote harmony in labor relations,Prioritize social harmony,Other
R_4ZbBnpHGlxKJ4MV,Male,Capital Area,39,University,6,Other,Yoon Suk-yeol,Reduced real estate tax burden,Emphasize ROK-US alliance,US tactical nukes and nuclear sharing if needed,Implement universal job guarantee,Prioritize social harmony,Conservative
R_4q8Jw7wRnfZlELp,Male,Capital Area,67,University,9,People Power Party,Yoon Suk-yeol,Major expansion of public housing,Balanced diplomacy between US and China,Independent nuclear armament,Promote harmony in labor relations,Oppose comprehensive anti-discrimination law,Conservative
R_4roy1WZNzVc27CM,Male,Capital Area,61,University,8,People Power Party,Did not vote,Reduced real estate tax burden,Emphasize ROK-US alliance,Independent nuclear armament,Phase in 4.5-day workweek,Consensus before anti-discrimination law,Conservative
R_4diEvWVivKIxA6w,Male,Capital Area,55,Junior college,5,Other,Yoon Suk-yeol,Reform of real estate policy,Pursue diplomacy based on national interest,Independent nuclear armament,Implement universal job guarantee,Oppose comprehensive anti-discrimination law,Other
R_4IcmGubhkEOHAFL,Male,Yeongnam,57,Junior college,5,Other,Yoon Suk-yeol,Reform of real estate policy,Pursue diplomacy based on national interest,Reflect national interest in nuclear policy,Phase in 4.5-day workweek,Prioritize social harmony,Progressive
R_4iEZBlRhLYmHv2B,Male,Capital Area,64,University,3,Democratic Party,Lee Jae-myung,Stronger real estate taxation,Pursue diplomacy based on national interest,Reflect national interest in nuclear policy,Phase in 4.5-day workweek,Consensus before anti-discrimination law,Progressive
R_4MJth1UGCzGYsun,Male,Capital Area,60,University,6,People Power Party,Yoon Suk-yeol,Reduced real estate tax burden,Pursue diplomacy based on national interest,Independent nuclear armament,Phase in 4.5-day workweek,Consensus before anti-discrimination law,Progressive
R_4EoQmVVE4Lixfrw,Male,Capital Area,40,University,6,People Power Party,Lee Jae-myung,Reduced real estate tax burden,Balanced diplomacy between US and China,Independent nuclear armament,Implement universal job guarantee,Prioritize social harmony,Conservative
R_4mZCFgetVFmD6Uh,Male,Chungcheong-Honam,76,University,5,Other,Lee Jae-myung,Reform of real estate policy,Balanced diplomacy between US and China,Independent nuclear armament,Phase in 4.5-day workweek,Consensus before anti-discrimination law,Progressive
R_4rTVmvV1jh9F1Kj,Male,Capital Area,66,University,5,Democratic Party,Lee Jae-myung,Major expansion of public housing,Pursue diplomacy based on national interest,Reflect national interest in nuclear policy,Implement universal job guarantee,Prioritize social harmony,Progressive
R_4jqUxqZPWQthPwJ,Male,Chungcheong-Honam,61,University,3,Other,Yoon Suk-yeol,Reform of real estate policy,Balanced diplomacy between US and China,US tactical nukes and nuclear sharing if needed,Phase in 4.5-day workweek,Consensus before anti-discrimination law,Other
R_4kpI0OcEOjtYN2p,Male,Capital Area,58,University,5,People Power Party,Yoon Suk-yeol,Major expansion of public housing,Pursue diplomacy based on national interest,Independent nuclear armament,Phase in 4.5-day workweek,Prioritize social harmony,Conservative
R_4VwEpSxx20hh7Et,Male,Capital Area,55,High school,3,Democratic Party,Lee Jae-myung,Stronger real estate taxation,Balanced diplomacy between US and China,Reflect national interest in nuclear policy,Implement universal job guarantee,Consensus before anti-discrimination law,Progressive
R_4KQ1esa8Bdu5LIN,Male,Capital Area,57,Graduate school,6,People Power Party,Yoon Suk-yeol,Reduced real estate tax burden,Emphasize ROK-US alliance,Independent nuclear armament,Promote harmony in labor relations,Consensus before anti-discrimination law,Other
R_42HCPv1ZHKHLjPz,Male,Capital Area,55,University,6,People Power Party,Yoon Suk-yeol,Reduced real estate tax burden,Pursue diplomacy based on national interest,US tactical nukes and nuclear sharing if needed,Promote harmony in labor relations,Oppose comprehensive anti-discrimination law,Conservative
R_4OrcYIQXx9GZctc,Male,Capital Area,69,University,9,People Power Party,Yoon Suk-yeol,Reduced real estate tax burden,Emphasize ROK-US alliance,US tactical nukes and nuclear sharing if needed,Implement universal job guarantee,Oppose comprehensive anti-discrimination law,Conservative
R_4bOmH108AYpHsyt,Male,Capital Area,79,University,9,People Power Party,Yoon Suk-yeol,Reduced real estate tax burden,Pursue diplomacy based on national interest,US tactical nukes and nuclear sharing if needed,Promote harmony in labor relations,Quick enactment of anti-discrimination law,Conservative
R_4lzv2g8ukjupUpC,Male,Capital Area,57,University,7,Democratic Party,Lee Jae-myung,Reform of real estate policy,Pursue diplomacy based on national interest,Reflect national interest in nuclear policy,Promote harmony in labor relations,Oppose comprehensive anti-discrimination law,Conservative
R_4GDrTpcHSyZXqC4,Male,Capital Area,69,Graduate school,7,People Power Party,Yoon Suk-yeol,Reform of real estate policy,Pursue diplomacy based on national interest,Independent nuclear armament,Promote harmony in labor relations,Consensus before anti-discrimination law,Conservative
R_4CglGTLmrRGJsyH,Male,Capital Area,59,University,6,People Power Party,Yoon Suk-yeol,Major expansion of public housing,Emphasize ROK-US alliance,Independent nuclear armament,Promote harmony in labor relations,Quick enactment of anti-discrimination law,Progressive
R_452uETZvhxb0w2R,Male,Capital Area,59,University,4,Democratic Party,Lee Jae-myung,Major expansion of public housing,Early restart of economic cooperation with North Korea,Oppose nuclear weapons deployment,Phase in 4.5-day workweek,Quick enactment of anti-discrimination law,Progressive
R_4M05osWXBoJNnEQ,Male,Capital Area,63,University,8,Other,Yoon Suk-yeol,Major expansion of public housing,Emphasize ROK-US alliance,Reflect national interest in nuclear policy,Flexible work hours,Oppose comprehensive anti-discrimination law,Conservative
R_4ZbTvm3x0INKK8V,Male,Yeongnam,62,University,2,Democratic Party,Lee Jae-myung,Major expansion of public housing,Early restart of economic cooperation with North Korea,Reflect national interest in nuclear policy,Phase in 4.5-day workweek,Quick enactment of anti-discrimination law,Progressive
R_4bZfW2LsLTnPbC6,Male,Capital Area,59,Graduate school,5,Democratic Party,Lee Jae-myung,Major expansion of public housing,Balanced diplomacy between US and China,Oppose nuclear weapons deployment,Phase in 4.5-day workweek,Quick enactment of anti-discrimination law,Progressive
R_4v349H5q7Xd1hlo,Male,Capital Area,55,University,4,Democratic Party,Lee Jae-myung,Stronger real estate taxation,Pursue diplomacy based on national interest,Oppose nuclear weapons deployment,Phase in 4.5-day workweek,Prioritize social harmony,Progressive
R_4DXZXCENGen5T4S,Male,Chungcheong-Honam,61,University,3,Democratic Party,Lee Jae-myung,Major expansion of public housing,Early restart of economic cooperation with North Korea,Reflect national interest in nuclear policy,Implement universal job guarantee,Quick enactment of anti-discrimination law,Other
R_4QJXjZgR8jACsIV,Male,Yeongnam,59,University,4,Green Justice Party,Lee Jae-myung,Major expansion of public housing,Pursue diplomacy based on national interest,Reflect national interest in nuclear policy,Promote harmony in labor relations,Oppose comprehensive anti-discrimination law,Other
R_4k7Ve4Oz1FBbm2l,Male,Yeongnam,60,University,9,People Power Party,Yoon Suk-yeol,Major expansion of public housing,Pursue diplomacy based on national interest,US tactical nukes and nuclear sharing if needed,Phase in 4.5-day workweek,Consensus before anti-discrimination law,Conservative
R_4lxzmclChizTuto,Male,Capital Area,38,University,6,People Power Party,Yoon Suk-yeol,Stronger real estate taxation,Early restart of economic cooperation with North Korea,Oppose nuclear weapons deployment,Promote harmony in labor relations,Oppose comprehensive anti-discrimination law,Conservative
R_4G1w3y8KxUQ7zxz,Male,Capital Area,41,High school,5,Other,Did not vote,Reform of real estate policy,Pursue diplomacy based on national interest,Independent nuclear armament,Phase in 4.5-day workweek,Consensus before anti-discrimination law,Other
R_4EJS7heS5HNOsdw,Male,Capital Area,62,University,1,Green Justice Party,심상정,Major expansion of public housing,Early restart of economic cooperation with North Korea,Independent nuclear armament,Implement universal job guarantee,Consensus before anti-discrimination law,Other
R_4HN84EQpQih4a4p,Male,Chungcheong-Honam,55,University,5,Other,Yoon Suk-yeol,Reform of real estate policy,Pursue diplomacy based on national interest,Independent nuclear armament,Promote harmony in labor relations,Prioritize social harmony,Conservative
R_4ir1XOqhCvkFdR5,Male,Capital Area,59,Graduate school,5,Democratic Party,Lee Jae-myung,Reduced real estate tax burden,Balanced diplomacy between US and China,US tactical nukes and nuclear sharing if needed,Promote harmony in labor relations,Prioritize social harmony,Progressive
R_4TGFRko7paWT5MQ,Male,Capital Area,62,University,5,Democratic Party,Lee Jae-myung,Major expansion of public housing,Balanced diplomacy between US and China,Oppose nuclear weapons deployment,Phase in 4.5-day workweek,Quick enactment of anti-discrimination law,Progressive
R_4A1oO3oaoVI2fpr,Male,Chungcheong-Honam,56,University,5,Democratic Party,Yoon Suk-yeol,Reduced real estate tax burden,Pursue diplomacy based on national interest,Independent nuclear armament,Implement universal job guarantee,Consensus before anti-discrimination law,Conservative
R_4VsEXCBAPwbBMM3,Male,Capital Area,49,Graduate school,5,Democratic Party,Lee Jae-myung,Major expansion of public housing,Pursue diplomacy based on national interest,Reflect national interest in nuclear policy,Implement universal job guarantee,Quick enactment of anti-discrimination law,Progressive
R_4eEBfgirU7FPiM1,Male,Capital Area,64,Junior college,5,Other,심상정,Major expansion of public housing,Pursue diplomacy based on national interest,Reflect national interest in nuclear policy,Promote harmony in labor relations,Prioritize social harmony,Conservative
R_4IoblO3oLNWAZCg,Male,Chungcheong-Honam,60,University,4,Democratic Party,Lee Jae-myung,Reduced real estate tax burden,Pursue diplomacy based on national interest,Independent nuclear armament,Flexible work hours,Consensus before anti-discrimination law,Progressive
R_49Qo0FrPTZh6PKh,Male,Capital Area,60,University,5,Democratic Party,Lee Jae-myung,Major expansion of public housing,Early restart of economic cooperation with North Korea,Oppose nuclear weapons deployment,Phase in 4.5-day workweek,Quick enactment of anti-discrimination law,Progressive
R_4DveP3ebt0KCVXl,Male,Capital Area,62,Junior college,5,Other,다른 후보,Stronger real estate taxation,Pursue diplomacy based on national interest,Independent nuclear armament,Promote harmony in labor relations,Quick enactment of anti-discrimination law,Progressive
R_4QJil9ohVJBXs65,Male,Capital Area,30,University,9,People Power Party,Lee Jae-myung,Reform of real estate policy,Balanced diplomacy between US and China,Reflect national interest in nuclear policy,Promote harmony in labor relations,Oppose comprehensive anti-discrimination law,Conservative
R_4r0MPbxEjlZmzlr,Male,Chungcheong-Honam,61,University,4,People Power Party,Lee Jae-myung,Reduced real estate tax burden,Balanced diplomacy between US and China,Independent nuclear armament,Implement universal job guarantee,Consensus before anti-discrimination law,Conservative
R_4NaGglbW2s8hqlZ,Male,Capital Area,57,University,5,Democratic Party,Lee Jae-myung,Reduced real estate tax burden,Balanced diplomacy between US and China,Oppose nuclear weapons deployment,Flexible work hours,Oppose comprehensive anti-discrimination law,Progressive
R_40tNqBozrFfT5hp,Male,Capital Area,69,High school,10,People Power Party,Yoon Suk-yeol,Major expansion of public housing,Pursue diplomacy based on national interest,Reflect national interest in nuclear policy,Flexible work hours,Consensus before anti-discrimination law,Conservative
R_4fAV702YhiC8mnc,Male,Yeongnam,56,University,5,Democratic Party,Lee Jae-myung,Major expansion of public housing,Balanced diplomacy between US and China,US tactical nukes and nuclear sharing if needed,Promote harmony in labor relations,Oppose comprehensive anti-discrimination law,Progressive
R_4LKtVoeJo2h4Y9P,Male,Capital Area,59,Graduate school,4,Democratic Party,Lee Jae-myung,Major expansion of public housing,Balanced diplomacy between US and China,US tactical nukes and nuclear sharing if needed,Phase in 4.5-day workweek,Consensus before anti-discrimination law,Progressive
R_4zynlTU2PG2S5TH,Male,Capital Area,55,Junior college,4,People Power Party,심상정,Reduced real estate tax burden,Balanced diplomacy between US and China,Reflect national interest in nuclear policy,Implement universal job guarantee,Consensus before anti-discrimination law,Progressive
R_4nGxRyaVr2h81DX,Male,Capital Area,62,High school,7,Other,Yoon Suk-yeol,Reduced real estate tax burden,Early restart of economic cooperation with North Korea,Reflect national interest in nuclear policy,Flexible work hours,Prioritize social harmony,Conservative
R_4Qob2iUwffWqa0B,Male,Capital Area,66,University,6,People Power Party,Yoon Suk-yeol,Reduced real estate tax burden,Pursue diplomacy based on national interest,Independent nuclear armament,Phase in 4.5-day workweek,Oppose comprehensive anti-discrimination law,Conservative
R_4onDs9HAudm40v1,Male,Capital Area,69,Junior college,8,People Power Party,Yoon Suk-yeol,Reduced real estate tax burden,Pursue diplomacy based on national interest,Independent nuclear armament,Flexible work hours,Oppose comprehensive anti-discrimination law,Conservative
R_4SITmsiakzTsl8d,Male,Capital Area,60,University,5,Democratic Party,Lee Jae-myung,Stronger real estate taxation,Pursue diplomacy based on national interest,Reflect national interest in nuclear policy,Promote harmony in labor relations,Prioritize social harmony,Progressive
R_4FynbntpVc8uy8V,Male,Capital Area,53,University,2,Democratic Party,Lee Jae-myung,Major expansion of public housing,Balanced diplomacy between US and China,Oppose nuclear weapons deployment,Phase in 4.5-day workweek,Quick enactment of anti-discrimination law,Progressive
R_4M5kgnvwu8U10fG,Male,Yeongnam,58,University,1,Democratic Party,Lee Jae-myung,Reform of real estate policy,Balanced diplomacy between US and China,Independent nuclear armament,Flexible work hours,Oppose comprehensive anti-discrimination law,Progressive
R_42XXZbshr2mRfy7,Male,Chungcheong-Honam,65,University,5,Other,Lee Jae-myung,Reduced real estate tax burden,Balanced diplomacy between US and China,US tactical nukes and nuclear sharing if needed,Implement universal job guarantee,Quick enactment of anti-discrimination law,Progressive
R_4k1XkIEoYNWIsQf,Male,Capital Area,56,University,5,People Power Party,Yoon Suk-yeol,Reform of real estate policy,Pursue diplomacy based on national interest,US tactical nukes and nuclear sharing if needed,Promote harmony in labor relations,Quick enactment of anti-discrimination law,Other
R_4tFpOHZWc7A77lD,Male,Yeongnam,69,University,4,Democratic Party,Lee Jae-myung,Major expansion of public housing,Pursue diplomacy based on national interest,Oppose nuclear weapons deployment,Implement universal job guarantee,Oppose comprehensive anti-discrimination law,Progressive
R_4ShnTsHAfJy0SCR,Male,Capital Area,57,University,6,People Power Party,Yoon Suk-yeol,Major expansion of public housing,Pursue diplomacy based on national interest,Independent nuclear armament,Implement universal job guarantee,Quick enactment of anti-discrimination law,Conservative
R_4dEyNiwATCqRRwU,Male,Capital Area,61,High school,5,Other,Lee Jae-myung,Major expansion of public housing,Pursue diplomacy based on national interest,Oppose nuclear weapons deployment,Phase in 4.5-day workweek,Quick enactment of anti-discrimination law,Other
R_4FjO4y7qG2JqyYN,Male,Capital Area,72,High school,8,People Power Party,Yoon Suk-yeol,Reduced real estate tax burden,Pursue diplomacy based on national interest,Independent nuclear armament,Flexible work hours,Oppose comprehensive anti-discrimination law,Conservative
R_4ebIKInzEv1O717,Male,Capital Area,61,University,5,Other,Lee Jae-myung,Reduced real estate tax burden,Pursue diplomacy based on national interest,Reflect national interest in nuclear policy,Phase in 4.5-day workweek,Prioritize social harmony,Other
R_4noxIoWZK4tcSLu,Male,Capital Area,64,University,6,Other,Yoon Suk-yeol,Major expansion of public housing,Pursue diplomacy based on national interest,US tactical nukes and nuclear sharing if needed,Implement universal job guarantee,Consensus before anti-discrimination law,Conservative
R_4gCwnmTZvoiyZdw,Male,Capital Area,57,Graduate school,3,Democratic Party,Lee Jae-myung,Stronger real estate taxation,Pursue diplomacy based on national interest,Oppose nuclear weapons deployment,Phase in 4.5-day workweek,Prioritize social harmony,Progressive
R_4BQQR1NAo72ssuI,Male,Yeongnam,56,High school,10,People Power Party,Yoon Suk-yeol,Major expansion of public housing,Pursue diplomacy based on national interest,Independent nuclear armament,Phase in 4.5-day workweek,Quick enactment of anti-discrimination law,Conservative
R_4rY5tBrWnmpdTz3,Male,Capital Area,58,University,3,Democratic Party,Lee Jae-myung,Major expansion of public housing,Pursue diplomacy based on national interest,Independent nuclear armament,Implement universal job guarantee,Consensus before anti-discrimination law,Progressive
R_478PSy1jG0FH0lP,Male,Capital Area,67,University,4,Other,Yoon Suk-yeol,Reform of real estate policy,Pursue diplomacy based on national interest,Independent nuclear armament,Promote harmony in labor relations,Prioritize social harmony,Other
R_4wgkD7kH189XhJ1,Male,Capital Area,65,University,4,Democratic Party,Lee Jae-myung,Major expansion of public housing,Pursue diplomacy based on national interest,Independent nuclear armament,Flexible work hours,Prioritize social harmony,Conservative
R_4FJWG9DmUaSyBri,Male,Capital Area,60,University,7,People Power Party,Yoon Suk-yeol,Reduced real estate tax burden,Emphasize ROK-US alliance,Reflect national interest in nuclear policy,Implement universal job guarantee,Prioritize social harmony,Progressive
R_4pqYU4bxGQT0Ub7,Male,Capital Area,62,University,3,Democratic Party,Lee Jae-myung,Reduced real estate tax burden,Pursue diplomacy based on national interest,Independent nuclear armament,Promote harmony in labor relations,Consensus before anti-discrimination law,Progressive
R_4Gj0ltwKp98FLaa,Male,Capital Area,49,University,5,Other,Yoon Suk-yeol,Major expansion of public housing,Pursue diplomacy based on national interest,Independent nuclear armament,Promote harmony in labor relations,Prioritize social harmony,Other
R_4JVJl8h8nz3TQ4j,Male,Capital Area,67,University,5,People Power Party,Yoon Suk-yeol,Major expansion of public housing,Pursue diplomacy based on national interest,Independent nuclear armament,Promote harmony in labor relations,Prioritize social harmony,Conservative
R_4016dje6IP45LcB,Male,Chungcheong-Honam,64,Graduate school,1,People Power Party,다른 후보,Reduced real estate tax burden,Pursue diplomacy based on national interest,Independent nuclear armament,Flexible work hours,Quick enactment of anti-discrimination law,Conservative
R_4qPCyr1gqYTRLit,Male,Capital Area,48,University,5,Democratic Party,Lee Jae-myung,Reform of real estate policy,Balanced diplomacy between US and China,Oppose nuclear weapons deployment,Promote harmony in labor relations,Consensus before anti-discrimination law,Progressive
R_4CxxaYDj5jw3D8p,Male,Capital Area,66,Graduate school,6,People Power Party,Yoon Suk-yeol,Reform of real estate policy,Emphasize ROK-US alliance,Independent nuclear armament,Flexible work hours,Oppose comprehensive anti-discrimination law,Conservative
R_4XbQEXSsKepOKDZ,Male,Yeongnam,67,University,7,Other,Yoon Suk-yeol,Reduced real estate tax burden,Pursue diplomacy based on national interest,Reflect national interest in nuclear policy,Flexible work hours,Consensus before anti-discrimination law,Conservative
R_4UfV7SH4JuMPu0x,Male,Capital Area,37,University,5,Other,Yoon Suk-yeol,Reduced real estate tax burden,Pursue diplomacy based on national interest,Independent nuclear armament,Implement universal job guarantee,Quick enactment of anti-discrimination law,Conservative
R_4c7M2JKhoYQz67b,Male,Capital Area,57,University,6,People Power Party,Yoon Suk-yeol,Stronger real estate taxation,Pursue diplomacy based on national interest,Reflect national interest in nuclear policy,Promote harmony in labor relations,Consensus before anti-discrimination law,Other
R_4olywEm811QKn97,Male,Capital Area,42,High school,7,People Power Party,Yoon Suk-yeol,Reform of real estate policy,Emphasize ROK-US alliance,Independent nuclear armament,Implement universal job guarantee,Consensus before anti-discrimination law,Conservative
R_4erVHCKuaNdeWpT,Female,Yeongnam,67,High school,6,People Power Party,Yoon Suk-yeol,Reduced real estate tax burden,Emphasize ROK-US alliance,US tactical nukes and nuclear sharing if needed,Flexible work hours,Consensus before anti-discrimination law,Conservative
R_4QGc6XdV7aF1IgE,Male,Capital Area,60,University,7,People Power Party,Yoon Suk-yeol,Major expansion of public housing,Emphasize ROK-US alliance,US tactical nukes and nuclear sharing if needed,Implement universal job guarantee,Quick enactment of anti-discrimination law,Conservative
R_4q5juUPRH6hjN7j,Male,Yeongnam,58,High school,4,Democratic Party,Lee Jae-myung,Reform of real estate policy,Pursue diplomacy based on national interest,Reflect national interest in nuclear policy,Implement universal job guarantee,Prioritize social harmony,Progressive
R_49cVECYkT9LxIlj,Male,Capital Area,67,Graduate school,5,Democratic Party,Lee Jae-myung,Major expansion of public housing,Pursue diplomacy based on national interest,Oppose nuclear weapons deployment,Implement universal job guarantee,Quick enactment of anti-discrimination law,Progressive
R_4fiqHtEQx80f0nE,Male,Yeongnam,66,High school,5,Other,Yoon Suk-yeol,Reform of real estate policy,Emphasize ROK-US alliance,Independent nuclear armament,Promote harmony in labor relations,Quick enactment of anti-discrimination law,Conservative
R_4riamJWPuSitXGr,Male,Capital Area,64,University,5,Other,Yoon Suk-yeol,Major expansion of public housing,Pursue diplomacy based on national interest,Independent nuclear armament,Implement universal job guarantee,Quick enactment of anti-discrimination law,Other
R_4LvQmdsuQJSv14x,Male,Capital Area,55,Graduate school,5,Democratic Party,Lee Jae-myung,Stronger real estate taxation,Pursue diplomacy based on national interest,Oppose nuclear weapons deployment,Phase in 4.5-day workweek,Oppose comprehensive anti-discrimination law,Progressive
R_4hSURvq8epfKPZV,Male,Capital Area,58,University,6,People Power Party,Yoon Suk-yeol,Reduced real estate tax burden,Pursue diplomacy based on national interest,US tactical nukes and nuclear sharing if needed,Promote harmony in labor relations,Prioritize social harmony,Conservative
R_4KTnXddEDZglmy2,Male,Chungcheong-Honam,63,Junior college,5,People Power Party,Lee Jae-myung,Major expansion of public housing,Pursue diplomacy based on national interest,Oppose nuclear weapons deployment,Flexible work hours,Consensus before anti-discrimination law,Conservative
R_4fjj5ytkjwQF29f,Male,Yeongnam,55,Junior college,5,Other,Did not vote,Reform of real estate policy,Emphasize ROK-US alliance,US tactical nukes and nuclear sharing if needed,Implement universal job guarantee,Consensus before anti-discrimination law,Conservative
R_4f7DD1a2arW3ui6,Male,Capital Area,55,Graduate school,7,People Power Party,Yoon Suk-yeol,Reduced real estate tax burden,Pursue diplomacy based on national interest,Reflect national interest in nuclear policy,Implement universal job guarantee,Consensus before anti-discrimination law,Conservative
R_43EEqBaJlIvZxvz,Male,Capital Area,55,University,5,Democratic Party,Lee Jae-myung,Major expansion of public housing,Balanced diplomacy between US and China,Oppose nuclear weapons deployment,Promote harmony in labor relations,Quick enactment of anti-discrimination law,Progressive
R_4W9gjYcdSuGh58B,Male,Capital Area,67,Graduate school,4,Other,Yoon Suk-yeol,Major expansion of public housing,Pursue diplomacy based on national interest,Reflect national interest in nuclear policy,Implement universal job guarantee,Prioritize social harmony,Other
R_4Pw1oWMMiLB0VFa,Male,Capital Area,58,University,3,Democratic Party,Lee Jae-myung,Major expansion of public housing,Early restart of economic cooperation with North Korea,Independent nuclear armament,Implement universal job guarantee,Quick enactment of anti-discrimination law,Progressive
R_4J8WbHUargRj1kd,Male,Capital Area,60,University,6,People Power Party,Yoon Suk-yeol,Major expansion of public housing,Emphasize ROK-US alliance,US tactical nukes and nuclear sharing if needed,Phase in 4.5-day workweek,Consensus before anti-discrimination law,Conservative
R_4LUaiAXgqbpVC9C,Male,Capital Area,59,University,5,Democratic Party,Lee Jae-myung,Reduced real estate tax burden,Pursue diplomacy based on national interest,Independent nuclear armament,Implement universal job guarantee,Quick enactment of anti-discrimination law,Progressive
R_4CkLrSofqhICrqf,Male,Yeongnam,62,University,7,People Power Party,Yoon Suk-yeol,Reform of real estate policy,Pursue diplomacy based on national interest,Reflect national interest in nuclear policy,Phase in 4.5-day workweek,Consensus before anti-discrimination law,Conservative
R_4ODNut0QHauE1Ft,Male,Chungcheong-Honam,57,University,5,Democratic Party,Lee Jae-myung,Major expansion of public housing,Pursue diplomacy based on national interest,Independent nuclear armament,Phase in 4.5-day workweek,Quick enactment of anti-discrimination law,Progressive
R_420fVMbmHACXwlA,Male,Yeongnam,63,University,5,Other,Did not vote,Reform of real estate policy,Emphasize ROK-US alliance,US tactical nukes and nuclear sharing if needed,Flexible work hours,Quick enactment of anti-discrimination law,Other
R_4doGORp5qqPHts8,Male,Capital Area,57,University,7,People Power Party,Yoon Suk-yeol,Major expansion of public housing,Early restart of economic cooperation with North Korea,Independent nuclear armament,Flexible work hours,Quick enactment of anti-discrimination law,Conservative
R_4VOy1ZpgvwZn3LH,Male,Capital Area,55,University,3,Democratic Party,Lee Jae-myung,Stronger real estate taxation,Early restart of economic cooperation with North Korea,Independent nuclear armament,Promote harmony in labor relations,Prioritize social harmony,Other
R_4DXK86Lq3BfsfzM,Male,Chungcheong-Honam,58,High school,2,Other,Lee Jae-myung,Reduced real estate tax burden,Balanced diplomacy between US and China,US tactical nukes and nuclear sharing if needed,Implement universal job guarantee,Consensus before anti-discrimination law,Progressive
R_4RvXwf7HsEG7qow,Male,Capital Area,59,University,7,People Power Party,Yoon Suk-yeol,Reduced real estate tax burden,Pursue diplomacy based on national interest,Reflect national interest in nuclear policy,Implement universal job guarantee,Quick enactment of anti-discrimination law,Conservative
R_437Mvn4yXAGrG77,Male,Capital Area,73,Graduate school,7,People Power Party,Yoon Suk-yeol,Stronger real estate taxation,Emphasize ROK-US alliance,US tactical nukes and nuclear sharing if needed,Promote harmony in labor relations,Consensus before anti-discrimination law,Conservative
R_4M9yIn3T92ioSNS,Male,Capital Area,64,University,8,People Power Party,Yoon Suk-yeol,Reduced real estate tax burden,Pursue diplomacy based on national interest,Independent nuclear armament,Flexible work hours,Quick enactment of anti-discrimination law,Conservative
R_4alviZYv75prYjI,Male,Capital Area,57,University,6,Democratic Party,Lee Jae-myung,Major expansion of public housing,Balanced diplomacy between US and China,Oppose nuclear weapons deployment,Phase in 4.5-day workweek,Prioritize social harmony,Progressive
R_4bZsF7OCXMUyM6l,Male,Capital Area,60,University,7,People Power Party,Yoon Suk-yeol,Reduced real estate tax burden,Pursue diplomacy based on national interest,Independent nuclear armament,Implement universal job guarantee,Prioritize social harmony,Conservative
R_4PjzS3r4RVGRd1N,Male,Capital Area,57,High school,5,Other,Lee Jae-myung,Reform of real estate policy,Pursue diplomacy based on national interest,Independent nuclear armament,Implement universal job guarantee,Oppose comprehensive anti-discrimination law,Progressive
R_4MkLE3Gcoa98LzX,Male,Capital Area,57,University,5,Other,Yoon Suk-yeol,Reform of real estate policy,Balanced diplomacy between US and China,Reflect national interest in nuclear policy,Implement universal job guarantee,Consensus before anti-discrimination law,Conservative
R_4wSnWLSpAAiAx8d,Male,Capital Area,62,University,6,People Power Party,Yoon Suk-yeol,Reduced real estate tax burden,Pursue diplomacy based on national interest,Independent nuclear armament,Implement universal job guarantee,Quick enactment of anti-discrimination law,Conservative
R_4zoubmTXBtAG8oT,Male,Chungcheong-Honam,62,University,5,Democratic Party,Yoon Suk-yeol,Major expansion of public housing,Pursue diplomacy based on national interest,US tactical nukes and nuclear sharing if needed,Implement universal job guarantee,Quick enactment of anti-discrimination law,Progressive
R_4QWzHPhEqcp0Lmr,Male,Capital Area,60,Graduate school,6,People Power Party,Yoon Suk-yeol,Reduced real estate tax burden,Pursue diplomacy based on national interest,US tactical nukes and nuclear sharing if needed,Phase in 4.5-day workweek,Prioritize social harmony,Conservative
R_4nuPY8tBE5HufVy,Male,Capital Area,56,Graduate school,4,Democratic Party,Lee Jae-myung,Major expansion of public housing,Pursue diplomacy based on national interest,Reflect national interest in nuclear policy,Promote harmony in labor relations,Consensus before anti-discrimination law,Progressive
R_4uvsnzhUpakwxnH,Male,Capital Area,61,University,6,People Power Party,Yoon Suk-yeol,Reduced real estate tax burden,Pursue diplomacy based on national interest,US tactical nukes and nuclear sharing if needed,Flexible work hours,Prioritize social harmony,Conservative
R_4CTlKb7WMbFZvWS,Male,Capital Area,65,University,8,People Power Party,Yoon Suk-yeol,Major expansion of public housing,Pursue diplomacy based on national interest,Reflect national interest in nuclear policy,Flexible work hours,Consensus before anti-discrimination law,Conservative
R_4Vo4Cx6nFLgXpkZ,Male,Capital Area,55,University,1,Democratic Party,Lee Jae-myung,Reform of real estate policy,Early restart of economic cooperation with North Korea,Oppose nuclear weapons deployment,Phase in 4.5-day workweek,Quick enactment of anti-discrimination law,Progressive
R_4UxEQ3VF34YzYWt,Male,Capital Area,65,University,5,Other,Yoon Suk-yeol,Reduced real estate tax burden,Emphasize ROK-US alliance,US tactical nukes and nuclear sharing if needed,Promote harmony in labor relations,Prioritize social harmony,Conservative
R_4EEhX6KYE1IoD06,Male,Capital Area,64,University,6,Democratic Party,Lee Jae-myung,Reduced real estate tax burden,Pursue diplomacy based on national interest,Reflect national interest in nuclear policy,Promote harmony in labor relations,Consensus before anti-discrimination law,Progressive
R_4GB6AUA1N9aSyD8,Female,Capital Area,57,Junior college,2,Democratic Party,Lee Jae-myung,Major expansion of public housing,Pursue diplomacy based on national interest,Oppose nuclear weapons deployment,Implement universal job guarantee,Quick enactment of anti-discrimination law,Progressive
R_437nFKPbJ8qBAf7,Male,Capital Area,55,University,3,Democratic Party,Lee Jae-myung,Reduced real estate tax burden,Pursue diplomacy based on national interest,Independent nuclear armament,Flexible work hours,Quick enactment of anti-discrimination law,Conservative
R_4map6bCOBVqsMIV,Male,Capital Area,58,University,7,Other,Yoon Suk-yeol,Reform of real estate policy,Emphasize ROK-US alliance,US tactical nukes and nuclear sharing if needed,Promote harmony in labor relations,Oppose comprehensive anti-discrimination law,Other
R_4Tu5F2hxXZ6pbiR,Male,Capital Area,64,University,8,People Power Party,Yoon Suk-yeol,Reduced real estate tax burden,Pursue diplomacy based on national interest,Independent nuclear armament,Promote harmony in labor relations,Consensus before anti-discrimination law,Conservative
R_4AdKwoaJ0qidEkh,Male,Capital Area,58,Graduate school,5,Other,Did not vote,Reduced real estate tax burden,Balanced diplomacy between US and China,Independent nuclear armament,Promote harmony in labor relations,Consensus before anti-discrimination law,Other
R_4r8BzIRBzqKzUVb,Male,Capital Area,56,Graduate school,6,Other,Yoon Suk-yeol,Reform of real estate policy,Pursue diplomacy based on national interest,Reflect national interest in nuclear policy,Implement universal job guarantee,Consensus before anti-discrimination law,Progressive
R_45HGyfrzOCJ1vSr,Male,Capital Area,64,Junior college,7,People Power Party,Yoon Suk-yeol,Stronger real estate taxation,Emphasize ROK-US alliance,US tactical nukes and nuclear sharing if needed,Promote harmony in labor relations,Oppose comprehensive anti-discrimination law,Progressive
R_4zON2x1H4u0xs0V,Male,Chungcheong-Honam,66,University,5,Democratic Party,Lee Jae-myung,Stronger real estate taxation,Balanced diplomacy between US and China,US tactical nukes and nuclear sharing if needed,Promote harmony in labor relations,Prioritize social harmony,Progressive
R_4TgOMopmzJi07Wp,Male,Chungcheong-Honam,61,Junior college,6,Other,Lee Jae-myung,Major expansion of public housing,Pursue diplomacy based on national interest,Independent nuclear armament,Implement universal job guarantee,Quick enactment of anti-discrimination law,Conservative
R_4ML4xxjgubQj9LP,Male,Capital Area,56,Graduate school,3,Democratic Party,Lee Jae-myung,Major expansion of public housing,Pursue diplomacy based on national interest,Independent nuclear armament,Promote harmony in labor relations,Quick enactment of anti-discrimination law,Progressive
R_4ci7b6TJq9nOgol,Male,Capital Area,58,University,5,Democratic Party,Yoon Suk-yeol,Major expansion of public housing,Balanced diplomacy between US and China,Independent nuclear armament,Promote harmony in labor relations,Prioritize social harmony,Conservative
R_410ZoCzetoPpCxq,Male,Chungcheong-Honam,64,Junior college,4,Democratic Party,Lee Jae-myung,Major expansion of public housing,Emphasize ROK-US alliance,US tactical nukes and nuclear sharing if needed,Phase in 4.5-day workweek,Quick enactment of anti-discrimination law,Progressive
R_4keEDNLEC5MnGUx,Male,Capital Area,62,High school,2,Democratic Party,Lee Jae-myung,Major expansion of public housing,Pursue diplomacy based on national interest,US tactical nukes and nuclear sharing if needed,Phase in 4.5-day workweek,Quick enactment of anti-discrimination law,Progressive
R_4GMZTsej7TPEu77,Male,Capital Area,63,Junior college,7,People Power Party,Yoon Suk-yeol,Reduced real estate tax burden,Pursue diplomacy based on national interest,Reflect national interest in nuclear policy,Flexible work hours,Consensus before anti-discrimination law,Conservative
R_4U4TZO35OWmKBqQ,Male,Capital Area,63,Graduate school,9,People Power Party,Yoon Suk-yeol,Reform of real estate policy,Emphasize ROK-US alliance,Reflect national interest in nuclear policy,Promote harmony in labor relations,Oppose comprehensive anti-discrimination law,Conservative
R_4FKSM6ov5UYGHqE,Male,Capital Area,68,University,10,People Power Party,Yoon Suk-yeol,Reform of real estate policy,Pursue diplomacy based on national interest,Independent nuclear armament,Flexible work hours,Oppose comprehensive anti-discrimination law,Conservative
R_4YeLE82fcUb8qxH,Male,Chungcheong-Honam,66,Graduate school,4,People Power Party,Yoon Suk-yeol,Stronger real estate taxation,Pursue diplomacy based on national interest,Independent nuclear armament,Flexible work hours,Consensus before anti-discrimination law,Conservative
R_4Rt6GndYgXAzM4z,Male,Capital Area,45,University,1,Democratic Party,Lee Jae-myung,Reform of real estate policy,Pursue diplomacy based on national interest,Independent nuclear armament,Phase in 4.5-day workweek,Quick enactment of anti-discrimination law,Progressive
R_4PtL0v3y83bNSNc,Male,Capital Area,60,High school,6,Other,Did not vote,Reform of real estate policy,Pursue diplomacy based on national interest,Independent nuclear armament,Implement universal job guarantee,Prioritize social harmony,Other
R_4NQ5OY6tEokdkbL,Male,Capital Area,60,Junior college,3,Democratic Party,Lee Jae-myung,Major expansion of public housing,Pursue diplomacy based on national interest,Independent nuclear armament,Promote harmony in labor relations,Prioritize social harmony,Progressive
R_4qEMUUad2TWkr2v,Male,Capital Area,65,Graduate school,10,People Power Party,Yoon Suk-yeol,Reduced real estate tax burden,Emphasize ROK-US alliance,Independent nuclear armament,Phase in 4.5-day workweek,Prioritize social harmony,Conservative
R_4q9T1lNNmaOaUe0,Male,Capital Area,69,Graduate school,5,People Power Party,Yoon Suk-yeol,Reduced real estate tax burden,Emphasize ROK-US alliance,US tactical nukes and nuclear sharing if needed,Promote harmony in labor relations,Oppose comprehensive anti-discrimination law,Conservative
R_4huUQBFLVLQYv6E,Male,Chungcheong-Honam,41,Junior college,4,Democratic Party,Lee Jae-myung,Major expansion of public housing,Emphasize ROK-US alliance,Independent nuclear armament,Implement universal job guarantee,Oppose comprehensive anti-discrimination law,Conservative
R_4FVDkkjZaZEYTiN,Male,Capital Area,56,University,8,People Power Party,Yoon Suk-yeol,Reduced real estate tax burden,Pursue diplomacy based on national interest,US tactical nukes and nuclear sharing if needed,Implement universal job guarantee,Consensus before anti-discrimination law,Progressive
R_4U0fhTJhUAdElNa,Male,Capital Area,69,University,7,People Power Party,Yoon Suk-yeol,Major expansion of public housing,Emphasize ROK-US alliance,Independent nuclear armament,Promote harmony in labor relations,Oppose comprehensive anti-discrimination law,Conservative
R_4vb9Qd4JgoDlYdz,Male,Capital Area,58,University,6,Other,Yoon Suk-yeol,Reduced real estate tax burden,Emphasize ROK-US alliance,Independent nuclear armament,Flexible work hours,Consensus before anti-discrimination law,Conservative
R_4Mm1KOtBZwRKAES,Male,Capital Area,63,Graduate school,6,People Power Party,Yoon Suk-yeol,Reduced real estate tax burden,Pursue diplomacy based on national interest,Reflect national interest in nuclear policy,Promote harmony in labor relations,Consensus before anti-discrimination law,Conservative
R_4D6x4MrG0wx6dey,Male,Capital Area,58,Graduate school,3,Democratic Party,Lee Jae-myung,Reform of real estate policy,Early restart of economic cooperation with North Korea,Reflect national interest in nuclear policy,Phase in 4.5-day workweek,Quick enactment of anti-discrimination law,Progressive
R_4jiFsXImChbZswx,Male,Capital Area,70,University,6,People Power Party,Yoon Suk-yeol,Reduced real estate tax burden,Pursue diplomacy based on national interest,Independent nuclear armament,Flexible work hours,Consensus before anti-discrimination law,Conservative
R_4MAJ4RcP2V1G2R3,Male,Capital Area,67,High school,4,Democratic Party,Lee Jae-myung,Reform of real estate policy,Pursue diplomacy based on national interest,US tactical nukes and nuclear sharing if needed,Promote harmony in labor relations,Consensus before anti-discrimination law,Progressive
R_4B5TNS9ezU0ldVS,Male,Capital Area,58,University,7,People Power Party,Lee Jae-myung,Major expansion of public housing,Pursue diplomacy based on national interest,Independent nuclear armament,Implement universal job guarantee,Oppose comprehensive anti-discrimination law,Conservative
R_4NybpYFIqLKGqiP,Male,Capital Area,58,Graduate school,5,Green Justice Party,심상정,Stronger real estate taxation,Balanced diplomacy between US and China,Oppose nuclear weapons deployment,Promote harmony in labor relations,Oppose comprehensive anti-discrimination law,Other
R_40uvKIEqMCY75Ty,Male,Capital Area,56,High school,7,People Power Party,Yoon Suk-yeol,Reform of real estate policy,Pursue diplomacy based on national interest,Reflect national interest in nuclear policy,Implement universal job guarantee,Prioritize social harmony,Conservative
R_4QLdpilAwnj7TV2,Male,Yeongnam,58,High school,8,People Power Party,다른 후보,Reduced real estate tax burden,Pursue diplomacy based on national interest,Independent nuclear armament,Flexible work hours,Quick enactment of anti-discrimination law,Conservative
R_4iwjLXfv6icRQ6A,Male,Capital Area,45,High school,8,People Power Party,Yoon Suk-yeol,Reform of real estate policy,Pursue diplomacy based on national interest,Independent nuclear armament,Implement universal job guarantee,Prioritize social harmony,Conservative
R_4nNKh38Jb5VjZCJ,Male,Capital Area,63,University,6,Other,Yoon Suk-yeol,Major expansion of public housing,Balanced diplomacy between US and China,US tactical nukes and nuclear sharing if needed,Promote harmony in labor relations,Consensus before anti-discrimination law,Conservative
R_4Cel0PgqNzNodOa,Male,Capital Area,56,University,3,Democratic Party,Lee Jae-myung,Major expansion of public housing,Pursue diplomacy based on national interest,Independent nuclear armament,Phase in 4.5-day workweek,Quick enactment of anti-discrimination law,Progressive
R_4D1SgGNBRRLZPmN,Male,Capital Area,48,University,3,Democratic Party,Lee Jae-myung,Reduced real estate tax burden,Balanced diplomacy between US and China,Reflect national interest in nuclear policy,Phase in 4.5-day workweek,Consensus before anti-discrimination law,Progressive
R_4H3BWGSUrBOdLot,Male,Chungcheong-Honam,67,University,5,Democratic Party,Lee Jae-myung,Major expansion of public housing,Pursue diplomacy based on national interest,US tactical nukes and nuclear sharing if needed,Promote harmony in labor relations,Prioritize social harmony,Progressive
R_4Mifzv7zBAcfhDH,Male,Capital Area,77,High school,5,People Power Party,Yoon Suk-yeol,Major expansion of public housing,Pursue diplomacy based on national interest,Independent nuclear armament,Flexible work hours,Prioritize social harmony,Conservative
R_41B7tTY58ZA5EJc,Male,Capital Area,74,University,3,Democratic Party,Lee Jae-myung,Major expansion of public housing,Balanced diplomacy between US and China,Oppose nuclear weapons deployment,Flexible work hours,Consensus before anti-discrimination law,Progressive
R_47fG3OUBFL9Tfwo,Male,Yeongnam,60,Junior college,6,People Power Party,Yoon Suk-yeol,Reform of real estate policy,Emphasize ROK-US alliance,US tactical nukes and nuclear sharing if needed,Implement universal job guarantee,Consensus before anti-discrimination law,Conservative
R_4hQkNRsUnnW8lVv,Male,Capital Area,67,High school,5,Other,Lee Jae-myung,Major expansion of public housing,Pursue diplomacy based on national interest,Reflect national interest in nuclear policy,Promote harmony in labor relations,Consensus before anti-discrimination law,Conservative
R_4fcVj7Xo9JT7DW1,Male,Capital Area,55,University,3,Democratic Party,Lee Jae-myung,Reduced real estate tax burden,Pursue diplomacy based on national interest,Independent nuclear armament,Promote harmony in labor relations,Consensus before anti-discrimination law,Progressive
R_433ydAaVGDS1Gmd,Male,Yeongnam,63,University,5,People Power Party,Yoon Suk-yeol,Stronger real estate taxation,Balanced diplomacy between US and China,Reflect national interest in nuclear policy,Flexible work hours,Consensus before anti-discrimination law,Conservative
R_4578FXLGeP9znax,Male,Capital Area,66,University,6,People Power Party,Yoon Suk-yeol,Reform of real estate policy,Balanced diplomacy between US and China,US tactical nukes and nuclear sharing if needed,Promote harmony in labor relations,Prioritize social harmony,Conservative
R_4zNLAjGZaVyDcGs,Male,Capital Area,69,Graduate school,8,People Power Party,Yoon Suk-yeol,Reduced real estate tax burden,Emphasize ROK-US alliance,Independent nuclear armament,Flexible work hours,Consensus before anti-discrimination law,Conservative
R_4n1riewc5VKR5GI,Male,Capital Area,66,No formal education,5,Democratic Party,Lee Jae-myung,Reform of real estate policy,Pursue diplomacy based on national interest,Independent nuclear armament,Phase in 4.5-day workweek,Oppose comprehensive anti-discrimination law,Progressive
R_4bYOrEWcnmJQsAF,Male,Capital Area,70,Graduate school,6,People Power Party,Yoon Suk-yeol,Reduced real estate tax burden,Emphasize ROK-US alliance,Independent nuclear armament,Flexible work hours,Prioritize social harmony,Conservative
R_4EPSBXjKFOYzELX,Male,Capital Area,61,Graduate school,6,People Power Party,Yoon Suk-yeol,Reform of real estate policy,Pursue diplomacy based on national interest,Reflect national interest in nuclear policy,Implement universal job guarantee,Consensus before anti-discrimination law,Conservative
R_4wHsmIjF4MFBwzI,Male,Capital Area,60,University,5,Other,Yoon Suk-yeol,Stronger real estate taxation,Pursue diplomacy based on national interest,Reflect national interest in nuclear policy,Implement universal job guarantee,Consensus before anti-discrimination law,Conservative
R_48XRMzXJVzZDDDF,Male,Capital Area,55,University,6,Other,Yoon Suk-yeol,Reform of real estate policy,Pursue diplomacy based on national interest,US tactical nukes and nuclear sharing if needed,Phase in 4.5-day workweek,Prioritize social harmony,Conservative
R_41jCJW5g6GBo1vI,Male,Yeongnam,57,High school,3,Other,다른 후보,Stronger real estate taxation,Pursue diplomacy based on national interest,Oppose nuclear weapons deployment,Phase in 4.5-day workweek,Oppose comprehensive anti-discrimination law,Progressive
R_4rGycdvu05rtwtd,Male,Capital Area,60,Graduate school,5,People Power Party,Yoon Suk-yeol,Stronger real estate taxation,Pursue diplomacy based on national interest,Independent nuclear armament,Flexible work hours,Prioritize social harmony,Conservative
R_4KewTXSJuuKtYXf,Male,Capital Area,56,University,3,Other,Did not vote,Reduced real estate tax burden,Pursue diplomacy based on national interest,Independent nuclear armament,Promote harmony in labor relations,Prioritize social harmony,Other
R_4jDIniMjbEHpk75,Female,Capital Area,64,University,8,People Power Party,Yoon Suk-yeol,Stronger real estate taxation,Pursue diplomacy based on national interest,Reflect national interest in nuclear policy,Promote harmony in labor relations,Consensus before anti-discrimination law,Conservative
R_4cQsokgheKqISBP,Male,Capital Area,48,University,4,Democratic Party,Lee Jae-myung,Major expansion of public housing,Pursue diplomacy based on national interest,Independent nuclear armament,Phase in 4.5-day workweek,Consensus before anti-discrimination law,Conservative
R_4JR6uUihM49OkPy,Male,Capital Area,54,University,5,Democratic Party,다른 후보,Reform of real estate policy,Early restart of economic cooperation with North Korea,Reflect national interest in nuclear policy,Phase in 4.5-day workweek,Consensus before anti-discrimination law,Progressive
R_4Ckybjwx47gk9bD,Male,Capital Area,57,University,2,Democratic Party,Lee Jae-myung,Stronger real estate taxation,Early restart of economic cooperation with North Korea,Oppose nuclear weapons deployment,Phase in 4.5-day workweek,Quick enactment of anti-discrimination law,Progressive
R_4735tZKfpMcwPtL,Male,Capital Area,56,High school,8,People Power Party,Yoon Suk-yeol,Reduced real estate tax burden,Pursue diplomacy based on national interest,Reflect national interest in nuclear policy,Promote harmony in labor relations,Prioritize social harmony,Conservative
R_4C3YoGh6ZbslRUB,Male,Capital Area,66,University,7,People Power Party,Did not vote,Major expansion of public housing,Pursue diplomacy based on national interest,Independent nuclear armament,Phase in 4.5-day workweek,Quick enactment of anti-discrimination law,Progressive
R_4RlVrJUpHsVwkPZ,Male,Yeongnam,58,University,5,Other,Yoon Suk-yeol,Major expansion of public housing,Pursue diplomacy based on national interest,US tactical nukes and nuclear sharing if needed,Implement universal job guarantee,Consensus before anti-discrimination law,Conservative
R_4upQZu0mP3qPM8E,Male,Capital Area,45,High school,4,Other,Lee Jae-myung,Major expansion of public housing,Balanced diplomacy between US and China,Oppose nuclear weapons deployment,Phase in 4.5-day workweek,Consensus before anti-discrimination law,Other
R_4r27ksMMwnHEI1R,Male,Capital Area,65,Graduate school,8,People Power Party,Yoon Suk-yeol,Reduced real estate tax burden,Emphasize ROK-US alliance,US tactical nukes and nuclear sharing if needed,Implement universal job guarantee,Quick enactment of anti-discrimination law,Conservative
R_4mBCSABN5TlCZPP,Male,Capital Area,67,Graduate school,8,People Power Party,Yoon Suk-yeol,Reduced real estate tax burden,Emphasize ROK-US alliance,Independent nuclear armament,Flexible work hours,Prioritize social harmony,Conservative
R_4I622wwFMw38opE,Male,Capital Area,69,University,6,Other,Lee Jae-myung,Stronger real estate taxation,Balanced diplomacy between US and China,Reflect national interest in nuclear policy,Promote harmony in labor relations,Prioritize social harmony,Progressive
R_4CZQaUuECAblusF,Male,Capital Area,50,High school,5,Democratic Party,Yoon Suk-yeol,Stronger real estate taxation,Pursue diplomacy based on national interest,US tactical nukes and nuclear sharing if needed,Implement universal job guarantee,Quick enactment of anti-discrimination law,Conservative
R_4Inme8d8iuoSnxQ,Male,Capital Area,58,University,5,Democratic Party,Lee Jae-myung,Stronger real estate taxation,Pursue diplomacy based on national interest,Oppose nuclear weapons deployment,Flexible work hours,Prioritize social harmony,Conservative
R_4CdKTOqzt0zVIr7,Male,Capital Area,55,University,6,People Power Party,Did not vote,Major expansion of public housing,Pursue diplomacy based on national interest,Reflect national interest in nuclear policy,Phase in 4.5-day workweek,Consensus before anti-discrimination law,Conservative
R_4q3Nk89Nr8wH4Nv,Male,Capital Area,82,High school,7,People Power Party,Yoon Suk-yeol,Major expansion of public housing,Balanced diplomacy between US and China,Reflect national interest in nuclear policy,Implement universal job guarantee,Consensus before anti-discrimination law,Conservative
R_4FnzaFfOx0f9nmj,Male,Capital Area,69,University,8,People Power Party,Yoon Suk-yeol,Reform of real estate policy,Emphasize ROK-US alliance,US tactical nukes and nuclear sharing if needed,Flexible work hours,Consensus before anti-discrimination law,Conservative
R_4LnYXVj97suS8ql,Male,Capital Area,65,University,6,People Power Party,Yoon Suk-yeol,Reduced real estate tax burden,Pursue diplomacy based on national interest,Independent nuclear armament,Flexible work hours,Consensus before anti-discrimination law,Conservative
R_4m4xQq0I24fzM2z,Male,Capital Area,55,High school,5,Other,Did not vote,Reform of real estate policy,Pursue diplomacy based on national interest,Independent nuclear armament,Flexible work hours,Consensus before anti-discrimination law,Other
R_4ImcBqbKU25YrZn,Male,Yeongnam,69,Graduate school,5,People Power Party,Yoon Suk-yeol,Reduced real estate tax burden,Emphasize ROK-US alliance,Independent nuclear armament,Implement universal job guarantee,Consensus before anti-discrimination law,Conservative
R_4XaOHhVeFrue3pn,Male,Capital Area,62,Junior college,5,Democratic Party,Lee Jae-myung,Major expansion of public housing,Pursue diplomacy based on national interest,Reflect national interest in nuclear policy,Implement universal job guarantee,Prioritize social harmony,Progressive
R_4jWabgcnua9i1Fi,Male,Capital Area,56,University,2,Democratic Party,Lee Jae-myung,Major expansion of public housing,Pursue diplomacy based on national interest,Reflect national interest in nuclear policy,Phase in 4.5-day workweek,Quick enactment of anti-discrimination law,Progressive
R_4dgGuxXVZe52auV,Female,Capital Area,55,University,5,People Power Party,Yoon Suk-yeol,Reform of real estate policy,Pursue diplomacy based on national interest,Oppose nuclear weapons deployment,Implement universal job guarantee,Consensus before anti-discrimination law,Conservative
R_4dmtlxwiEbc3rPO,Male,Capital Area,54,University,5,Democratic Party,Lee Jae-myung,Major expansion of public housing,Pursue diplomacy based on national interest,Reflect national interest in nuclear policy,Promote harmony in labor relations,Prioritize social harmony,Progressive
R_4QyI5JoQNoln6lx,Male,Capital Area,75,University,7,Other,Yoon Suk-yeol,Major expansion of public housing,Pursue diplomacy based on national interest,US tactical nukes and nuclear sharing if needed,Flexible work hours,Oppose comprehensive anti-discrimination law,Conservative
R_4PRSlsUAsezixbO,Male,Capital Area,73,Graduate school,8,People Power Party,Yoon Suk-yeol,Reduced real estate tax burden,Emphasize ROK-US alliance,Independent nuclear armament,Flexible work hours,Consensus before anti-discrimination law,Conservative
R_44cU1o1gTuJTEAX,Male,Capital Area,60,Graduate school,7,People Power Party,Yoon Suk-yeol,Major expansion of public housing,Emphasize ROK-US alliance,Independent nuclear armament,Flexible work hours,Prioritize social harmony,Conservative
R_4dmSNBxPNb4BoqZ,Male,Capital Area,59,University,5,Other,Did not vote,Reform of real estate policy,Pursue diplomacy based on national interest,Reflect national interest in nuclear policy,Promote harmony in labor relations,Prioritize social harmony,Progressive
R_46hY8sX6DumiFsk,Male,Capital Area,75,University,6,People Power Party,Yoon Suk-yeol,Major expansion of public housing,Emphasize ROK-US alliance,US tactical nukes and nuclear sharing if needed,Implement universal job guarantee,Consensus before anti-discrimination law,Conservative
R_425tTr9gBEo237k,Male,Capital Area,63,Graduate school,6,Other,Yoon Suk-yeol,Reduced real estate tax burden,Pursue diplomacy based on national interest,Independent nuclear armament,Implement universal job guarantee,Consensus before anti-discrimination law,Conservative
R_4pnV1Gqh1gggW6v,Male,Capital Area,74,University,8,People Power Party,Yoon Suk-yeol,Reform of real estate policy,Pursue diplomacy based on national interest,Reflect national interest in nuclear policy,Flexible work hours,Consensus before anti-discrimination law,Conservative
R_4ZugkbgApKL6bJL,Male,Capital Area,67,High school,2,Green Justice Party,Lee Jae-myung,Reform of real estate policy,Pursue diplomacy based on national interest,Independent nuclear armament,Implement universal job guarantee,Prioritize social harmony,Other
R_4DXPFSK42vUFTX8,Male,Capital Area,31,University,6,Other,Yoon Suk-yeol,Major expansion of public housing,Pursue diplomacy based on national interest,Independent nuclear armament,Phase in 4.5-day workweek,Prioritize social harmony,Other
R_42thdl6xbHiwflv,Male,Capital Area,56,Junior college,3,Democratic Party,Lee Jae-myung,Major expansion of public housing,Early restart of economic cooperation with North Korea,Oppose nuclear weapons deployment,Phase in 4.5-day workweek,Consensus before anti-discrimination law,Progressive
R_4OP0o3lyZw1xwE9,Male,Yeongnam,65,University,8,People Power Party,Yoon Suk-yeol,Reduced real estate tax burden,Early restart of economic cooperation with North Korea,US tactical nukes and nuclear sharing if needed,Flexible work hours,Oppose comprehensive anti-discrimination law,Conservative
R_4jvxyMXoDPws37a,Male,Capital Area,63,University,5,Other,Lee Jae-myung,Reduced real estate tax burden,Pursue diplomacy based on national interest,Independent nuclear armament,Implement universal job guarantee,Consensus before anti-discrimination law,Conservative
R_4PG1RWe4gXD6yL2,Male,Capital Area,55,University,3,Democratic Party,Lee Jae-myung,Reduced real estate tax burden,Balanced diplomacy between US and China,Independent nuclear armament,Phase in 4.5-day workweek,Prioritize social harmony,Progressive
R_4dGmpHhC3NKXYU7,Male,Yeongnam,62,University,5,People Power Party,Yoon Suk-yeol,Major expansion of public housing,Pursue diplomacy based on national interest,Reflect national interest in nuclear policy,Flexible work hours,Oppose comprehensive anti-discrimination law,Conservative
R_4PpFzkVjq2CtP2X,Male,Capital Area,58,Junior college,5,Other,Yoon Suk-yeol,Major expansion of public housing,Balanced diplomacy between US and China,Reflect national interest in nuclear policy,Phase in 4.5-day workweek,Quick enactment of anti-discrimination law,Other
R_4VkLfgTBxYqFIYB,Male,Capital Area,67,University,3,Democratic Party,Lee Jae-myung,Stronger real estate taxation,Balanced diplomacy between US and China,Reflect national interest in nuclear policy,Promote harmony in labor relations,Quick enactment of anti-discrimination law,Progressive
R_43yjXUZSBbNBKkO,Male,Capital Area,60,University,5,Democratic Party,Lee Jae-myung,Stronger real estate taxation,Pursue diplomacy based on national interest,Independent nuclear armament,Phase in 4.5-day workweek,Consensus before anti-discrimination law,Progressive
R_4DtLc7i3tkQ2D9u,Male,Capital Area,60,Middle school,7,Other,Did not vote,Major expansion of public housing,Pursue diplomacy based on national interest,Independent nuclear armament,Promote harmony in labor relations,Prioritize social harmony,Conservative
R_4efWdqxyQMOQ7ZU,Male,Capital Area,58,University,7,People Power Party,Yoon Suk-yeol,Reduced real estate tax burden,Pursue diplomacy based on national interest,Reflect national interest in nuclear policy,Promote harmony in labor relations,Prioritize social harmony,Conservative
R_4392H164YSEOOIb,Male,Yeongnam,73,Graduate school,6,People Power Party,Yoon Suk-yeol,Reduced real estate tax burden,Emphasize ROK-US alliance,Independent nuclear armament,Flexible work hours,Consensus before anti-discrimination law,Conservative
R_4CWAnoNdz5pwLS6,Male,Chungcheong-Honam,63,University,6,Democratic Party,Lee Jae-myung,Major expansion of public housing,Pursue diplomacy based on national interest,Reflect national interest in nuclear policy,Promote harmony in labor relations,Oppose comprehensive anti-discrimination law,Progressive
R_4sYyLaXoE9ZHnx9,Male,Capital Area,60,High school,3,Other,Lee Jae-myung,Reduced real estate tax burden,Emphasize ROK-US alliance,Independent nuclear armament,Phase in 4.5-day workweek,Quick enactment of anti-discrimination law,Conservative
R_4ndXjMRASFVt2Ur,Male,Capital Area,62,University,5,People Power Party,Yoon Suk-yeol,Reform of real estate policy,Pursue diplomacy based on national interest,US tactical nukes and nuclear sharing if needed,Phase in 4.5-day workweek,Prioritize social harmony,Conservative
R_4iqJdaVB6KgXciq,Male,Capital Area,64,University,3,Other,Did not vote,Stronger real estate taxation,Early restart of economic cooperation with North Korea,Oppose nuclear weapons deployment,Implement universal job guarantee,Quick enactment of anti-discrimination law,Progressive
R_4Pq4uzZ7jgNRukL,Male,Capital Area,60,Graduate school,2,Democratic Party,Lee Jae-myung,Stronger real estate taxation,Pursue diplomacy based on national interest,US tactical nukes and nuclear sharing if needed,Implement universal job guarantee,Quick enactment of anti-discrimination law,Progressive
R_4kKU5hLGkU6JIk2,Male,Capital Area,57,University,9,People Power Party,Yoon Suk-yeol,Reduced real estate tax burden,Emphasize ROK-US alliance,Reflect national interest in nuclear policy,Promote harmony in labor relations,Prioritize social harmony,Conservative
R_4P4XM4EdiWbwOGd,Male,Capital Area,61,University,8,People Power Party,Yoon Suk-yeol,Reduced real estate tax burden,Emphasize ROK-US alliance,Independent nuclear armament,Phase in 4.5-day workweek,Oppose comprehensive anti-discrimination law,Conservative
R_41Rhz4vRf07udZX,Male,Yeongnam,66,University,8,People Power Party,Yoon Suk-yeol,Reduced real estate tax burden,Pursue diplomacy based on national interest,Independent nuclear armament,Phase in 4.5-day workweek,Consensus before anti-discrimination law,Conservative
R_4BSYMMmDMdFJFjX,Male,Capital Area,54,University,6,People Power Party,Yoon Suk-yeol,Reform of real estate policy,Pursue diplomacy based on national interest,Independent nuclear armament,Promote harmony in labor relations,Consensus before anti-discrimination law,Other
R_4pXwS3FJNHzCxLX,Female,Capital Area,55,High school,4,Democratic Party,Lee Jae-myung,Major expansion of public housing,Balanced diplomacy between US and China,Reflect national interest in nuclear policy,Phase in 4.5-day workweek,Quick enactment of anti-discrimination law,Progressive
R_4op2TOA6gpcX6fg,Female,Capital Area,58,Junior college,4,People Power Party,Yoon Suk-yeol,Reform of real estate policy,Emphasize ROK-US alliance,Reflect national interest in nuclear policy,Phase in 4.5-day workweek,Consensus before anti-discrimination law,Progressive
R_4jiFSPtFmALZbOc,Female,Capital Area,64,University,5,Democratic Party,Yoon Suk-yeol,Reform of real estate policy,Balanced diplomacy between US and China,Oppose nuclear weapons deployment,Promote harmony in labor relations,Quick enactment of anti-discrimination law,Conservative
R_4CW2TSaZivG4jOL,Female,Yeongnam,40,Graduate school,6,People Power Party,Did not vote,Reduced real estate tax burden,Pursue diplomacy based on national interest,Independent nuclear armament,Flexible work hours,Prioritize social harmony,Conservative
R_42nM8APAHNjHAn0,Female,Capital Area,65,University,3,Democratic Party,Lee Jae-myung,Major expansion of public housing,Emphasize ROK-US alliance,US tactical nukes and nuclear sharing if needed,Implement universal job guarantee,Quick enactment of anti-discrimination law,Progressive
R_4qe0MfWM1smAHPF,Female,Capital Area,60,University,10,People Power Party,Yoon Suk-yeol,Reduced real estate tax burden,Emphasize ROK-US alliance,Reflect national interest in nuclear policy,Flexible work hours,Oppose comprehensive anti-discrimination law,Conservative
R_4vkAmt6Dk6SyHOl,Female,Capital Area,60,University,5,Other,Yoon Suk-yeol,Major expansion of public housing,Balanced diplomacy between US and China,US tactical nukes and nuclear sharing if needed,Flexible work hours,Prioritize social harmony,Other
R_4nTq1hvUp0Dqk27,Female,Capital Area,57,University,5,Other,Did not vote,Reform of real estate policy,Pursue diplomacy based on national interest,Independent nuclear armament,Flexible work hours,Oppose comprehensive anti-discrimination law,Progressive
R_4TYL8gXdASU1kld,Female,Yeongnam,61,University,6,People Power Party,Yoon Suk-yeol,Stronger real estate taxation,Pursue diplomacy based on national interest,Independent nuclear armament,Flexible work hours,Prioritize social harmony,Conservative
R_4OGOrJ2hXAa5KmZ,Female,Capital Area,56,Junior college,4,Democratic Party,Lee Jae-myung,Reform of real estate policy,Balanced diplomacy between US and China,US tactical nukes and nuclear sharing if needed,Phase in 4.5-day workweek,Quick enactment of anti-discrimination law,Progressive
R_4FVV96OituhhpXL,Female,Capital Area,58,University,5,Other,심상정,Reduced real estate tax burden,Balanced diplomacy between US and China,Reflect national interest in nuclear policy,Promote harmony in labor relations,Prioritize social harmony,Other
R_4gqlqjqjyjLpxOp,Male,Capital Area,62,University,5,Other,Yoon Suk-yeol,Stronger real estate taxation,Pursue diplomacy based on national interest,Oppose nuclear weapons deployment,Promote harmony in labor relations,Consensus before anti-discrimination law,Conservative
R_4DTzhrp4Opo2ufb,Female,Capital Area,64,High school,7,People Power Party,Yoon Suk-yeol,Reform of real estate policy,Pursue diplomacy based on national interest,Reflect national interest in nuclear policy,Flexible work hours,Prioritize social harmony,Conservative
R_4KIK7PywSj0dNE3,Female,Capital Area,55,High school,5,Democratic Party,Lee Jae-myung,Stronger real estate taxation,Pursue diplomacy based on national interest,Oppose nuclear weapons deployment,Implement universal job guarantee,Quick enactment of anti-discrimination law,Progressive
R_4eltF8mccU1J6UN,Female,Chungcheong-Honam,55,University,7,People Power Party,Yoon Suk-yeol,Reform of real estate policy,Emphasize ROK-US alliance,Independent nuclear armament,Promote harmony in labor relations,Oppose comprehensive anti-discrimination law,Conservative
R_41U3BiF0nb9Fo65,Female,Capital Area,56,University,3,Democratic Party,Lee Jae-myung,Stronger real estate taxation,Pursue diplomacy based on national interest,Oppose nuclear weapons deployment,Flexible work hours,Prioritize social harmony,Progressive
R_4JtnvH3MTGCD2iY,Male,Capital Area,63,University,7,People Power Party,Yoon Suk-yeol,Reduced real estate tax burden,Pursue diplomacy based on national interest,Independent nuclear armament,Phase in 4.5-day workweek,Quick enactment of anti-discrimination law,Conservative
R_4Oli4fhLFJOD0VD,Female,Capital Area,57,University,9,People Power Party,Yoon Suk-yeol,Reduced real estate tax burden,Pursue diplomacy based on national interest,Independent nuclear armament,Flexible work hours,Consensus before anti-discrimination law,Conservative
R_4Mhd5jYJt0yhPBd,Male,Capital Area,82,Graduate school,6,People Power Party,Yoon Suk-yeol,Major expansion of public housing,Emphasize ROK-US alliance,Independent nuclear armament,Phase in 4.5-day workweek,Quick enactment of anti-discrimination law,Conservative
R_4HStPpKwfTBz162,Female,Capital Area,60,High school,5,Other,Did not vote,Reform of real estate policy,Early restart of economic cooperation with North Korea,Reflect national interest in nuclear policy,Implement universal job guarantee,Oppose comprehensive anti-discrimination law,Conservative
R_4NOj2l8AQf44ySO,Female,Capital Area,59,University,6,Other,Yoon Suk-yeol,Reform of real estate policy,Pursue diplomacy based on national interest,Independent nuclear armament,Implement universal job guarantee,Consensus before anti-discrimination law,Progressive
R_4KpakcoreGT8EBt,Female,Chungcheong-Honam,65,University,4,Other,Lee Jae-myung,Major expansion of public housing,Balanced diplomacy between US and China,Independent nuclear armament,Phase in 4.5-day workweek,Consensus before anti-discrimination law,Conservative
R_4DuVa8rWvepeZ0Y,Female,Capital Area,66,High school,5,Democratic Party,Lee Jae-myung,Reduced real estate tax burden,Balanced diplomacy between US and China,US tactical nukes and nuclear sharing if needed,Implement universal job guarantee,Consensus before anti-discrimination law,Progressive
R_4CsgLzyGMhLwKlK,Female,Capital Area,58,University,6,Democratic Party,Lee Jae-myung,Major expansion of public housing,Balanced diplomacy between US and China,Reflect national interest in nuclear policy,Phase in 4.5-day workweek,Prioritize social harmony,Progressive
R_4JI8oaM8M7qggLQ,Female,Capital Area,56,University,5,Other,Lee Jae-myung,Major expansion of public housing,Pursue diplomacy based on national interest,US tactical nukes and nuclear sharing if needed,Flexible work hours,Quick enactment of anti-discrimination law,Progressive
R_41XIiLilH8UFayh,Male,Capital Area,66,High school,4,Other,Yoon Suk-yeol,Stronger real estate taxation,Balanced diplomacy between US and China,Independent nuclear armament,Implement universal job guarantee,Consensus before anti-discrimination law,Other
R_4Kpb4mLsaFL32SJ,Female,Capital Area,56,University,5,Other,Lee Jae-myung,Reduced real estate tax burden,Pursue diplomacy based on national interest,Reflect national interest in nuclear policy,Flexible work hours,Prioritize social harmony,Other
R_4gUc5zY3J98MV6T,Female,Capital Area,56,University,5,Democratic Party,Lee Jae-myung,Reduced real estate tax burden,Balanced diplomacy between US and China,Independent nuclear armament,Implement universal job guarantee,Prioritize social harmony,Conservative
R_4pl52BSye8O5KJ8,Female,Capital Area,55,High school,1,Democratic Party,Yoon Suk-yeol,Major expansion of public housing,Pursue diplomacy based on national interest,US tactical nukes and nuclear sharing if needed,Flexible work hours,Prioritize social harmony,Progressive
R_4npy0tenD8YfDtu,Female,Capital Area,66,University,6,People Power Party,Yoon Suk-yeol,Major expansion of public housing,Pursue diplomacy based on national interest,Reflect national interest in nuclear policy,Promote harmony in labor relations,Prioritize social harmony,Conservative
R_4JlboHMmeEmukmM,Male,Capital Area,70,University,8,People Power Party,Yoon Suk-yeol,Reduced real estate tax burden,Early restart of economic cooperation with North Korea,Independent nuclear armament,Flexible work hours,Consensus before anti-discrimination law,Conservative
R_4Eb55JFiWGg98Os,Female,Chungcheong-Honam,56,University,5,Democratic Party,Lee Jae-myung,Major expansion of public housing,Balanced diplomacy between US and China,Oppose nuclear weapons deployment,Phase in 4.5-day workweek,Quick enactment of anti-discrimination law,Other
R_4pWK1pdaIPdy9Jw,Female,Capital Area,62,University,8,People Power Party,Yoon Suk-yeol,Reduced real estate tax burden,Pursue diplomacy based on national interest,US tactical nukes and nuclear sharing if needed,Implement universal job guarantee,Consensus before anti-discrimination law,Conservative
R_4XykN0NkFN71qzn,Male,Capital Area,56,High school,3,Democratic Party,Lee Jae-myung,Major expansion of public housing,Pursue diplomacy based on national interest,Independent nuclear armament,Implement universal job guarantee,Quick enactment of anti-discrimination law,Progressive
R_4C76pPZXUBUr2aP,Female,Capital Area,63,High school,6,People Power Party,Yoon Suk-yeol,Major expansion of public housing,Early restart of economic cooperation with North Korea,US tactical nukes and nuclear sharing if needed,Implement universal job guarantee,Consensus before anti-discrimination law,Other
R_4IznkXd4xHdLunT,Female,Capital Area,63,University,6,People Power Party,Yoon Suk-yeol,Reform of real estate policy,Balanced diplomacy between US and China,Independent nuclear armament,Implement universal job guarantee,Consensus before anti-discrimination law,Conservative
R_4ruSuL6FQjZvL7r,Male,Capital Area,56,University,10,Democratic Party,Lee Jae-myung,Major expansion of public housing,Pursue diplomacy based on national interest,Reflect national interest in nuclear policy,Phase in 4.5-day workweek,Quick enactment of anti-discrimination law,Progressive
R_4omHMiBU1VWflwB,Male,Capital Area,55,University,2,Democratic Party,Lee Jae-myung,Reform of real estate policy,Pursue diplomacy based on national interest,Reflect national interest in nuclear policy,Phase in 4.5-day workweek,Quick enactment of anti-discrimination law,Progressive
R_4lyBTRvBUekvVU5,Female,Capital Area,61,University,7,People Power Party,Yoon Suk-yeol,Reduced real estate tax burden,Pursue diplomacy based on national interest,US tactical nukes and nuclear sharing if needed,Flexible work hours,Consensus before anti-discrimination law,Conservative
R_4AG4BsVEhf3nW2k,Female,Capital Area,64,University,5,Other,Did not vote,Major expansion of public housing,Balanced diplomacy between US and China,Oppose nuclear weapons deployment,Implement universal job guarantee,Consensus before anti-discrimination law,Other
R_4yzwLjUQg3P0ZIl,Male,Capital Area,69,University,6,People Power Party,Yoon Suk-yeol,Reduced real estate tax burden,Pursue diplomacy based on national interest,Independent nuclear armament,Promote harmony in labor relations,Consensus before anti-discrimination law,Conservative
R_4KIzTzq1vftgc0d,Female,Capital Area,58,University,7,People Power Party,Yoon Suk-yeol,Major expansion of public housing,Pursue diplomacy based on national interest,US tactical nukes and nuclear sharing if needed,Implement universal job guarantee,Oppose comprehensive anti-discrimination law,Conservative
R_4Gey4bnT6AjmynC,Female,Capital Area,66,High school,5,Other,다른 후보,Reduced real estate tax burden,Pursue diplomacy based on national interest,Oppose nuclear weapons deployment,Implement universal job guarantee,Prioritize social harmony,Other
R_4du83DQ0HwjXgKu,Female,Capital Area,65,University,6,Democratic Party,다른 후보,Reduced real estate tax burden,Pursue diplomacy based on national interest,Independent nuclear armament,Flexible work hours,Oppose comprehensive anti-discrimination law,Progressive
R_4stBXHuhQTaPa2c,Female,Capital Area,55,High school,4,Other,Lee Jae-myung,Reduced real estate tax burden,Pursue diplomacy based on national interest,Reflect national interest in nuclear policy,Promote harmony in labor relations,Consensus before anti-discrimination law,Progressive
R_4P5ppWPQ1m8rKJm,Female,Capital Area,61,University,6,Other,Yoon Suk-yeol,Stronger real estate taxation,Pursue diplomacy based on national interest,Independent nuclear armament,Implement universal job guarantee,Consensus before anti-discrimination law,Conservative
R_4QWCppxWTCaWzE2,Female,Capital Area,42,University,6,Other,Yoon Suk-yeol,Reduced real estate tax burden,Balanced diplomacy between US and China,Reflect national interest in nuclear policy,Phase in 4.5-day workweek,Prioritize social harmony,Other
R_4f1EsiAS8dEl9Kq,Female,Capital Area,55,Graduate school,8,People Power Party,Yoon Suk-yeol,Major expansion of public housing,Emphasize ROK-US alliance,Reflect national interest in nuclear policy,Implement universal job guarantee,Oppose comprehensive anti-discrimination law,Conservative
R_4iIMG31Hn5gvcdg,Female,Capital Area,67,Graduate school,6,Other,다른 후보,Reform of real estate policy,Pursue diplomacy based on national interest,US tactical nukes and nuclear sharing if needed,Implement universal job guarantee,Consensus before anti-discrimination law,Conservative
R_4riwhJWboW63RNL,Female,Capital Area,56,High school,6,People Power Party,Yoon Suk-yeol,Reform of real estate policy,Pursue diplomacy based on national interest,Independent nuclear armament,Flexible work hours,Consensus before anti-discrimination law,Conservative
R_4vE6uBwdrcjZVHH,Male,Capital Area,63,University,10,People Power Party,Yoon Suk-yeol,Reduced real estate tax burden,Emphasize ROK-US alliance,US tactical nukes and nuclear sharing if needed,Promote harmony in labor relations,Prioritize social harmony,Conservative
R_41WZzi5vi7aXSUN,Female,Yeongnam,61,University,2,Democratic Party,Did not vote,Major expansion of public housing,Pursue diplomacy based on national interest,Reflect national interest in nuclear policy,Implement universal job guarantee,Consensus before anti-discrimination law,Progressive
R_4uq584Cg6KAKlXX,Male,Yeongnam,59,Junior college,5,Other,Yoon Suk-yeol,Reform of real estate policy,Balanced diplomacy between US and China,Oppose nuclear weapons deployment,Promote harmony in labor relations,Prioritize social harmony,Conservative
R_4ltbRjdaESJYybf,Female,Capital Area,56,University,6,People Power Party,Yoon Suk-yeol,Reform of real estate policy,Early restart of economic cooperation with North Korea,Oppose nuclear weapons deployment,Flexible work hours,Prioritize social harmony,Conservative
R_4eUDeQtiWf6KoCb,Female,Capital Area,52,University,6,People Power Party,Yoon Suk-yeol,Reduced real estate tax burden,Emphasize ROK-US alliance,Independent nuclear armament,Promote harmony in labor relations,Quick enactment of anti-discrimination law,Conservative
R_4Pd5DxrOvkY8N1q,Female,Capital Area,69,High school,6,Other,Did not vote,Major expansion of public housing,Pursue diplomacy based on national interest,Reflect national interest in nuclear policy,Implement universal job guarantee,Prioritize social harmony,Progressive
R_49sKVemW3Bf22Ya,Female,Capital Area,56,University,4,Democratic Party,Lee Jae-myung,Stronger real estate taxation,Pursue diplomacy based on national interest,Independent nuclear armament,Phase in 4.5-day workweek,Quick enactment of anti-discrimination law,Progressive
R_41cVY6N3RznZ9vl,Male,Yeongnam,66,University,5,People Power Party,Yoon Suk-yeol,Reform of real estate policy,Pursue diplomacy based on national interest,Independent nuclear armament,Promote harmony in labor relations,Consensus before anti-discrimination law,Conservative
R_40SC8nrCDdw4LjQ,Female,Capital Area,58,Graduate school,6,People Power Party,Did not vote,Reduced real estate tax burden,Emphasize ROK-US alliance,Independent nuclear armament,Promote harmony in labor relations,Consensus before anti-discrimination law,Conservative
R_4K3l6EiH1VWhkhh,Female,Capital Area,54,University,9,Democratic Party,Lee Jae-myung,Major expansion of public housing,Pursue diplomacy based on national interest,Independent nuclear armament,Flexible work hours,Quick enactment of anti-discrimination law,Progressive
R_4Eg9vZFXq3kx6QY,Male,Capital Area,81,University,9,Other,다른 후보,Reduced real estate tax burden,Emphasize ROK-US alliance,US tactical nukes and nuclear sharing if needed,Promote harmony in labor relations,Prioritize social harmony,Conservative
R_4EVXAAPidiXIC50,Female,Capital Area,55,University,2,Democratic Party,Lee Jae-myung,Major expansion of public housing,Pursue diplomacy based on national interest,Oppose nuclear weapons deployment,Phase in 4.5-day workweek,Quick enactment of anti-discrimination law,Progressive
R_4NPzKGJarx5WtJ7,Female,Capital Area,65,University,5,Democratic Party,Lee Jae-myung,Major expansion of public housing,Balanced diplomacy between US and China,Reflect national interest in nuclear policy,Promote harmony in labor relations,Consensus before anti-discrimination law,Other
R_40OaGJiRzS0FuIh,Female,Capital Area,62,Graduate school,6,People Power Party,Yoon Suk-yeol,Reform of real estate policy,Pursue diplomacy based on national interest,Reflect national interest in nuclear policy,Promote harmony in labor relations,Consensus before anti-discrimination law,Conservative
R_4g5ThJ2aQfxYFCE,Female,Capital Area,56,High school,5,Democratic Party,Lee Jae-myung,Stronger real estate taxation,Early restart of economic cooperation with North Korea,Oppose nuclear weapons deployment,Implement universal job guarantee,Quick enactment of anti-discrimination law,Other
R_4OEaoc1FxpD7IFs,Male,Chungcheong-Honam,32,High school,6,Other,Did not vote,Stronger real estate taxation,Early restart of economic cooperation with North Korea,Independent nuclear armament,Flexible work hours,Consensus before anti-discrimination law,Progressive
R_4rw4j0BSm0Bzwan,Male,Capital Area,55,University,5,Other,Did not vote,Reduced real estate tax burden,Pursue diplomacy based on national interest,Independent nuclear armament,Phase in 4.5-day workweek,Prioritize social harmony,Other
R_4R4LLvFKlk1wIsV,Female,Capital Area,62,High school,8,Other,Did not vote,Major expansion of public housing,Pursue diplomacy based on national interest,Reflect national interest in nuclear policy,Implement universal job guarantee,Prioritize social harmony,Conservative
R_41tb3qWBGRcOysC,Male,Capital Area,65,University,7,People Power Party,Yoon Suk-yeol,Reduced real estate tax burden,Emphasize ROK-US alliance,Independent nuclear armament,Promote harmony in labor relations,Consensus before anti-discrimination law,Conservative
R_43lw11rJVA5SaXL,Female,Capital Area,63,University,6,People Power Party,Yoon Suk-yeol,Major expansion of public housing,Pursue diplomacy based on national interest,US tactical nukes and nuclear sharing if needed,Flexible work hours,Consensus before anti-discrimination law,Conservative
R_4GVMKsqW7yuxf7Y,Female,Capital Area,62,Graduate school,2,Democratic Party,Lee Jae-myung,Reform of real estate policy,Pursue diplomacy based on national interest,Independent nuclear armament,Promote harmony in labor relations,Oppose comprehensive anti-discrimination law,Progressive
R_4aFdcvR9dt7oHmJ,Male,Capital Area,58,University,3,Green Justice Party,심상정,Major expansion of public housing,Early restart of economic cooperation with North Korea,Oppose nuclear weapons deployment,Implement universal job guarantee,Consensus before anti-discrimination law,Progressive
R_4zVZIZ2THdhkTU5,Female,Chungcheong-Honam,60,Graduate school,3,Democratic Party,Lee Jae-myung,Stronger real estate taxation,Pursue diplomacy based on national interest,Reflect national interest in nuclear policy,Promote harmony in labor relations,Quick enactment of anti-discrimination law,Progressive
R_4Srk78oYy4rSZ6p,Female,Capital Area,61,University,6,Other,Lee Jae-myung,Reform of real estate policy,Pursue diplomacy based on national interest,Reflect national interest in nuclear policy,Phase in 4.5-day workweek,Prioritize social harmony,Other
R_4j26iP5Aq2iyrYZ,Female,Capital Area,57,University,5,Other,Lee Jae-myung,Major expansion of public housing,Balanced diplomacy between US and China,Reflect national interest in nuclear policy,Phase in 4.5-day workweek,Consensus before anti-discrimination law,Other
R_42dXfMkitHaabSh,Female,Capital Area,61,High school,7,People Power Party,Yoon Suk-yeol,Reduced real estate tax burden,Emphasize ROK-US alliance,Independent nuclear armament,Flexible work hours,Consensus before anti-discrimination law,Conservative
R_4bur1MUQuqH42aZ,Female,Capital Area,60,High school,8,People Power Party,Yoon Suk-yeol,Reduced real estate tax burden,Pursue diplomacy based on national interest,US tactical nukes and nuclear sharing if needed,Implement universal job guarantee,Consensus before anti-discrimination law,Conservative
R_4e1doscaXmapsdj,Female,Capital Area,64,University,5,Other,Lee Jae-myung,Reform of real estate policy,Balanced diplomacy between US and China,Independent nuclear armament,Promote harmony in labor relations,Quick enactment of anti-discrimination law,Progressive
R_4CjQGhmRVRueETF,Male,Yeongnam,56,University,2,Democratic Party,Lee Jae-myung,Major expansion of public housing,Pursue diplomacy based on national interest,Reflect national interest in nuclear policy,Phase in 4.5-day workweek,Consensus before anti-discrimination law,Progressive
R_49aAQXptqV9tvXr,Male,Yeongnam,47,High school,3,Democratic Party,Lee Jae-myung,Major expansion of public housing,Pursue diplomacy based on national interest,Oppose nuclear weapons deployment,Phase in 4.5-day workweek,Consensus before anti-discrimination law,Progressive
R_4n9uWtQaEzodGQe,Male,Capital Area,38,University,7,People Power Party,Yoon Suk-yeol,Reform of real estate policy,Emphasize ROK-US alliance,US tactical nukes and nuclear sharing if needed,Phase in 4.5-day workweek,Oppose comprehensive anti-discrimination law,Conservative
R_4Gty9HQbrMjXp29,Female,Yeongnam,80,High school,7,People Power Party,Yoon Suk-yeol,Major expansion of public housing,Emphasize ROK-US alliance,US tactical nukes and nuclear sharing if needed,Flexible work hours,Consensus before anti-discrimination law,Conservative
R_4amHRhTwrjXqj5X,Male,Yeongnam,63,University,1,Green Justice Party,심상정,Reduced real estate tax burden,Pursue diplomacy based on national interest,Independent nuclear armament,Phase in 4.5-day workweek,Quick enactment of anti-discrimination law,Other
R_49OsASvtS9erLod,Female,Capital Area,70,University,6,Other,Did not vote,Reduced real estate tax burden,Balanced diplomacy between US and China,US tactical nukes and nuclear sharing if needed,Promote harmony in labor relations,Prioritize social harmony,Other
R_47jIcARvExAJxYZ,Male,Capital Area,55,University,6,Other,Lee Jae-myung,Stronger real estate taxation,Balanced diplomacy between US and China,Reflect national interest in nuclear policy,Implement universal job guarantee,Quick enactment of anti-discrimination law,Progressive
R_4U5zOTRZEXT9Zln,Female,Yeongnam,57,High school,3,Democratic Party,Lee Jae-myung,Major expansion of public housing,Pursue diplomacy based on national interest,Reflect national interest in nuclear policy,Implement universal job guarantee,Prioritize social harmony,Conservative
R_4PoDkKs1bkqgICF,Female,Capital Area,65,University,9,People Power Party,Yoon Suk-yeol,Reduced real estate tax burden,Emphasize ROK-US alliance,Independent nuclear armament,Flexible work hours,Oppose comprehensive anti-discrimination law,Conservative
R_4isR1wMU5i78MAj,Female,Yeongnam,62,University,5,People Power Party,Lee Jae-myung,Reform of real estate policy,Pursue diplomacy based on national interest,Independent nuclear armament,Promote harmony in labor relations,Oppose comprehensive anti-discrimination law,Conservative
R_4gEeOk0jmDeUmAN,Female,Capital Area,68,University,6,People Power Party,Yoon Suk-yeol,Reform of real estate policy,Pursue diplomacy based on national interest,US tactical nukes and nuclear sharing if needed,Implement universal job guarantee,Consensus before anti-discrimination law,Conservative
R_4N84aa2sbVIDYFo,Female,Capital Area,72,High school,4,Other,Yoon Suk-yeol,Reduced real estate tax burden,Pursue diplomacy based on national interest,US tactical nukes and nuclear sharing if needed,Flexible work hours,Consensus before anti-discrimination law,Conservative
R_4GZ6uss03dWxdn3,Female,Capital Area,47,University,8,People Power Party,Yoon Suk-yeol,Reform of real estate policy,Pursue diplomacy based on national interest,Independent nuclear armament,Flexible work hours,Prioritize social harmony,Other
R_4HXKqYSxKJaliRc,Female,Capital Area,62,Junior college,5,Other,Yoon Suk-yeol,Major expansion of public housing,Pursue diplomacy based on national interest,Reflect national interest in nuclear policy,Implement universal job guarantee,Prioritize social harmony,Other
R_4dMcYtynyqHrc7g,Female,Capital Area,66,University,4,Democratic Party,Lee Jae-myung,Major expansion of public housing,Pursue diplomacy based on national interest,US tactical nukes and nuclear sharing if needed,Implement universal job guarantee,Prioritize social harmony,Other
R_4Eg9ope7Et9qa0B,Female,Capital Area,57,University,5,Other,Lee Jae-myung,Stronger real estate taxation,Pursue diplomacy based on national interest,Reflect national interest in nuclear policy,Flexible work hours,Quick enactment of anti-discrimination law,Progressive
R_4oBy1QpJlOMNktP,Female,Capital Area,56,Graduate school,4,Green Justice Party,Lee Jae-myung,Stronger real estate taxation,Early restart of economic cooperation with North Korea,Reflect national interest in nuclear policy,Phase in 4.5-day workweek,Prioritize social harmony,Other
R_47P7bcbXx2tnRad,Female,Capital Area,56,University,5,People Power Party,Yoon Suk-yeol,Reform of real estate policy,Pursue diplomacy based on national interest,Independent nuclear armament,Implement universal job guarantee,Quick enactment of anti-discrimination law,Conservative
R_4mZW9vwqzNzE2Zz,Female,Capital Area,63,University,5,Other,Did not vote,Major expansion of public housing,Pursue diplomacy based on national interest,Independent nuclear armament,Implement universal job guarantee,Prioritize social harmony,Other
R_4y1KZjQLRj0OF79,Female,Capital Area,55,University,7,Other,Yoon Suk-yeol,Reform of real estate policy,Pursue diplomacy based on national interest,Independent nuclear armament,Implement universal job guarantee,Consensus before anti-discrimination law,Conservative
R_4gMf5sj2mrKA1Ou,Female,Capital Area,56,High school,5,People Power Party,Yoon Suk-yeol,Reduced real estate tax burden,Pursue diplomacy based on national interest,Reflect national interest in nuclear policy,Implement universal job guarantee,Consensus before anti-discrimination law,Conservative
R_41mGGhPuP6VqHuA,Female,Chungcheong-Honam,61,High school,5,Other,Did not vote,Major expansion of public housing,Pursue diplomacy based on national interest,Reflect national interest in nuclear policy,Flexible work hours,Consensus before anti-discrimination law,Progressive
R_4F3uPj14Up0h6kp,Female,Chungcheong-Honam,56,University,6,People Power Party,Yoon Suk-yeol,Major expansion of public housing,Pursue diplomacy based on national interest,Independent nuclear armament,Implement universal job guarantee,Prioritize social harmony,Conservative
R_42aJDKSmy2joAZF,Female,Chungcheong-Honam,58,High school,5,Democratic Party,Lee Jae-myung,Major expansion of public housing,Pursue diplomacy based on national interest,Reflect national interest in nuclear policy,Promote harmony in labor relations,Consensus before anti-discrimination law,Other
R_4P54YGdH39R0fRV,Female,Capital Area,66,High school,6,People Power Party,Yoon Suk-yeol,Reform of real estate policy,Emphasize ROK-US alliance,Reflect national interest in nuclear policy,Flexible work hours,Prioritize social harmony,Conservative
R_4R8thZKEQYdwwff,Male,Yeongnam,57,Graduate school,4,Green Justice Party,Lee Jae-myung,Stronger real estate taxation,Early restart of economic cooperation with North Korea,Independent nuclear armament,Flexible work hours,Consensus before anti-discrimination law,Progressive
R_4Qld6CbZ0hglPPU,Female,Chungcheong-Honam,56,Junior college,5,Other,Did not vote,Reform of real estate policy,Pursue diplomacy based on national interest,Independent nuclear armament,Flexible work hours,Quick enactment of anti-discrimination law,Progressive
R_4EaODai0wYoH7hr,Male,Yeongnam,66,University,7,People Power Party,Yoon Suk-yeol,Reform of real estate policy,Pursue diplomacy based on national interest,Independent nuclear armament,Implement universal job guarantee,Consensus before anti-discrimination law,Conservative
R_4n15v0tkQXRsi09,Female,Capital Area,55,Graduate school,6,Other,Yoon Suk-yeol,Stronger real estate taxation,Emphasize ROK-US alliance,US tactical nukes and nuclear sharing if needed,Flexible work hours,Prioritize social harmony,Conservative
R_4ijLDdyEW57nteP,Female,Capital Area,59,University,7,People Power Party,Yoon Suk-yeol,Reform of real estate policy,Pursue diplomacy based on national interest,US tactical nukes and nuclear sharing if needed,Flexible work hours,Prioritize social harmony,Conservative
R_4JhFcz1Vp4AZwCR,Male,Chungcheong-Honam,56,Graduate school,5,Other,Did not vote,Reduced real estate tax burden,Early restart of economic cooperation with North Korea,Reflect national interest in nuclear policy,Phase in 4.5-day workweek,Oppose comprehensive anti-discrimination law,Conservative
R_4gtniPMLJRJSTQE,Female,Capital Area,61,Graduate school,6,People Power Party,Yoon Suk-yeol,Reform of real estate policy,Balanced diplomacy between US and China,US tactical nukes and nuclear sharing if needed,Promote harmony in labor relations,Oppose comprehensive anti-discrimination law,Conservative
R_4laZigic4zUq1kk,Female,Capital Area,65,Graduate school,5,People Power Party,Yoon Suk-yeol,Reduced real estate tax burden,Pursue diplomacy based on national interest,US tactical nukes and nuclear sharing if needed,Implement universal job guarantee,Consensus before anti-discrimination law,Conservative
R_4TNbQ3fkAioih1C,Female,Chungcheong-Honam,63,High school,3,Democratic Party,Lee Jae-myung,Reform of real estate policy,Pursue diplomacy based on national interest,Oppose nuclear weapons deployment,Phase in 4.5-day workweek,Prioritize social harmony,Other
R_42Q6lPJDj3db7it,Male,Chungcheong-Honam,57,High school,7,People Power Party,심상정,Reform of real estate policy,Early restart of economic cooperation with North Korea,Reflect national interest in nuclear policy,Implement universal job guarantee,Prioritize social harmony,Conservative
R_4tx6y1w3deMlMr9,Female,Capital Area,64,Graduate school,6,Other,Yoon Suk-yeol,Reduced real estate tax burden,Balanced diplomacy between US and China,Independent nuclear armament,Implement universal job guarantee,Consensus before anti-discrimination law,Conservative
R_4jNjr7o9B4jIB92,Female,Capital Area,65,High school,2,Democratic Party,Lee Jae-myung,Reform of real estate policy,Early restart of economic cooperation with North Korea,Independent nuclear armament,Implement universal job guarantee,Consensus before anti-discrimination law,Progressive
R_41GnJakkAi1ixhA,Female,Capital Area,62,University,7,People Power Party,Yoon Suk-yeol,Reduced real estate tax burden,Pursue diplomacy based on national interest,Reflect national interest in nuclear policy,Flexible work hours,Oppose comprehensive anti-discrimination law,Other
R_4zeEaAYPDxsslPd,Female,Capital Area,64,University,7,People Power Party,Yoon Suk-yeol,Stronger real estate taxation,Pursue diplomacy based on national interest,Independent nuclear armament,Flexible work hours,Consensus before anti-discrimination law,Conservative
R_4KzFePIVL28JT2h,Female,Capital Area,61,University,7,People Power Party,Yoon Suk-yeol,Reform of real estate policy,Emphasize ROK-US alliance,US tactical nukes and nuclear sharing if needed,Flexible work hours,Consensus before anti-discrimination law,Conservative
R_4MLlLxm136lwmMt,Female,Capital Area,60,University,6,Other,Lee Jae-myung,Reform of real estate policy,Pursue diplomacy based on national interest,Oppose nuclear weapons deployment,Implement universal job guarantee,Consensus before anti-discrimination law,Progressive
R_4xybmS2iYuDCStz,Female,Capital Area,76,High school,7,People Power Party,Yoon Suk-yeol,Reduced real estate tax burden,Emphasize ROK-US alliance,Reflect national interest in nuclear policy,Flexible work hours,Prioritize social harmony,Conservative
R_4GQhUibgYUVUNZn,Female,Capital Area,59,University,8,People Power Party,Yoon Suk-yeol,Reduced real estate tax burden,Pursue diplomacy based on national interest,Independent nuclear armament,Promote harmony in labor relations,Prioritize social harmony,Conservative
R_4pYxb8nfvy1zj8R,Female,Capital Area,65,High school,5,Other,다른 후보,Major expansion of public housing,Balanced diplomacy between US and China,Reflect national interest in nuclear policy,Implement universal job guarantee,Oppose comprehensive anti-discrimination law,Other
R_43gnIzA10BT99QF,Female,Capital Area,57,High school,3,Green Justice Party,심상정,Major expansion of public housing,Pursue diplomacy based on national interest,US tactical nukes and nuclear sharing if needed,Implement universal job guarantee,Consensus before anti-discrimination law,Other
R_4Ra7FOz909LRYyp,Female,Capital Area,55,Junior college,5,Democratic Party,Did not vote,Major expansion of public housing,Pursue diplomacy based on national interest,US tactical nukes and nuclear sharing if needed,Flexible work hours,Quick enactment of anti-discrimination law,Other
R_4u9F7bH4AFxuKAh,Male,Chungcheong-Honam,31,University,5,Democratic Party,다른 후보,Major expansion of public housing,Balanced diplomacy between US and China,Independent nuclear armament,Phase in 4.5-day workweek,Prioritize social harmony,Progressive
R_4VqI43y0O9mMVXk,Male,Yeongnam,75,University,6,People Power Party,Yoon Suk-yeol,Major expansion of public housing,Pursue diplomacy based on national interest,Independent nuclear armament,Flexible work hours,Consensus before anti-discrimination law,Conservative
R_4niINQtfppmxj6k,Female,Capital Area,55,High school,3,Democratic Party,Lee Jae-myung,Major expansion of public housing,Pursue diplomacy based on national interest,US tactical nukes and nuclear sharing if needed,Phase in 4.5-day workweek,Quick enactment of anti-discrimination law,Progressive
R_4G7l8fw0qaHRXZs,Male,Capital Area,65,High school,8,People Power Party,Yoon Suk-yeol,Reform of real estate policy,Balanced diplomacy between US and China,Reflect national interest in nuclear policy,Implement universal job guarantee,Quick enactment of anti-discrimination law,Conservative
R_477lhKttcsUWO1C,Male,Capital Area,71,High school,5,Democratic Party,Lee Jae-myung,Major expansion of public housing,Early restart of economic cooperation with North Korea,Oppose nuclear weapons deployment,Phase in 4.5-day workweek,Quick enactment of anti-discrimination law,Progressive
R_4h5EUe7ukW4FoCR,Female,Capital Area,60,University,8,People Power Party,Yoon Suk-yeol,Reduced real estate tax burden,Pursue diplomacy based on national interest,Reflect national interest in nuclear policy,Promote harmony in labor relations,Prioritize social harmony,Conservative
R_45Rvawu023mRDlF,Female,Capital Area,66,Middle school,4,Other,Lee Jae-myung,Major expansion of public housing,Pursue diplomacy based on national interest,Oppose nuclear weapons deployment,Flexible work hours,Consensus before anti-discrimination law,Other
R_4jkNFz9iOkwE2zL,Male,Capital Area,63,University,10,People Power Party,Yoon Suk-yeol,Reduced real estate tax burden,Emphasize ROK-US alliance,Independent nuclear armament,Phase in 4.5-day workweek,Oppose comprehensive anti-discrimination law,Conservative
R_4p4G8KGfnqZy8Ga,Female,Capital Area,66,Middle school,6,People Power Party,Yoon Suk-yeol,Stronger real estate taxation,Pursue diplomacy based on national interest,Independent nuclear armament,Flexible work hours,Prioritize social harmony,Conservative
R_4qPBJ513wxfGz3r,Male,Capital Area,36,University,9,People Power Party,Yoon Suk-yeol,Major expansion of public housing,Pursue diplomacy based on national interest,US tactical nukes and nuclear sharing if needed,Flexible work hours,Oppose comprehensive anti-discrimination law,Conservative
R_4vYaNNcvZTULTjr,Female,Capital Area,64,University,5,People Power Party,Yoon Suk-yeol,Stronger real estate taxation,Pursue diplomacy based on national interest,US tactical nukes and nuclear sharing if needed,Promote harmony in labor relations,Prioritize social harmony,Conservative
R_4CrM980k1cEVVrE,Female,Capital Area,31,University,2,Democratic Party,Lee Jae-myung,Reform of real estate policy,Pursue diplomacy based on national interest,Reflect national interest in nuclear policy,Phase in 4.5-day workweek,Quick enactment of anti-discrimination law,Progressive
R_47rL7JIZR38UQLv,Female,Capital Area,55,High school,10,Democratic Party,Lee Jae-myung,Major expansion of public housing,Pursue diplomacy based on national interest,US tactical nukes and nuclear sharing if needed,Flexible work hours,Consensus before anti-discrimination law,Progressive
R_4mKnKrJufPlff19,Female,Capital Area,57,University,5,People Power Party,Yoon Suk-yeol,Reduced real estate tax burden,Early restart of economic cooperation with North Korea,Oppose nuclear weapons deployment,Implement universal job guarantee,Consensus before anti-discrimination law,Progressive
R_4NInFIiLTXGfVv3,Female,Chungcheong-Honam,67,High school,5,Other,Yoon Suk-yeol,Reduced real estate tax burden,Balanced diplomacy between US and China,Oppose nuclear weapons deployment,Flexible work hours,Prioritize social harmony,Other
R_4QeTkUdvAZ7BuEN,Female,Chungcheong-Honam,56,High school,5,Democratic Party,Lee Jae-myung,Major expansion of public housing,Balanced diplomacy between US and China,Independent nuclear armament,Implement universal job guarantee,Oppose comprehensive anti-discrimination law,Progressive
R_4FF2gMCSrTlKt5n,Female,Capital Area,58,Junior college,5,Other,Yoon Suk-yeol,Reduced real estate tax burden,Pursue diplomacy based on national interest,Reflect national interest in nuclear policy,Phase in 4.5-day workweek,Consensus before anti-discrimination law,Conservative
R_4wnO5xLUnDdaXdg,Female,Capital Area,55,University,7,Democratic Party,Lee Jae-myung,Major expansion of public housing,Emphasize ROK-US alliance,Reflect national interest in nuclear policy,Implement universal job guarantee,Quick enactment of anti-discrimination law,Progressive
R_4OIn2RZZmqv3DnT,Female,Capital Area,64,Graduate school,9,People Power Party,Yoon Suk-yeol,Reform of real estate policy,Pursue diplomacy based on national interest,Independent nuclear armament,Implement universal job guarantee,Prioritize social harmony,Conservative
R_4q7uPsqV0XZi9BV,Female,Capital Area,59,University,6,Democratic Party,Lee Jae-myung,Reform of real estate policy,Pursue diplomacy based on national interest,Reflect national interest in nuclear policy,Promote harmony in labor relations,Prioritize social harmony,Progressive
R_4pl3VQfbpAE6QSd,Female,Capital Area,59,University,2,Democratic Party,Lee Jae-myung,Reform of real estate policy,Pursue diplomacy based on national interest,Reflect national interest in nuclear policy,Implement universal job guarantee,Prioritize social harmony,Other
R_4nMnHt02AlD1aqB,Male,Yeongnam,73,Middle school,7,Democratic Party,Lee Jae-myung,Major expansion of public housing,Pursue diplomacy based on national interest,Independent nuclear armament,Implement universal job guarantee,Quick enactment of anti-discrimination law,Other
R_4HtaxQlmZx7qmZU,Female,Capital Area,58,University,5,Other,Did not vote,Major expansion of public housing,Pursue diplomacy based on national interest,Oppose nuclear weapons deployment,Phase in 4.5-day workweek,Oppose comprehensive anti-discrimination law,Conservative
R_4w0RMUujgsguSq3,Male,Chungcheong-Honam,59,Junior college,2,People Power Party,Yoon Suk-yeol,Major expansion of public housing,Pursue diplomacy based on national interest,Reflect national interest in nuclear policy,Implement universal job guarantee,Prioritize social harmony,Conservative
R_4Qs797NjJQJua7J,Female,Capital Area,61,High school,9,People Power Party,Yoon Suk-yeol,Reform of real estate policy,Emphasize ROK-US alliance,US tactical nukes and nuclear sharing if needed,Implement universal job guarantee,Oppose comprehensive anti-discrimination law,Conservative
R_4Gcxno9zA9HPaMg,Female,Capital Area,59,University,6,Democratic Party,Lee Jae-myung,Reform of real estate policy,Pursue diplomacy based on national interest,US tactical nukes and nuclear sharing if needed,Phase in 4.5-day workweek,Prioritize social harmony,Progressive
R_4YIZ7OFiU8d76zT,Male,Capital Area,76,Graduate school,4,Other,Yoon Suk-yeol,Reduced real estate tax burden,Emphasize ROK-US alliance,Independent nuclear armament,Phase in 4.5-day workweek,Consensus before anti-discrimination law,Other
R_4ptEm3eqgkgyZTu,Female,Capital Area,59,University,3,People Power Party,Yoon Suk-yeol,Major expansion of public housing,Pursue diplomacy based on national interest,Independent nuclear armament,Implement universal job guarantee,Prioritize social harmony,Conservative
R_4gA8rQIkibgoNUo,Female,Yeongnam,38,University,4,Democratic Party,Yoon Suk-yeol,Reduced real estate tax burden,Pursue diplomacy based on national interest,Independent nuclear armament,Implement universal job guarantee,Prioritize social harmony,Progressive
R_4zUsg9xOiXAlGFH,Male,Yeongnam,48,University,5,Democratic Party,Did not vote,Major expansion of public housing,Emphasize ROK-US alliance,Independent nuclear armament,Phase in 4.5-day workweek,Oppose comprehensive anti-discrimination law,Progressive
R_4Ivzwueh4jYeJ1v,Male,Capital Area,57,High school,5,Other,Yoon Suk-yeol,Reform of real estate policy,Pursue diplomacy based on national interest,Independent nuclear armament,Flexible work hours,Prioritize social harmony,Conservative
R_4dVRlhukPDnpkNL,Female,Capital Area,71,University,6,People Power Party,Yoon Suk-yeol,Major expansion of public housing,Emphasize ROK-US alliance,US tactical nukes and nuclear sharing if needed,Promote harmony in labor relations,Oppose comprehensive anti-discrimination law,Progressive
R_4LtzXaQ78a3QeQI,Male,Capital Area,65,High school,10,People Power Party,Yoon Suk-yeol,Reduced real estate tax burden,Pursue diplomacy based on national interest,Independent nuclear armament,Implement universal job guarantee,Consensus before anti-discrimination law,Conservative
R_4YXpvb9WmYTLvKY,Male,Capital Area,65,High school,10,People Power Party,Yoon Suk-yeol,Reform of real estate policy,Emphasize ROK-US alliance,Reflect national interest in nuclear policy,Implement universal job guarantee,Prioritize social harmony,Conservative
R_4wBsaKT1IXZDwHW,Male,Capital Area,62,Graduate school,8,People Power Party,Yoon Suk-yeol,Reduced real estate tax burden,Emphasize ROK-US alliance,Independent nuclear armament,Flexible work hours,Prioritize social harmony,Conservative
R_45MR6MbGsAtwsw1,Male,Capital Area,61,University,5,Other,Did not vote,Major expansion of public housing,Pursue diplomacy based on national interest,Independent nuclear armament,Flexible work hours,Prioritize social harmony,Other
R_4QGVDiuajFDrYLF,Male,Capital Area,75,University,2,Other,Lee Jae-myung,Stronger real estate taxation,Balanced diplomacy between US and China,Independent nuclear armament,Flexible work hours,Prioritize social harmony,Other
R_4eXhWOlF0gb59hT,Male,Yeongnam,57,High school,1,Other,Lee Jae-myung,Stronger real estate taxation,Early restart of economic cooperation with North Korea,Independent nuclear armament,Promote harmony in labor relations,Consensus before anti-discrimination law,Progressive
R_4T775dlmJ05lfXj,Male,Capital Area,63,Graduate school,7,People Power Party,Yoon Suk-yeol,Major expansion of public housing,Pursue diplomacy based on national interest,US tactical nukes and nuclear sharing if needed,Promote harmony in labor relations,Consensus before anti-discrimination law,Conservative
R_4FXnBWbBJcThnVv,Female,Capital Area,62,High school,2,Democratic Party,Yoon Suk-yeol,Reduced real estate tax burden,Early restart of economic cooperation with North Korea,Reflect national interest in nuclear policy,Implement universal job guarantee,Prioritize social harmony,Progressive
R_4UlzLPwmQ2UiUgh,Male,Capital Area,36,University,6,People Power Party,Yoon Suk-yeol,Stronger real estate taxation,Emphasize ROK-US alliance,Independent nuclear armament,Phase in 4.5-day workweek,Quick enactment of anti-discrimination law,Conservative
R_4v6yOW8u8PrA6bR,Female,Capital Area,53,University,5,Green Justice Party,Lee Jae-myung,Stronger real estate taxation,Balanced diplomacy between US and China,Oppose nuclear weapons deployment,Phase in 4.5-day workweek,Quick enactment of anti-discrimination law,Progressive
R_4HGfOox3kTepF4J,Male,Yeongnam,30,University,10,People Power Party,Yoon Suk-yeol,Reform of real estate policy,Balanced diplomacy between US and China,Oppose nuclear weapons deployment,Phase in 4.5-day workweek,Quick enactment of anti-discrimination law,Conservative
R_4teWLT8LvvBTe0V,Female,Capital Area,44,University,4,Other,Did not vote,Major expansion of public housing,Pursue diplomacy based on national interest,Independent nuclear armament,Implement universal job guarantee,Quick enactment of anti-discrimination law,Progressive
R_4n8mdKZBIjvH6Aa,Male,Capital Area,35,University,5,Other,다른 후보,Reform of real estate policy,Pursue diplomacy based on national interest,Reflect national interest in nuclear policy,Promote harmony in labor relations,Quick enactment of anti-discrimination law,Other
R_4tlBlI4sC6fBdti,Male,Capital Area,54,University,5,Other,Lee Jae-myung,Major expansion of public housing,Pursue diplomacy based on national interest,Reflect national interest in nuclear policy,Flexible work hours,Quick enactment of anti-discrimination law,Other
R_4foSdrGfCbJqFC9,Female,Capital Area,51,Junior college,5,Other,Did not vote,Reform of real estate policy,Balanced diplomacy between US and China,US tactical nukes and nuclear sharing if needed,Implement universal job guarantee,Oppose comprehensive anti-discrimination law,Other
R_4w1NgHVRXqEeYz7,Male,Capital Area,39,University,5,Democratic Party,Lee Jae-myung,Reform of real estate policy,Pursue diplomacy based on national interest,US tactical nukes and nuclear sharing if needed,Phase in 4.5-day workweek,Quick enactment of anti-discrimination law,Progressive
R_4nTOp7rP2OdivJU,Female,Capital Area,51,University,6,People Power Party,Yoon Suk-yeol,Stronger real estate taxation,Early restart of economic cooperation with North Korea,Reflect national interest in nuclear policy,Implement universal job guarantee,Consensus before anti-discrimination law,Conservative
R_4XaSKkm2eSxfLLb,Male,Capital Area,53,University,5,Other,Lee Jae-myung,Reduced real estate tax burden,Pursue diplomacy based on national interest,Reflect national interest in nuclear policy,Flexible work hours,Quick enactment of anti-discrimination law,Other
R_4wb7nHXBkNUVyAF,Female,Capital Area,39,University,5,Other,Lee Jae-myung,Reform of real estate policy,Pursue diplomacy based on national interest,Oppose nuclear weapons deployment,Flexible work hours,Quick enactment of anti-discrimination law,Other
R_4moEHn99TU7znHz,Male,Capital Area,36,Graduate school,6,People Power Party,Yoon Suk-yeol,Stronger real estate taxation,Balanced diplomacy between US and China,Oppose nuclear weapons deployment,Promote harmony in labor relations,Quick enactment of anti-discrimination law,Conservative
R_4znyQeU0yTLmlga,Male,Yeongnam,40,University,5,Other,Did not vote,Reduced real estate tax burden,Pursue diplomacy based on national interest,Reflect national interest in nuclear policy,Promote harmony in labor relations,Consensus before anti-discrimination law,Other
R_4teJHZZWZnUJf3j,Female,Capital Area,47,High school,5,Democratic Party,Lee Jae-myung,Reform of real estate policy,Pursue diplomacy based on national interest,Independent nuclear armament,Implement universal job guarantee,Consensus before anti-discrimination law,Progressive
R_40rec1HNith6JYe,Female,Yeongnam,33,Junior college,9,Democratic Party,Lee Jae-myung,Reduced real estate tax burden,Emphasize ROK-US alliance,Reflect national interest in nuclear policy,Implement universal job guarantee,Consensus before anti-discrimination law,Progressive
R_4copNBdFt11kWCk,Female,Capital Area,46,University,5,Other,Did not vote,Stronger real estate taxation,Balanced diplomacy between US and China,Oppose nuclear weapons deployment,Promote harmony in labor relations,Quick enactment of anti-discrimination law,Other
R_4xhUHrHEdgUYSZ3,Female,Capital Area,51,University,6,Other,다른 후보,Major expansion of public housing,Pursue diplomacy based on national interest,Independent nuclear armament,Implement universal job guarantee,Quick enactment of anti-discrimination law,Progressive
R_4C7xwUe47pF75pl,Male,Yeongnam,45,Junior college,10,Other,Yoon Suk-yeol,Major expansion of public housing,Emphasize ROK-US alliance,Reflect national interest in nuclear policy,Phase in 4.5-day workweek,Consensus before anti-discrimination law,Conservative
R_4VIyf4OpYp8de3E,Male,Capital Area,54,University,3,Democratic Party,Lee Jae-myung,Reduced real estate tax burden,Balanced diplomacy between US and China,Independent nuclear armament,Phase in 4.5-day workweek,Prioritize social harmony,Conservative
R_4n405Dw5z3HBA2d,Male,Capital Area,48,University,6,Democratic Party,Lee Jae-myung,Reduced real estate tax burden,Pursue diplomacy based on national interest,Reflect national interest in nuclear policy,Implement universal job guarantee,Prioritize social harmony,Progressive
R_4cUMRGryEjrM7vZ,Female,Capital Area,22,High school,6,People Power Party,Yoon Suk-yeol,Reduced real estate tax burden,Emphasize ROK-US alliance,US tactical nukes and nuclear sharing if needed,Implement universal job guarantee,Quick enactment of anti-discrimination law,Conservative
R_4dB2Yj5vXeaX54B,Male,Capital Area,47,Graduate school,3,Democratic Party,Lee Jae-myung,Reduced real estate tax burden,Early restart of economic cooperation with North Korea,Reflect national interest in nuclear policy,Flexible work hours,Quick enactment of anti-discrimination law,Progressive
R_4qVCrE1ZYQ2C6lh,Female,Chungcheong-Honam,32,University,5,Democratic Party,Lee Jae-myung,Major expansion of public housing,Early restart of economic cooperation with North Korea,Reflect national interest in nuclear policy,Flexible work hours,Oppose comprehensive anti-discrimination law,Progressive
R_4mVMwMUD11wolD5,Male,Capital Area,48,University,1,People Power Party,Lee Jae-myung,Reform of real estate policy,Early restart of economic cooperation with North Korea,Independent nuclear armament,Implement universal job guarantee,Prioritize social harmony,Conservative
R_4P2k73FGCeosG2v,Female,Capital Area,55,High school,4,Other,Lee Jae-myung,Reduced real estate tax burden,Pursue diplomacy based on national interest,Independent nuclear armament,Implement universal job guarantee,Prioritize social harmony,Progressive
R_4lGhmJA1Mj3gQEN,Female,Capital Area,19,Junior college,5,Other,Could not vote,Reform of real estate policy,Emphasize ROK-US alliance,Reflect national interest in nuclear policy,Phase in 4.5-day workweek,Consensus before anti-discrimination law,Other
R_4AD9mJb0Yx2pznH,Male,Capital Area,23,University,6,Democratic Party,Lee Jae-myung,Stronger real estate taxation,Emphasize ROK-US alliance,Independent nuclear armament,Flexible work hours,Prioritize social harmony,Progressive
R_4zgVFoYYe4bWYrD,Female,Yeongnam,52,University,7,People Power Party,Yoon Suk-yeol,Reform of real estate policy,Emphasize ROK-US alliance,US tactical nukes and nuclear sharing if needed,Flexible work hours,Prioritize social harmony,Conservative
R_474um4w35nTahOx,Male,Yeongnam,23,Junior college,5,Other,Yoon Suk-yeol,Reform of real estate policy,Emphasize ROK-US alliance,Independent nuclear armament,Phase in 4.5-day workweek,Oppose comprehensive anti-discrimination law,Other
R_4HwxZmfStOOB2Z6,Female,Capital Area,46,Graduate school,5,Other,다른 후보,Major expansion of public housing,Balanced diplomacy between US and China,Oppose nuclear weapons deployment,Promote harmony in labor relations,Consensus before anti-discrimination law,Progressive
R_4O0pacTiPThZa5r,Female,Chungcheong-Honam,33,High school,5,Other,Did not vote,Stronger real estate taxation,Balanced diplomacy between US and China,Reflect national interest in nuclear policy,Flexible work hours,Consensus before anti-discrimination law,Progressive
R_4QDFdmdgAk1ffhN,Male,Capital Area,24,University,5,Democratic Party,Lee Jae-myung,Reduced real estate tax burden,Pursue diplomacy based on national interest,Reflect national interest in nuclear policy,Phase in 4.5-day workweek,Prioritize social harmony,Progressive
R_4Sk8J87iHPOgHhz,Female,Capital Area,22,Graduate school,7,Green Justice Party,Did not vote,Reduced real estate tax burden,Balanced diplomacy between US and China,Oppose nuclear weapons deployment,Implement universal job guarantee,Quick enactment of anti-discrimination law,Conservative
R_4xQKkoQVcyRLYHE,Female,Capital Area,36,University,6,People Power Party,Yoon Suk-yeol,Major expansion of public housing,Early restart of economic cooperation with North Korea,Oppose nuclear weapons deployment,Flexible work hours,Prioritize social harmony,Progressive
R_4kK18yRZ1gyo8dr,Female,Capital Area,54,University,9,People Power Party,Yoon Suk-yeol,Reduced real estate tax burden,Pursue diplomacy based on national interest,US tactical nukes and nuclear sharing if needed,Flexible work hours,Consensus before anti-discrimination law,Conservative
R_41bB0aRhoG898sO,Male,Yeongnam,37,High school,5,Democratic Party,Lee Jae-myung,Stronger real estate taxation,Early restart of economic cooperation with North Korea,Oppose nuclear weapons deployment,Phase in 4.5-day workweek,Prioritize social harmony,Other
R_4go3SSOxOc3i2Wk,Male,Capital Area,44,University,8,People Power Party,Yoon Suk-yeol,Stronger real estate taxation,Balanced diplomacy between US and China,Oppose nuclear weapons deployment,Phase in 4.5-day workweek,Consensus before anti-discrimination law,Conservative
R_4PAbpmzPQkuGiNC,Female,Capital Area,55,University,5,Democratic Party,Lee Jae-myung,Reform of real estate policy,Pursue diplomacy based on national interest,Independent nuclear armament,Implement universal job guarantee,Prioritize social harmony,Progressive
R_4EEhuKCzZJdnu43,Female,Capital Area,44,Junior college,1,Democratic Party,Lee Jae-myung,Reform of real estate policy,Pursue diplomacy based on national interest,Reflect national interest in nuclear policy,Phase in 4.5-day workweek,Oppose comprehensive anti-discrimination law,Progressive
R_4YccP678jSP6SAQ,Male,Capital Area,44,University,5,People Power Party,Yoon Suk-yeol,Reduced real estate tax burden,Balanced diplomacy between US and China,US tactical nukes and nuclear sharing if needed,Implement universal job guarantee,Prioritize social harmony,Conservative
R_4iR3nk4abTpiDzw,Male,Capital Area,38,University,9,Democratic Party,Lee Jae-myung,Reduced real estate tax burden,Early restart of economic cooperation with North Korea,Reflect national interest in nuclear policy,Promote harmony in labor relations,Prioritize social harmony,Progressive
R_4hSZEjcbPHABviS,Male,Capital Area,53,University,5,Democratic Party,Lee Jae-myung,Stronger real estate taxation,Pursue diplomacy based on national interest,Independent nuclear armament,Implement universal job guarantee,Consensus before anti-discrimination law,Progressive
R_44P0gWijt9vRnJu,Male,Capital Area,38,Junior college,5,Democratic Party,Lee Jae-myung,Major expansion of public housing,Pursue diplomacy based on national interest,Independent nuclear armament,Flexible work hours,Prioritize social harmony,Progressive
R_4DNwqBvqY8wSqOW,Male,Yeongnam,30,High school,6,Democratic Party,Lee Jae-myung,Major expansion of public housing,Emphasize ROK-US alliance,Reflect national interest in nuclear policy,Implement universal job guarantee,Prioritize social harmony,Other
R_4c0EiaGUGlSr5iB,Male,Capital Area,52,High school,5,Other,Lee Jae-myung,Stronger real estate taxation,Pursue diplomacy based on national interest,US tactical nukes and nuclear sharing if needed,Promote harmony in labor relations,Prioritize social harmony,Progressive
R_4ql6L3Xs3n0K3Jv,Male,Capital Area,28,University,8,People Power Party,Yoon Suk-yeol,Reform of real estate policy,Early restart of economic cooperation with North Korea,US tactical nukes and nuclear sharing if needed,Promote harmony in labor relations,Oppose comprehensive anti-discrimination law,Conservative
R_4J7wlqHztRaNhVT,Male,Yeongnam,28,Junior college,1,Other,다른 후보,Major expansion of public housing,Early restart of economic cooperation with North Korea,US tactical nukes and nuclear sharing if needed,Implement universal job guarantee,Consensus before anti-discrimination law,Other
R_4eakHxFzbvgnjY5,Female,Capital Area,45,High school,5,People Power Party,Yoon Suk-yeol,Major expansion of public housing,Pursue diplomacy based on national interest,Reflect national interest in nuclear policy,Phase in 4.5-day workweek,Quick enactment of anti-discrimination law,Conservative
R_4FLFIG6PWXjm887,Female,Chungcheong-Honam,52,Middle school,4,Other,Lee Jae-myung,Stronger real estate taxation,Pursue diplomacy based on national interest,Reflect national interest in nuclear policy,Phase in 4.5-day workweek,Consensus before anti-discrimination law,Progressive
R_4NaYi1RiMGlBXd3,Male,Capital Area,49,University,5,People Power Party,Yoon Suk-yeol,Reduced real estate tax burden,Emphasize ROK-US alliance,Independent nuclear armament,Flexible work hours,Quick enactment of anti-discrimination law,Conservative
R_4JEtBbhaVkhz5Ce,Male,Capital Area,52,Graduate school,6,People Power Party,Yoon Suk-yeol,Major expansion of public housing,Pursue diplomacy based on national interest,Independent nuclear armament,Flexible work hours,Prioritize social harmony,Conservative
R_44I5B1rW1ihar4I,Female,Chungcheong-Honam,21,High school,5,Other,Did not vote,Major expansion of public housing,Emphasize ROK-US alliance,Reflect national interest in nuclear policy,Implement universal job guarantee,Prioritize social harmony,Other
R_4GkefXEyEat4tko,Female,Capital Area,53,University,3,People Power Party,Lee Jae-myung,Reform of real estate policy,Balanced diplomacy between US and China,US tactical nukes and nuclear sharing if needed,Implement universal job guarantee,Consensus before anti-discrimination law,Progressive
R_4YOAdheX5I0POBr,Male,Capital Area,54,University,7,People Power Party,Yoon Suk-yeol,Stronger real estate taxation,Pursue diplomacy based on national interest,Reflect national interest in nuclear policy,Implement universal job guarantee,Oppose comprehensive anti-discrimination law,Conservative
R_4uvfoVIO36zYnsd,Male,Capital Area,54,High school,3,Democratic Party,Lee Jae-myung,Reform of real estate policy,Pursue diplomacy based on national interest,Reflect national interest in nuclear policy,Phase in 4.5-day workweek,Quick enactment of anti-discrimination law,Progressive
R_4fJBNvsnteSDoFJ,Male,Capital Area,53,Graduate school,2,Green Justice Party,심상정,Major expansion of public housing,Early restart of economic cooperation with North Korea,Oppose nuclear weapons deployment,Implement universal job guarantee,Quick enactment of anti-discrimination law,Progressive
R_4246YnhUk9kjK8N,Female,Capital Area,36,University,5,Other,심상정,Reform of real estate policy,Pursue diplomacy based on national interest,Independent nuclear armament,Phase in 4.5-day workweek,Prioritize social harmony,Other
R_4hVTVylBhTfz4JC,Male,Capital Area,44,University,5,Democratic Party,Lee Jae-myung,Major expansion of public housing,Pursue diplomacy based on national interest,Oppose nuclear weapons deployment,Implement universal job guarantee,Oppose comprehensive anti-discrimination law,Progressive
R_4GkTzxWubERzll7,Female,Capital Area,42,Junior college,5,Other,Yoon Suk-yeol,Reform of real estate policy,Pursue diplomacy based on national interest,Independent nuclear armament,Flexible work hours,Prioritize social harmony,Other
R_4KdLLTethbanOyJ,Male,Capital Area,48,University,5,People Power Party,Did not vote,Stronger real estate taxation,Pursue diplomacy based on national interest,Independent nuclear armament,Implement universal job guarantee,Quick enactment of anti-discrimination law,Conservative
R_424N0bvv1enQY7o,Male,Capital Area,56,University,9,People Power Party,Yoon Suk-yeol,Reduced real estate tax burden,Emphasize ROK-US alliance,Independent nuclear armament,Flexible work hours,Oppose comprehensive anti-discrimination law,Conservative
R_423einijhuEiRjQ,Male,Capital Area,51,Junior college,4,Other,Yoon Suk-yeol,Reduced real estate tax burden,Pursue diplomacy based on national interest,Independent nuclear armament,Phase in 4.5-day workweek,Quick enactment of anti-discrimination law,Progressive
R_44kCPSTpO4fkuLh,Female,Capital Area,48,University,6,Other,Lee Jae-myung,Reform of real estate policy,Pursue diplomacy based on national interest,Reflect national interest in nuclear policy,Phase in 4.5-day workweek,Prioritize social harmony,Conservative
R_4CDhi8uzN9VUrm7,Male,Capital Area,42,University,5,Democratic Party,Did not vote,Stronger real estate taxation,Pursue diplomacy based on national interest,Reflect national interest in nuclear policy,Implement universal job guarantee,Prioritize social harmony,Progressive
R_48TInmDfXmNKqFZ,Female,Capital Area,49,University,5,Other,Yoon Suk-yeol,Major expansion of public housing,Balanced diplomacy between US and China,Reflect national interest in nuclear policy,Flexible work hours,Quick enactment of anti-discrimination law,Other
R_4YJn8uDz2bokVyA,Female,Capital Area,35,Junior college,4,Democratic Party,Lee Jae-myung,Major expansion of public housing,Pursue diplomacy based on national interest,Reflect national interest in nuclear policy,Implement universal job guarantee,Consensus before anti-discrimination law,Progressive
R_4OrjQ4bgyAq8iZj,Female,Capital Area,32,High school,5,Democratic Party,Lee Jae-myung,Reduced real estate tax burden,Pursue diplomacy based on national interest,Independent nuclear armament,Implement universal job guarantee,Quick enactment of anti-discrimination law,Progressive
R_42ywkhvjbNuKoJM,Female,Capital Area,29,University,4,Other,Lee Jae-myung,Stronger real estate taxation,Pursue diplomacy based on national interest,Reflect national interest in nuclear policy,Flexible work hours,Prioritize social harmony,Progressive
R_4g0Btvr9IedubEL,Female,Capital Area,52,University,5,Other,Yoon Suk-yeol,Major expansion of public housing,Pursue diplomacy based on national interest,Reflect national interest in nuclear policy,Implement universal job guarantee,Consensus before anti-discrimination law,Conservative
R_4j8MrYDxrNR4Xfn,Male,Capital Area,44,University,5,Other,Lee Jae-myung,Reform of real estate policy,Pursue diplomacy based on national interest,US tactical nukes and nuclear sharing if needed,Promote harmony in labor relations,Prioritize social harmony,Other
R_4RpGnxYJE1PLxxW,Female,Capital Area,42,University,4,Democratic Party,Lee Jae-myung,Stronger real estate taxation,Pursue diplomacy based on national interest,US tactical nukes and nuclear sharing if needed,Phase in 4.5-day workweek,Consensus before anti-discrimination law,Progressive
R_4OeSUkSqBjqEYzq,Female,Yeongnam,41,Graduate school,7,Democratic Party,Lee Jae-myung,Stronger real estate taxation,Pursue diplomacy based on national interest,Oppose nuclear weapons deployment,Flexible work hours,Consensus before anti-discrimination law,Progressive
R_4Xy8h7x1FZsCquB,Female,Capital Area,43,University,7,People Power Party,Yoon Suk-yeol,Reduced real estate tax burden,Early restart of economic cooperation with North Korea,US tactical nukes and nuclear sharing if needed,Flexible work hours,Consensus before anti-discrimination law,Conservative
R_4r63FwlfhBpWv9x,Female,Capital Area,52,University,5,Other,Yoon Suk-yeol,Major expansion of public housing,Pursue diplomacy based on national interest,Reflect national interest in nuclear policy,Implement universal job guarantee,Prioritize social harmony,Other
R_4iwd5efqInvXJLr,Female,Capital Area,48,University,10,People Power Party,Yoon Suk-yeol,Reform of real estate policy,Pursue diplomacy based on national interest,US tactical nukes and nuclear sharing if needed,Promote harmony in labor relations,Prioritize social harmony,Conservative
R_4dFh3MzQ5sSQc3n,Male,Capital Area,32,Graduate school,7,People Power Party,Yoon Suk-yeol,Reduced real estate tax burden,Pursue diplomacy based on national interest,US tactical nukes and nuclear sharing if needed,Flexible work hours,Consensus before anti-discrimination law,Other
R_4pnwUZ1SHMevQgh,Male,Capital Area,35,University,9,People Power Party,Yoon Suk-yeol,Reduced real estate tax burden,Pursue diplomacy based on national interest,Independent nuclear armament,Flexible work hours,Prioritize social harmony,Conservative
R_46RpOYdF8udBGCZ,Male,Chungcheong-Honam,54,University,5,Other,Did not vote,Reform of real estate policy,Balanced diplomacy between US and China,US tactical nukes and nuclear sharing if needed,Flexible work hours,Quick enactment of anti-discrimination law,Progressive
R_4Y4azFewWg0kvW9,Male,Capital Area,37,University,5,People Power Party,Yoon Suk-yeol,Major expansion of public housing,Emphasize ROK-US alliance,Independent nuclear armament,Phase in 4.5-day workweek,Oppose comprehensive anti-discrimination law,Conservative
R_4RO7Ow4Jzt9nKud,Female,Capital Area,53,High school,1,Democratic Party,Lee Jae-myung,Reform of real estate policy,Balanced diplomacy between US and China,US tactical nukes and nuclear sharing if needed,Implement universal job guarantee,Quick enactment of anti-discrimination law,Progressive
R_41hqdqIqYWPiz8h,Male,Capital Area,34,University,10,Other,Lee Jae-myung,Stronger real estate taxation,Pursue diplomacy based on national interest,Oppose nuclear weapons deployment,Phase in 4.5-day workweek,Quick enactment of anti-discrimination law,Progressive
R_4F7G5zshESQ8WZj,Female,Capital Area,28,Junior college,3,Democratic Party,Lee Jae-myung,Major expansion of public housing,Pursue diplomacy based on national interest,Reflect national interest in nuclear policy,Phase in 4.5-day workweek,Consensus before anti-discrimination law,Conservative
R_4cYvYmsLhmNxbhD,Female,Capital Area,42,University,5,People Power Party,Yoon Suk-yeol,Stronger real estate taxation,Pursue diplomacy based on national interest,Reflect national interest in nuclear policy,Phase in 4.5-day workweek,Prioritize social harmony,Conservative
R_47vf6rpLlUNDE7A,Male,Chungcheong-Honam,47,University,4,Democratic Party,Lee Jae-myung,Major expansion of public housing,Pursue diplomacy based on national interest,US tactical nukes and nuclear sharing if needed,Phase in 4.5-day workweek,Prioritize social harmony,Progressive
R_4fd84ZfPpRpgmJj,Male,Capital Area,49,University,5,Democratic Party,Lee Jae-myung,Major expansion of public housing,Balanced diplomacy between US and China,Oppose nuclear weapons deployment,Phase in 4.5-day workweek,Quick enactment of anti-discrimination law,Progressive
R_4kG5krn1tA4hGj6,Female,Capital Area,52,University,2,Other,Lee Jae-myung,Major expansion of public housing,Balanced diplomacy between US and China,Reflect national interest in nuclear policy,Flexible work hours,Prioritize social harmony,Conservative
R_4qm3f88gvjKfXbz,Male,Capital Area,39,University,7,People Power Party,Lee Jae-myung,Reform of real estate policy,Balanced diplomacy between US and China,Oppose nuclear weapons deployment,Phase in 4.5-day workweek,Oppose comprehensive anti-discrimination law,Conservative
R_4YRQaJp8waQfMBi,Male,Capital Area,53,University,5,Other,Did not vote,Reform of real estate policy,Balanced diplomacy between US and China,Reflect national interest in nuclear policy,Implement universal job guarantee,Consensus before anti-discrimination law,Other
R_4CEuWA23yFJTSYp,Female,Capital Area,42,University,6,People Power Party,Lee Jae-myung,Major expansion of public housing,Emphasize ROK-US alliance,US tactical nukes and nuclear sharing if needed,Flexible work hours,Oppose comprehensive anti-discrimination law,Conservative
R_4TQLZ8Y6i0P1eet,Female,Capital Area,54,University,1,Other,Lee Jae-myung,Major expansion of public housing,Balanced diplomacy between US and China,Reflect national interest in nuclear policy,Phase in 4.5-day workweek,Quick enactment of anti-discrimination law,Progressive
R_4oVOu9RizQQhv8t,Female,Capital Area,42,Graduate school,6,People Power Party,Did not vote,Reform of real estate policy,Balanced diplomacy between US and China,Independent nuclear armament,Flexible work hours,Quick enactment of anti-discrimination law,Conservative
R_4erfmf9ZvyeVaj2,Male,Capital Area,25,High school,6,People Power Party,Yoon Suk-yeol,Reform of real estate policy,Pursue diplomacy based on national interest,Reflect national interest in nuclear policy,Phase in 4.5-day workweek,Prioritize social harmony,Conservative
R_4uupx5ymD9UdxWV,Male,Capital Area,43,University,5,Democratic Party,Lee Jae-myung,Major expansion of public housing,Early restart of economic cooperation with North Korea,Independent nuclear armament,Phase in 4.5-day workweek,Quick enactment of anti-discrimination law,Progressive
R_4EQVsWeYpGkVmMh,Female,Capital Area,25,University,4,Other,Lee Jae-myung,Major expansion of public housing,Pursue diplomacy based on national interest,Reflect national interest in nuclear policy,Phase in 4.5-day workweek,Prioritize social harmony,Progressive
R_4oRgJDZi2DLx2ih,Male,Capital Area,28,University,6,Other,Yoon Suk-yeol,Reduced real estate tax burden,Emphasize ROK-US alliance,Reflect national interest in nuclear policy,Phase in 4.5-day workweek,Prioritize social harmony,Conservative
R_4FnXuHJwfzf2HBj,Male,Capital Area,54,University,8,People Power Party,Yoon Suk-yeol,Reform of real estate policy,Emphasize ROK-US alliance,Independent nuclear armament,Flexible work hours,Prioritize social harmony,Conservative
R_4Yi9AmcNa1jIhlt,Male,Capital Area,54,Graduate school,5,People Power Party,Yoon Suk-yeol,Stronger real estate taxation,Early restart of economic cooperation with North Korea,Reflect national interest in nuclear policy,Phase in 4.5-day workweek,Oppose comprehensive anti-discrimination law,Conservative
R_4XKtuf1kXZgQCe5,Male,Capital Area,51,Graduate school,5,Other,Lee Jae-myung,Reduced real estate tax burden,Pursue diplomacy based on national interest,US tactical nukes and nuclear sharing if needed,Flexible work hours,Quick enactment of anti-discrimination law,Other
R_4gqmu25gqfQ12JT,Male,Capital Area,48,Graduate school,3,Democratic Party,Lee Jae-myung,Major expansion of public housing,Pursue diplomacy based on national interest,Reflect national interest in nuclear policy,Flexible work hours,Consensus before anti-discrimination law,Progressive
R_4c2AlFQd9eWWO8P,Female,Capital Area,38,Junior college,5,Other,Lee Jae-myung,Reform of real estate policy,Pursue diplomacy based on national interest,Independent nuclear armament,Flexible work hours,Prioritize social harmony,Other
R_4jTibe3lugMgUvr,Male,Capital Area,31,University,7,Other,Yoon Suk-yeol,Major expansion of public housing,Emphasize ROK-US alliance,US tactical nukes and nuclear sharing if needed,Flexible work hours,Oppose comprehensive anti-discrimination law,Conservative
R_4ffGLLG8heGutx1,Female,Capital Area,48,Graduate school,2,People Power Party,Yoon Suk-yeol,Reform of real estate policy,Balanced diplomacy between US and China,Independent nuclear armament,Flexible work hours,Quick enactment of anti-discrimination law,Conservative
R_4uTA6vME9gOsiaJ,Female,Capital Area,40,University,6,People Power Party,Yoon Suk-yeol,Reform of real estate policy,Pursue diplomacy based on national interest,Independent nuclear armament,Phase in 4.5-day workweek,Consensus before anti-discrimination law,Conservative
R_4CbQe4AXmoyKfzr,Male,Capital Area,18,High school,1,Other,Could not vote,Major expansion of public housing,Early restart of economic cooperation with North Korea,US tactical nukes and nuclear sharing if needed,Promote harmony in labor relations,Oppose comprehensive anti-discrimination law,Other
R_4sC3aaMf00XXk7D,Female,Capital Area,51,University,5,Democratic Party,Lee Jae-myung,Reduced real estate tax burden,Early restart of economic cooperation with North Korea,US tactical nukes and nuclear sharing if needed,Implement universal job guarantee,Consensus before anti-discrimination law,Progressive
R_4FFRoqPtCGypWmJ,Female,Capital Area,28,University,3,Democratic Party,Lee Jae-myung,Major expansion of public housing,Pursue diplomacy based on national interest,Reflect national interest in nuclear policy,Phase in 4.5-day workweek,Oppose comprehensive anti-discrimination law,Progressive
R_4zMeX5YXflcMSfU,Male,Capital Area,45,High school,2,Democratic Party,Did not vote,Reform of real estate policy,Pursue diplomacy based on national interest,Independent nuclear armament,Phase in 4.5-day workweek,Consensus before anti-discrimination law,Progressive
R_4fx7BQ57paXu9ZT,Female,Capital Area,45,Junior college,5,Democratic Party,Lee Jae-myung,Reduced real estate tax burden,Pursue diplomacy based on national interest,Oppose nuclear weapons deployment,Phase in 4.5-day workweek,Quick enactment of anti-discrimination law,Progressive
R_4KUdQYj7DRsaF2V,Female,Capital Area,51,Junior college,5,Other,Lee Jae-myung,Reform of real estate policy,Pursue diplomacy based on national interest,Independent nuclear armament,Implement universal job guarantee,Quick enactment of anti-discrimination law,Other
R_4H9CMLLEy3umPL3,Male,Capital Area,45,University,3,Democratic Party,Lee Jae-myung,Reduced real estate tax burden,Emphasize ROK-US alliance,US tactical nukes and nuclear sharing if needed,Phase in 4.5-day workweek,Consensus before anti-discrimination law,Progressive
R_4nI2tWa5wIpC0k8,Male,Capital Area,52,High school,7,Democratic Party,심상정,Major expansion of public housing,Early restart of economic cooperation with North Korea,Oppose nuclear weapons deployment,Implement universal job guarantee,Oppose comprehensive anti-discrimination law,Progressive
R_4TdkWMIZGTAfutr,Male,Capital Area,52,University,5,Democratic Party,다른 후보,Major expansion of public housing,Pursue diplomacy based on national interest,Independent nuclear armament,Implement universal job guarantee,Prioritize social harmony,Progressive
R_4VqIf2of3c4Fmkl,Male,Capital Area,54,University,4,Democratic Party,Lee Jae-myung,Major expansion of public housing,Balanced diplomacy between US and China,Reflect national interest in nuclear policy,Implement universal job guarantee,Prioritize social harmony,Progressive
R_4g3KJaseaDWU6J3,Female,Yeongnam,32,Junior college,5,Green Justice Party,Did not vote,Reform of real estate policy,Early restart of economic cooperation with North Korea,US tactical nukes and nuclear sharing if needed,Phase in 4.5-day workweek,Quick enactment of anti-discrimination law,Other
R_4ARO4HVQiXDZEy6,Female,Capital Area,46,University,5,Other,Yoon Suk-yeol,Reduced real estate tax burden,Emphasize ROK-US alliance,US tactical nukes and nuclear sharing if needed,Flexible work hours,Oppose comprehensive anti-discrimination law,Conservative
R_4jJ0kBBKHwgHPhL,Male,Capital Area,29,University,6,People Power Party,Yoon Suk-yeol,Stronger real estate taxation,Pursue diplomacy based on national interest,Oppose nuclear weapons deployment,Flexible work hours,Quick enactment of anti-discrimination law,Conservative
R_4lJLj98UclGsYmC,Male,Capital Area,45,High school,5,Democratic Party,Lee Jae-myung,Reform of real estate policy,Pursue diplomacy based on national interest,US tactical nukes and nuclear sharing if needed,Phase in 4.5-day workweek,Quick enactment of anti-discrimination law,Progressive
R_4I3qLhMvDNyEhaI,Male,Chungcheong-Honam,45,University,6,Other,Did not vote,Major expansion of public housing,Pursue diplomacy based on national interest,US tactical nukes and nuclear sharing if needed,Flexible work hours,Consensus before anti-discrimination law,Other
R_4g8bmW5YD1AoV02,Female,Yeongnam,53,High school,5,Democratic Party,Lee Jae-myung,Major expansion of public housing,Pursue diplomacy based on national interest,US tactical nukes and nuclear sharing if needed,Implement universal job guarantee,Consensus before anti-discrimination law,Conservative
R_4J8garRJuOpqYxj,Male,Capital Area,47,High school,5,People Power Party,Did not vote,Major expansion of public housing,Emphasize ROK-US alliance,US tactical nukes and nuclear sharing if needed,Phase in 4.5-day workweek,Consensus before anti-discrimination law,Other
R_4ruMqr8bDLDJEZ6,Female,Capital Area,44,University,3,Democratic Party,Lee Jae-myung,Reform of real estate policy,Pursue diplomacy based on national interest,US tactical nukes and nuclear sharing if needed,Phase in 4.5-day workweek,Consensus before anti-discrimination law,Other
R_4plHyuB1vphUksa,Male,Capital Area,33,Junior college,8,People Power Party,Yoon Suk-yeol,Reduced real estate tax burden,Emphasize ROK-US alliance,Independent nuclear armament,Flexible work hours,Consensus before anti-discrimination law,Conservative
R_4pq4On9boot9Xax,Male,Capital Area,37,Graduate school,4,Democratic Party,Lee Jae-myung,Major expansion of public housing,Early restart of economic cooperation with North Korea,Reflect national interest in nuclear policy,Phase in 4.5-day workweek,Prioritize social harmony,Progressive
R_4dtHHwXPJqkGZBv,Female,Capital Area,27,Graduate school,6,Democratic Party,Lee Jae-myung,Major expansion of public housing,Pursue diplomacy based on national interest,Reflect national interest in nuclear policy,Phase in 4.5-day workweek,Quick enactment of anti-discrimination law,Progressive
R_4QRFh60gfwPXyI8,Male,Capital Area,49,University,6,People Power Party,Did not vote,Reduced real estate tax burden,Balanced diplomacy between US and China,Independent nuclear armament,Flexible work hours,Consensus before anti-discrimination law,Progressive
R_42R8X6bpOnBQImW,Male,Capital Area,51,University,5,Other,심상정,Major expansion of public housing,Pursue diplomacy based on national interest,US tactical nukes and nuclear sharing if needed,Phase in 4.5-day workweek,Consensus before anti-discrimination law,Other
R_4PHii1nLxzKlsad,Female,Capital Area,32,University,5,Other,다른 후보,Reform of real estate policy,Pursue diplomacy based on national interest,Reflect national interest in nuclear policy,Implement universal job guarantee,Oppose comprehensive anti-discrimination law,Other
R_4h5ZkoUeVvrYig9,Female,Capital Area,34,Junior college,5,Other,Did not vote,Major expansion of public housing,Emphasize ROK-US alliance,Oppose nuclear weapons deployment,Phase in 4.5-day workweek,Prioritize social harmony,Other
R_43xPDIKkYhv09fd,Female,Capital Area,41,University,5,Other,Yoon Suk-yeol,Stronger real estate taxation,Balanced diplomacy between US and China,Reflect national interest in nuclear policy,Phase in 4.5-day workweek,Oppose comprehensive anti-discrimination law,Other
R_4tmKkZNSso9jy41,Female,Yeongnam,54,Graduate school,5,People Power Party,Did not vote,Reform of real estate policy,Pursue diplomacy based on national interest,Reflect national interest in nuclear policy,Implement universal job guarantee,Consensus before anti-discrimination law,Conservative
R_4e8rvc5bdn9SJLv,Male,Capital Area,53,University,8,People Power Party,Yoon Suk-yeol,Major expansion of public housing,Emphasize ROK-US alliance,US tactical nukes and nuclear sharing if needed,Implement universal job guarantee,Consensus before anti-discrimination law,Conservative
R_4uQASZqHVzBI9Gb,Female,Capital Area,44,University,8,People Power Party,Yoon Suk-yeol,Reduced real estate tax burden,Emphasize ROK-US alliance,US tactical nukes and nuclear sharing if needed,Flexible work hours,Consensus before anti-discrimination law,Conservative
R_4M2zgTeOyW9p0ad,Male,Capital Area,39,Junior college,10,People Power Party,Yoon Suk-yeol,Major expansion of public housing,Pursue diplomacy based on national interest,US tactical nukes and nuclear sharing if needed,Phase in 4.5-day workweek,Oppose comprehensive anti-discrimination law,Conservative
R_44eNdvWGeXRZcO0,Male,Capital Area,39,Graduate school,5,Other,Yoon Suk-yeol,Reform of real estate policy,Balanced diplomacy between US and China,Independent nuclear armament,Phase in 4.5-day workweek,Oppose comprehensive anti-discrimination law,Conservative
R_4BRA2vlOOeciIVk,Male,Capital Area,44,University,5,Democratic Party,Lee Jae-myung,Stronger real estate taxation,Pursue diplomacy based on national interest,Reflect national interest in nuclear policy,Phase in 4.5-day workweek,Prioritize social harmony,Progressive
R_4EcexQPZRHPsV5a,Male,Capital Area,38,University,5,People Power Party,다른 후보,Major expansion of public housing,Early restart of economic cooperation with North Korea,Independent nuclear armament,Implement universal job guarantee,Quick enactment of anti-discrimination law,Progressive
R_4eVCLkSkGoubDzW,Male,Chungcheong-Honam,39,University,5,Other,Lee Jae-myung,Major expansion of public housing,Pursue diplomacy based on national interest,Independent nuclear armament,Phase in 4.5-day workweek,Prioritize social harmony,Progressive
R_4DufmdSvRLBPWkF,Male,Capital Area,47,High school,5,Other,Lee Jae-myung,Major expansion of public housing,Early restart of economic cooperation with North Korea,US tactical nukes and nuclear sharing if needed,Flexible work hours,Prioritize social harmony,Progressive
R_4D1SlNWhDzezE5R,Female,Capital Area,43,High school,5,Other,Did not vote,Stronger real estate taxation,Pursue diplomacy based on national interest,US tactical nukes and nuclear sharing if needed,Flexible work hours,Quick enactment of anti-discrimination law,Other
R_4PvZU1H937ES6mM,Male,Chungcheong-Honam,53,Junior college,3,Democratic Party,Lee Jae-myung,Reform of real estate policy,Balanced diplomacy between US and China,US tactical nukes and nuclear sharing if needed,Flexible work hours,Quick enactment of anti-discrimination law,Progressive
R_4TI8Slidsi0frRk,Male,Capital Area,38,University,5,Other,Lee Jae-myung,Major expansion of public housing,Pursue diplomacy based on national interest,US tactical nukes and nuclear sharing if needed,Flexible work hours,Quick enactment of anti-discrimination law,Other
R_4gkiqe3Z1p1iA4Q,Female,Capital Area,40,University,5,Democratic Party,Lee Jae-myung,Reform of real estate policy,Pursue diplomacy based on national interest,Reflect national interest in nuclear policy,Implement universal job guarantee,Consensus before anti-discrimination law,Progressive
R_4r2J2yRWh6IZCjx,Male,Capital Area,50,High school,4,Other,Lee Jae-myung,Reform of real estate policy,Pursue diplomacy based on national interest,Oppose nuclear weapons deployment,Phase in 4.5-day workweek,Quick enactment of anti-discrimination law,Progressive
R_4fuPn3nnjNSbVPQ,Male,Yeongnam,51,High school,10,Other,Did not vote,Major expansion of public housing,Pursue diplomacy based on national interest,Independent nuclear armament,Flexible work hours,Quick enactment of anti-discrimination law,Conservative
R_4qrHKjmFA75vAR3,Male,Capital Area,45,University,4,Democratic Party,Lee Jae-myung,Major expansion of public housing,Balanced diplomacy between US and China,Independent nuclear armament,Phase in 4.5-day workweek,Consensus before anti-discrimination law,Progressive
R_4Okjd7o7v15KeYR,Female,Capital Area,43,High school,6,Democratic Party,Lee Jae-myung,Reduced real estate tax burden,Pursue diplomacy based on national interest,US tactical nukes and nuclear sharing if needed,Implement universal job guarantee,Consensus before anti-discrimination law,Progressive
R_4wyJ8KokOnJCKOQ,Male,Capital Area,40,High school,2,Democratic Party,Lee Jae-myung,Major expansion of public housing,Emphasize ROK-US alliance,US tactical nukes and nuclear sharing if needed,Flexible work hours,Consensus before anti-discrimination law,Progressive
R_4ZpMglF69YpHVnj,Male,Capital Area,33,University,8,People Power Party,Yoon Suk-yeol,Reduced real estate tax burden,Emphasize ROK-US alliance,Independent nuclear armament,Phase in 4.5-day workweek,Oppose comprehensive anti-discrimination law,Conservative
R_4ANei3MmhJFjBnD,Male,Capital Area,45,Junior college,8,People Power Party,Yoon Suk-yeol,Reduced real estate tax burden,Emphasize ROK-US alliance,US tactical nukes and nuclear sharing if needed,Implement universal job guarantee,Prioritize social harmony,Conservative
R_4SkrOou2qr04glH,Male,Capital Area,47,University,4,Democratic Party,심상정,Reform of real estate policy,Pursue diplomacy based on national interest,US tactical nukes and nuclear sharing if needed,Flexible work hours,Oppose comprehensive anti-discrimination law,Conservative
R_4Evc6ttr9nDl8rD,Female,Capital Area,42,University,5,Democratic Party,Lee Jae-myung,Stronger real estate taxation,Pursue diplomacy based on national interest,Independent nuclear armament,Promote harmony in labor relations,Consensus before anti-discrimination law,Progressive
R_4R8PnuYO8g2mPIW,Male,Chungcheong-Honam,53,University,3,Democratic Party,Yoon Suk-yeol,Reform of real estate policy,Pursue diplomacy based on national interest,US tactical nukes and nuclear sharing if needed,Flexible work hours,Prioritize social harmony,Progressive
R_4iRg5YLHRiLO8TL,Female,Capital Area,50,University,5,Other,Did not vote,Reduced real estate tax burden,Pursue diplomacy based on national interest,Reflect national interest in nuclear policy,Flexible work hours,Quick enactment of anti-discrimination law,Conservative
R_4oHG5hD21teTURc,Female,Yeongnam,46,University,5,Democratic Party,Yoon Suk-yeol,Stronger real estate taxation,Balanced diplomacy between US and China,Reflect national interest in nuclear policy,Phase in 4.5-day workweek,Quick enactment of anti-discrimination law,Progressive
R_4LklFm734n3tbeP,Male,Capital Area,44,Graduate school,5,Other,Lee Jae-myung,Reform of real estate policy,Pursue diplomacy based on national interest,Independent nuclear armament,Implement universal job guarantee,Quick enactment of anti-discrimination law,Progressive
R_4ohbtBY7Jdk3Jv3,Male,Capital Area,48,University,6,Other,Yoon Suk-yeol,Stronger real estate taxation,Pursue diplomacy based on national interest,Independent nuclear armament,Implement universal job guarantee,Quick enactment of anti-discrimination law,Other
R_41ZRynKDX18orVK,Female,Capital Area,50,University,7,People Power Party,Yoon Suk-yeol,Reform of real estate policy,Pursue diplomacy based on national interest,Independent nuclear armament,Flexible work hours,Consensus before anti-discrimination law,Conservative
R_4GcyHuGl38NC4h2,Female,Capital Area,54,University,3,Democratic Party,Lee Jae-myung,Reduced real estate tax burden,Pursue diplomacy based on national interest,Reflect national interest in nuclear policy,Promote harmony in labor relations,Quick enactment of anti-discrimination law,Progressive
R_4GN9MmqpmMlpuT6,Male,Capital Area,47,University,3,Democratic Party,Lee Jae-myung,Stronger real estate taxation,Balanced diplomacy between US and China,Independent nuclear armament,Flexible work hours,Oppose comprehensive anti-discrimination law,Conservative
R_4R1C0b0peKm4A1P,Male,Capital Area,48,University,8,People Power Party,Yoon Suk-yeol,Reduced real estate tax burden,Emphasize ROK-US alliance,US tactical nukes and nuclear sharing if needed,Phase in 4.5-day workweek,Oppose comprehensive anti-discrimination law,Conservative
R_41Bj0sCf4MyOI1w,Female,Capital Area,39,University,5,Other,Did not vote,Reduced real estate tax burden,Pursue diplomacy based on national interest,Reflect national interest in nuclear policy,Phase in 4.5-day workweek,Prioritize social harmony,Progressive
R_4PiwxA65ylUTEGq,Female,Chungcheong-Honam,42,High school,5,People Power Party,Lee Jae-myung,Stronger real estate taxation,Pursue diplomacy based on national interest,Reflect national interest in nuclear policy,Flexible work hours,Prioritize social harmony,Conservative
R_4HpiCn91wRsLh51,Male,Yeongnam,41,University,5,People Power Party,Yoon Suk-yeol,Major expansion of public housing,Emphasize ROK-US alliance,Reflect national interest in nuclear policy,Flexible work hours,Prioritize social harmony,Progressive
R_4DSxMUSyefZSaIz,Female,Yeongnam,34,University,5,People Power Party,Could not vote,Reduced real estate tax burden,Early restart of economic cooperation with North Korea,US tactical nukes and nuclear sharing if needed,Promote harmony in labor relations,Prioritize social harmony,Other
R_4iEGymY0PVHphQC,Male,Capital Area,50,Junior college,4,Democratic Party,Lee Jae-myung,Stronger real estate taxation,Pursue diplomacy based on national interest,Reflect national interest in nuclear policy,Promote harmony in labor relations,Consensus before anti-discrimination law,Progressive
R_4gvaSVaGWEQduwH,Male,Chungcheong-Honam,50,High school,10,People Power Party,Yoon Suk-yeol,Major expansion of public housing,Emphasize ROK-US alliance,Reflect national interest in nuclear policy,Implement universal job guarantee,Consensus before anti-discrimination law,Conservative
R_4ov3OBGPILYVF5f,Female,Capital Area,33,University,5,Other,다른 후보,Reform of real estate policy,Balanced diplomacy between US and China,Reflect national interest in nuclear policy,Promote harmony in labor relations,Quick enactment of anti-discrimination law,Other
R_4FJQwoxcv3bMzar,Female,Capital Area,44,University,5,Other,Yoon Suk-yeol,Reduced real estate tax burden,Emphasize ROK-US alliance,Independent nuclear armament,Phase in 4.5-day workweek,Consensus before anti-discrimination law,Progressive
R_4egZDo2WKPfXMVT,Female,Capital Area,41,University,5,Other,Did not vote,Reform of real estate policy,Pursue diplomacy based on national interest,US tactical nukes and nuclear sharing if needed,Phase in 4.5-day workweek,Consensus before anti-discrimination law,Progressive
R_4D0vujQQrVBqpyJ,Female,Capital Area,30,University,5,Other,Yoon Suk-yeol,Major expansion of public housing,Emphasize ROK-US alliance,Reflect national interest in nuclear policy,Implement universal job guarantee,Consensus before anti-discrimination law,Other
R_42aTSoyQnzLFN20,Female,Capital Area,34,University,5,Democratic Party,Lee Jae-myung,Reform of real estate policy,Emphasize ROK-US alliance,Independent nuclear armament,Flexible work hours,Prioritize social harmony,Other
R_46l00b3T9w1uyTy,Male,Capital Area,54,University,7,People Power Party,Yoon Suk-yeol,Reduced real estate tax burden,Pursue diplomacy based on national interest,Independent nuclear armament,Implement universal job guarantee,Prioritize social harmony,Conservative
R_4KvVdAxVI00IZ56,Female,Capital Area,45,University,5,Democratic Party,Lee Jae-myung,Stronger real estate taxation,Pursue diplomacy based on national interest,Reflect national interest in nuclear policy,Phase in 4.5-day workweek,Consensus before anti-discrimination law,Conservative
R_4feM04BsVV14g0p,Male,Capital Area,40,University,3,Democratic Party,Lee Jae-myung,Reform of real estate policy,Pursue diplomacy based on national interest,Independent nuclear armament,Flexible work hours,Oppose comprehensive anti-discrimination law,Progressive
R_4pkWltpAyuDv4uD,Male,Capital Area,42,University,8,People Power Party,Yoon Suk-yeol,Reduced real estate tax burden,Pursue diplomacy based on national interest,Oppose nuclear weapons deployment,Flexible work hours,Consensus before anti-discrimination law,Conservative
R_4ts2RoKINwMztQZ,Female,Capital Area,50,Junior college,5,Other,Did not vote,Reform of real estate policy,Pursue diplomacy based on national interest,Independent nuclear armament,Promote harmony in labor relations,Prioritize social harmony,Progressive
R_4eu3gA6Lq6ehP0t,Male,Capital Area,37,University,5,Other,Yoon Suk-yeol,Reform of real estate policy,Balanced diplomacy between US and China,Independent nuclear armament,Phase in 4.5-day workweek,Consensus before anti-discrimination law,Conservative
R_4AMa1OiOG1u6sxR,Male,Capital Area,43,Junior college,4,Democratic Party,Lee Jae-myung,Stronger real estate taxation,Balanced diplomacy between US and China,Independent nuclear armament,Phase in 4.5-day workweek,Quick enactment of anti-discrimination law,Other
R_4HIWsCm5fVCPrpv,Male,Capital Area,35,University,10,People Power Party,Yoon Suk-yeol,Major expansion of public housing,Balanced diplomacy between US and China,Independent nuclear armament,Phase in 4.5-day workweek,Consensus before anti-discrimination law,Conservative
R_4PLhOcOUQHMcwjD,Male,Capital Area,21,High school,3,Democratic Party,Lee Jae-myung,Reform of real estate policy,Pursue diplomacy based on national interest,Independent nuclear armament,Phase in 4.5-day workweek,Prioritize social harmony,Conservative
R_4lvBjloDRHjbtV7,Male,Yeongnam,40,High school,4,Democratic Party,Lee Jae-myung,Reform of real estate policy,Pursue diplomacy based on national interest,Reflect national interest in nuclear policy,Promote harmony in labor relations,Oppose comprehensive anti-discrimination law,Other
R_48CaR2bRzF90gEI,Male,Capital Area,38,University,8,People Power Party,Yoon Suk-yeol,Major expansion of public housing,Emphasize ROK-US alliance,US tactical nukes and nuclear sharing if needed,Promote harmony in labor relations,Oppose comprehensive anti-discrimination law,Conservative
R_4x12cHJbf24eNsB,Female,Yeongnam,36,University,5,Democratic Party,Lee Jae-myung,Reform of real estate policy,Balanced diplomacy between US and China,US tactical nukes and nuclear sharing if needed,Phase in 4.5-day workweek,Consensus before anti-discrimination law,Progressive
R_4EXf6CbbJ3rlnkf,Male,Chungcheong-Honam,28,University,6,People Power Party,Yoon Suk-yeol,Reform of real estate policy,Balanced diplomacy between US and China,US tactical nukes and nuclear sharing if needed,Phase in 4.5-day workweek,Oppose comprehensive anti-discrimination law,Conservative
R_4vEsxizFYnPqdKF,Male,Chungcheong-Honam,49,University,6,Democratic Party,Lee Jae-myung,Stronger real estate taxation,Balanced diplomacy between US and China,Independent nuclear armament,Promote harmony in labor relations,Prioritize social harmony,Progressive
R_4CBpyTKZgczewgU,Male,Capital Area,31,University,5,Democratic Party,Lee Jae-myung,Stronger real estate taxation,Early restart of economic cooperation with North Korea,Oppose nuclear weapons deployment,Phase in 4.5-day workweek,Quick enactment of anti-discrimination law,Other
R_4ebhD7d6az5G0UI,Female,Capital Area,33,University,8,Other,심상정,Reform of real estate policy,Early restart of economic cooperation with North Korea,US tactical nukes and nuclear sharing if needed,Implement universal job guarantee,Oppose comprehensive anti-discrimination law,Progressive
R_4DzHUYKx8ev8IwS,Male,Capital Area,51,University,7,People Power Party,Yoon Suk-yeol,Reduced real estate tax burden,Balanced diplomacy between US and China,US tactical nukes and nuclear sharing if needed,Phase in 4.5-day workweek,Quick enactment of anti-discrimination law,Conservative
R_4P0akB9KZGs5CeD,Female,Chungcheong-Honam,37,High school,5,Other,Did not vote,Stronger real estate taxation,Emphasize ROK-US alliance,Reflect national interest in nuclear policy,Implement universal job guarantee,Quick enactment of anti-discrimination law,Progressive
R_4zERiLDviksSpzj,Female,Capital Area,23,University,4,Democratic Party,Lee Jae-myung,Reduced real estate tax burden,Emphasize ROK-US alliance,US tactical nukes and nuclear sharing if needed,Implement universal job guarantee,Quick enactment of anti-discrimination law,Conservative
R_4pKcPD27qOkLmZC,Female,Capital Area,29,University,5,Other,다른 후보,Reduced real estate tax burden,Emphasize ROK-US alliance,US tactical nukes and nuclear sharing if needed,Phase in 4.5-day workweek,Quick enactment of anti-discrimination law,Other
R_4y9nnV8VGsqzBdq,Male,Yeongnam,34,University,4,Democratic Party,Lee Jae-myung,Stronger real estate taxation,Emphasize ROK-US alliance,US tactical nukes and nuclear sharing if needed,Phase in 4.5-day workweek,Consensus before anti-discrimination law,Other
R_4cS1dfjB1G2kVzz,Female,Capital Area,31,University,5,Other,Lee Jae-myung,Major expansion of public housing,Pursue diplomacy based on national interest,Oppose nuclear weapons deployment,Phase in 4.5-day workweek,Quick enactment of anti-discrimination law,Progressive
R_433CQJdAfJ0M59b,Female,Capital Area,28,University,10,People Power Party,Yoon Suk-yeol,Stronger real estate taxation,Early restart of economic cooperation with North Korea,Oppose nuclear weapons deployment,Flexible work hours,Consensus before anti-discrimination law,Conservative
R_4aOD2wwxEm9zGM2,Female,Capital Area,42,High school,5,Other,Did not vote,Reduced real estate tax burden,Pursue diplomacy based on national interest,Reflect national interest in nuclear policy,Implement universal job guarantee,Consensus before anti-discrimination law,Other
R_4haWy4hR4exWt39,Male,Capital Area,38,University,10,Other,Lee Jae-myung,Reform of real estate policy,Emphasize ROK-US alliance,Reflect national interest in nuclear policy,Flexible work hours,Prioritize social harmony,Conservative
R_4qrtRLUXARVg6rW,Female,Capital Area,32,University,7,Other,Yoon Suk-yeol,Reform of real estate policy,Pursue diplomacy based on national interest,US tactical nukes and nuclear sharing if needed,Phase in 4.5-day workweek,Prioritize social harmony,Conservative
R_4EzEhMlmnLwiS7b,Male,Capital Area,48,High school,5,Democratic Party,Lee Jae-myung,Stronger real estate taxation,Pursue diplomacy based on national interest,Oppose nuclear weapons deployment,Phase in 4.5-day workweek,Quick enactment of anti-discrimination law,Progressive
R_4G7XhU87mXtwq8c,Female,Capital Area,47,Graduate school,6,People Power Party,Yoon Suk-yeol,Reform of real estate policy,Emphasize ROK-US alliance,US tactical nukes and nuclear sharing if needed,Phase in 4.5-day workweek,Quick enactment of anti-discrimination law,Conservative
R_4sANi6Qffiu6z9n,Male,Chungcheong-Honam,53,High school,7,Other,Lee Jae-myung,Reform of real estate policy,Pursue diplomacy based on national interest,Oppose nuclear weapons deployment,Promote harmony in labor relations,Oppose comprehensive anti-discrimination law,Other
R_4uerHjXIiUvyawV,Male,Capital Area,32,University,5,People Power Party,다른 후보,Reform of real estate policy,Pursue diplomacy based on national interest,US tactical nukes and nuclear sharing if needed,Promote harmony in labor relations,Prioritize social harmony,Progressive
R_4g1QMsQTenS3ZVC,Male,Capital Area,39,University,3,Democratic Party,Lee Jae-myung,Reduced real estate tax burden,Balanced diplomacy between US and China,US tactical nukes and nuclear sharing if needed,Phase in 4.5-day workweek,Quick enactment of anti-discrimination law,Progressive
R_45LKaYrxcKhfzHP,Female,Capital Area,35,Graduate school,4,Democratic Party,Lee Jae-myung,Major expansion of public housing,Balanced diplomacy between US and China,Oppose nuclear weapons deployment,Flexible work hours,Quick enactment of anti-discrimination law,Progressive
R_4ozPLkBlMoGem91,Female,Capital Area,28,Junior college,5,Other,Yoon Suk-yeol,Reform of real estate policy,Pursue diplomacy based on national interest,Independent nuclear armament,Implement universal job guarantee,Oppose comprehensive anti-discrimination law,Other
R_4Ofp9Y5uiHpayaJ,Male,Capital Area,28,University,6,Democratic Party,Yoon Suk-yeol,Reform of real estate policy,Emphasize ROK-US alliance,US tactical nukes and nuclear sharing if needed,Implement universal job guarantee,Prioritize social harmony,Progressive
R_4JQkeA8L5Kxvmqg,Female,Capital Area,41,University,5,Democratic Party,Lee Jae-myung,Reduced real estate tax burden,Emphasize ROK-US alliance,Independent nuclear armament,Implement universal job guarantee,Quick enactment of anti-discrimination law,Progressive
R_4hwIod4XRjjiD7P,Female,Capital Area,25,University,6,Other,Did not vote,Reform of real estate policy,Emphasize ROK-US alliance,Reflect national interest in nuclear policy,Flexible work hours,Prioritize social harmony,Other
R_4R4rDcmVxcimt3M,Male,Capital Area,29,University,5,Democratic Party,Yoon Suk-yeol,Reduced real estate tax burden,Early restart of economic cooperation with North Korea,Reflect national interest in nuclear policy,Flexible work hours,Quick enactment of anti-discrimination law,Conservative
R_4yN6457a10quMEx,Male,Capital Area,46,Graduate school,7,People Power Party,Yoon Suk-yeol,Reduced real estate tax burden,Emphasize ROK-US alliance,US tactical nukes and nuclear sharing if needed,Phase in 4.5-day workweek,Prioritize social harmony,Conservative
R_41i1g5cDvef9Rug,Female,Chungcheong-Honam,31,Junior college,6,Other,Yoon Suk-yeol,Reform of real estate policy,Balanced diplomacy between US and China,US tactical nukes and nuclear sharing if needed,Implement universal job guarantee,Prioritize social harmony,Conservative
R_4g5g0tICP7fKfbi,Male,Chungcheong-Honam,52,University,9,People Power Party,Yoon Suk-yeol,Stronger real estate taxation,Balanced diplomacy between US and China,Oppose nuclear weapons deployment,Phase in 4.5-day workweek,Prioritize social harmony,Conservative
R_4j8LvHJBIVa1EdT,Female,Capital Area,33,Graduate school,3,Democratic Party,Lee Jae-myung,Reduced real estate tax burden,Pursue diplomacy based on national interest,Reflect national interest in nuclear policy,Flexible work hours,Prioritize social harmony,Progressive
R_4TRyn0lQ5v4D8Qw,Female,Capital Area,45,University,5,Democratic Party,Lee Jae-myung,Reduced real estate tax burden,Early restart of economic cooperation with North Korea,Reflect national interest in nuclear policy,Promote harmony in labor relations,Prioritize social harmony,Progressive
R_4huTseFNzaePZeQ,Female,Yeongnam,50,University,5,Other,Lee Jae-myung,Reduced real estate tax burden,Pursue diplomacy based on national interest,Independent nuclear armament,Phase in 4.5-day workweek,Oppose comprehensive anti-discrimination law,Other
R_4sCPDwbeaisWErD,Female,Capital Area,33,University,5,Other,Yoon Suk-yeol,Reform of real estate policy,Pursue diplomacy based on national interest,US tactical nukes and nuclear sharing if needed,Flexible work hours,Quick enactment of anti-discrimination law,Other
R_4sofLQEIDWAZtUx,Female,Capital Area,33,University,7,People Power Party,다른 후보,Major expansion of public housing,Emphasize ROK-US alliance,US tactical nukes and nuclear sharing if needed,Phase in 4.5-day workweek,Quick enactment of anti-discrimination law,Other
R_4mJWK4ZQI1ocDiC,Female,Capital Area,44,High school,5,Democratic Party,Lee Jae-myung,Major expansion of public housing,Pursue diplomacy based on national interest,Independent nuclear armament,Implement universal job guarantee,Prioritize social harmony,Other
R_4st7tVcr5Euf9eR,Female,Chungcheong-Honam,48,High school,2,Democratic Party,Did not vote,Reform of real estate policy,Pursue diplomacy based on national interest,Independent nuclear armament,Flexible work hours,Oppose comprehensive anti-discrimination law,Progressive
R_4wsix8HeOLou7EX,Female,Capital Area,32,University,3,Democratic Party,Lee Jae-myung,Major expansion of public housing,Emphasize ROK-US alliance,US tactical nukes and nuclear sharing if needed,Phase in 4.5-day workweek,Quick enactment of anti-discrimination law,Progressive
R_4ZjuLsQnHnlKgJr,Female,Yeongnam,57,University,8,People Power Party,Yoon Suk-yeol,Reduced real estate tax burden,Emphasize ROK-US alliance,US tactical nukes and nuclear sharing if needed,Implement universal job guarantee,Oppose comprehensive anti-discrimination law,Conservative
R_4FfHCfzlyBkJSCZ,Female,Capital Area,55,University,6,Other,Yoon Suk-yeol,Major expansion of public housing,Pursue diplomacy based on national interest,Reflect national interest in nuclear policy,Flexible work hours,Consensus before anti-discrimination law,Other
R_41igCu7KsNt0NcB,Male,Capital Area,34,High school,5,Other,Yoon Suk-yeol,Stronger real estate taxation,Pursue diplomacy based on national interest,Independent nuclear armament,Phase in 4.5-day workweek,Quick enactment of anti-discrimination law,Other
R_4fBYoAm2PchM8zf,Female,Capital Area,54,High school,5,Democratic Party,Lee Jae-myung,Major expansion of public housing,Pursue diplomacy based on national interest,US tactical nukes and nuclear sharing if needed,Promote harmony in labor relations,Consensus before anti-discrimination law,Progressive
R_4QRH8wG7I1DJFd5,Female,Capital Area,53,University,4,Democratic Party,Lee Jae-myung,Stronger real estate taxation,Pursue diplomacy based on national interest,Independent nuclear armament,Flexible work hours,Quick enactment of anti-discrimination law,Progressive
R_4dKpN45p0fiVJrq,Female,Yeongnam,46,Graduate school,3,Democratic Party,Lee Jae-myung,Major expansion of public housing,Pursue diplomacy based on national interest,US tactical nukes and nuclear sharing if needed,Promote harmony in labor relations,Prioritize social harmony,Progressive
R_4mUSs9qCG1u89OV,Male,Chungcheong-Honam,49,High school,5,Other,Did not vote,Stronger real estate taxation,Emphasize ROK-US alliance,Oppose nuclear weapons deployment,Flexible work hours,Consensus before anti-discrimination law,Other
R_4EyCIMdhrNWAy27,Female,Yeongnam,36,High school,10,Democratic Party,Lee Jae-myung,Major expansion of public housing,Pursue diplomacy based on national interest,Independent nuclear armament,Implement universal job guarantee,Quick enactment of anti-discrimination law,Progressive
R_4qm3OXTZRHpAXQJ,Male,Capital Area,60,Graduate school,8,People Power Party,Yoon Suk-yeol,Reduced real estate tax burden,Pursue diplomacy based on national interest,Independent nuclear armament,Flexible work hours,Consensus before anti-discrimination law,Progressive
R_4AEJfIP2fkLHlar,Male,Capital Area,48,High school,3,Democratic Party,Lee Jae-myung,Major expansion of public housing,Balanced diplomacy between US and China,US tactical nukes and nuclear sharing if needed,Implement universal job guarantee,Oppose comprehensive anti-discrimination law,Progressive
R_425c4lgWeokOlYQ,Male,Capital Area,51,University,5,Other,Lee Jae-myung,Reform of real estate policy,Balanced diplomacy between US and China,Independent nuclear armament,Flexible work hours,Consensus before anti-discrimination law,Other
R_4kzFhLy2EtYmgJK,Male,Capital Area,26,University,6,Other,Did not vote,Reduced real estate tax burden,Emphasize ROK-US alliance,Independent nuclear armament,Flexible work hours,Prioritize social harmony,Other
R_40u8nLkPmyzSytU,Male,Capital Area,49,Graduate school,5,Other,Did not vote,Reform of real estate policy,Pursue diplomacy based on national interest,Reflect national interest in nuclear policy,Promote harmony in labor relations,Oppose comprehensive anti-discrimination law,Progressive
R_4l46r33MDYryuDr,Female,Capital Area,38,Junior college,5,Other,Yoon Suk-yeol,Reform of real estate policy,Emphasize ROK-US alliance,US tactical nukes and nuclear sharing if needed,Flexible work hours,Prioritize social harmony,Conservative
R_4JKPyXwMBzRQxNA,Male,Yeongnam,40,High school,6,Other,Did not vote,Major expansion of public housing,Pursue diplomacy based on national interest,Independent nuclear armament,Implement universal job guarantee,Prioritize social harmony,Other
R_4K2zvqvd9acuHrJ,Female,Capital Area,60,University,5,Other,Lee Jae-myung,Stronger real estate taxation,Pursue diplomacy based on national interest,US tactical nukes and nuclear sharing if needed,Flexible work hours,Consensus before anti-discrimination law,Conservative
R_4oCudMRaBUExsie,Female,Yeongnam,57,Graduate school,3,Other,심상정,Major expansion of public housing,Balanced diplomacy between US and China,Reflect national interest in nuclear policy,Promote harmony in labor relations,Prioritize social harmony,Progressive
R_4diX8ePhVlsDfps,Female,Capital Area,42,Graduate school,5,Other,Did not vote,Reduced real estate tax burden,Pursue diplomacy based on national interest,Independent nuclear armament,Implement universal job guarantee,Consensus before anti-discrimination law,Conservative
R_4CesCybP1Spsrbe,Male,Capital Area,53,Graduate school,10,People Power Party,Yoon Suk-yeol,Reduced real estate tax burden,Pursue diplomacy based on national interest,US tactical nukes and nuclear sharing if needed,Flexible work hours,Consensus before anti-discrimination law,Conservative
R_4erDv9ObktHA0Qv,Female,Capital Area,42,High school,5,Other,Yoon Suk-yeol,Stronger real estate taxation,Pursue diplomacy based on national interest,US tactical nukes and nuclear sharing if needed,Implement universal job guarantee,Consensus before anti-discrimination law,Conservative
R_4TeMF4fBje3cIDf,Female,Capital Area,46,University,6,People Power Party,Yoon Suk-yeol,Reduced real estate tax burden,Pursue diplomacy based on national interest,Reflect national interest in nuclear policy,Phase in 4.5-day workweek,Consensus before anti-discrimination law,Conservative
R_4KJFe0zzZtOFdmH,Male,Chungcheong-Honam,43,University,1,People Power Party,Yoon Suk-yeol,Reduced real estate tax burden,Balanced diplomacy between US and China,US tactical nukes and nuclear sharing if needed,Phase in 4.5-day workweek,Quick enactment of anti-discrimination law,Conservative
R_4dFB6Uei2c0iTdV,Female,Capital Area,54,University,5,Other,Did not vote,Reduced real estate tax burden,Pursue diplomacy based on national interest,Reflect national interest in nuclear policy,Promote harmony in labor relations,Consensus before anti-discrimination law,Conservative
R_4lf9vWEDX1pE0p3,Male,Capital Area,32,Junior college,5,Other,Yoon Suk-yeol,Stronger real estate taxation,Balanced diplomacy between US and China,Reflect national interest in nuclear policy,Promote harmony in labor relations,Quick enactment of anti-discrimination law,Conservative
R_4qPB06RTh8BaDZu,Female,Chungcheong-Honam,43,University,5,Other,Lee Jae-myung,Reform of real estate policy,Pursue diplomacy based on national interest,Reflect national interest in nuclear policy,Promote harmony in labor relations,Prioritize social harmony,Progressive
R_4ezbePXZed1mt4s,Female,Capital Area,43,High school,5,Other,다른 후보,Major expansion of public housing,Emphasize ROK-US alliance,US tactical nukes and nuclear sharing if needed,Flexible work hours,Consensus before anti-discrimination law,Other
R_4EnYesUyHzTTXzJ,Female,Capital Area,25,High school,6,Democratic Party,Lee Jae-myung,Reform of real estate policy,Balanced diplomacy between US and China,Reflect national interest in nuclear policy,Phase in 4.5-day workweek,Oppose comprehensive anti-discrimination law,Conservative
R_41iRDAVlLxqEqmc,Female,Capital Area,36,University,4,Democratic Party,Lee Jae-myung,Major expansion of public housing,Balanced diplomacy between US and China,Independent nuclear armament,Phase in 4.5-day workweek,Oppose comprehensive anti-discrimination law,Progressive
R_442EZyXh3w0ReYF,Male,Chungcheong-Honam,52,High school,3,Democratic Party,Did not vote,Major expansion of public housing,Pursue diplomacy based on national interest,Independent nuclear armament,Phase in 4.5-day workweek,Oppose comprehensive anti-discrimination law,Progressive
R_4kvJcGW4GwY9MoH,Female,Chungcheong-Honam,39,University,5,Other,Did not vote,Reform of real estate policy,Balanced diplomacy between US and China,Oppose nuclear weapons deployment,Flexible work hours,Quick enactment of anti-discrimination law,Other
R_4AEvrnS1kR2E0A9,Female,Capital Area,33,University,7,People Power Party,Yoon Suk-yeol,Reform of real estate policy,Pursue diplomacy based on national interest,US tactical nukes and nuclear sharing if needed,Implement universal job guarantee,Quick enactment of anti-discrimination law,Conservative
R_44l32wprMDiS2SA,Female,Capital Area,53,University,6,Other,Lee Jae-myung,Major expansion of public housing,Pursue diplomacy based on national interest,Independent nuclear armament,Flexible work hours,Quick enactment of anti-discrimination law,Other
R_4kL9PG2oDPL0m0A,Male,Capital Area,46,University,5,Other,Lee Jae-myung,Major expansion of public housing,Pursue diplomacy based on national interest,Reflect national interest in nuclear policy,Promote harmony in labor relations,Prioritize social harmony,Progressive
R_4PhzVNCE5zcf0kL,Male,Capital Area,50,University,7,People Power Party,Lee Jae-myung,Stronger real estate taxation,Pursue diplomacy based on national interest,Independent nuclear armament,Phase in 4.5-day workweek,Oppose comprehensive anti-discrimination law,Conservative
R_4Yro5cag0Gh4YbT,Male,Capital Area,33,University,5,Democratic Party,Lee Jae-myung,Reduced real estate tax burden,Emphasize ROK-US alliance,Independent nuclear armament,Implement universal job guarantee,Consensus before anti-discrimination law,Progressive
R_47fbGadqMBmpmwe,Female,Capital Area,32,University,3,Democratic Party,Lee Jae-myung,Reform of real estate policy,Balanced diplomacy between US and China,Oppose nuclear weapons deployment,Phase in 4.5-day workweek,Quick enactment of anti-discrimination law,Progressive
R_4t6dnTCch9oX6BD,Female,Capital Area,36,Graduate school,6,Democratic Party,Lee Jae-myung,Reform of real estate policy,Balanced diplomacy between US and China,US tactical nukes and nuclear sharing if needed,Phase in 4.5-day workweek,Oppose comprehensive anti-discrimination law,Progressive
R_4hfLWWxzRfpCYc6,Male,Capital Area,38,University,6,Other,Lee Jae-myung,Reduced real estate tax burden,Emphasize ROK-US alliance,US tactical nukes and nuclear sharing if needed,Implement universal job guarantee,Prioritize social harmony,Progressive
R_4O0YYFFHMRlsdcl,Male,Capital Area,49,University,5,Other,Yoon Suk-yeol,Reduced real estate tax burden,Pursue diplomacy based on national interest,US tactical nukes and nuclear sharing if needed,Phase in 4.5-day workweek,Prioritize social harmony,Conservative
R_4ggi8sntXliBquZ,Male,Chungcheong-Honam,51,University,6,Democratic Party,Lee Jae-myung,Stronger real estate taxation,Pursue diplomacy based on national interest,Reflect national interest in nuclear policy,Promote harmony in labor relations,Consensus before anti-discrimination law,Progressive
R_4BQY1ggdygaB3VL,Female,Capital Area,48,Graduate school,4,Democratic Party,Yoon Suk-yeol,Reduced real estate tax burden,Pursue diplomacy based on national interest,US tactical nukes and nuclear sharing if needed,Implement universal job guarantee,Prioritize social harmony,Progressive
R_4dGxvDdY6Nk6zdl,Female,Capital Area,33,University,6,People Power Party,Yoon Suk-yeol,Reform of real estate policy,Pursue diplomacy based on national interest,US tactical nukes and nuclear sharing if needed,Phase in 4.5-day workweek,Consensus before anti-discrimination law,Other
R_4GIaI6QQYlJDNRO,Female,Chungcheong-Honam,50,Junior college,5,Other,Lee Jae-myung,Reform of real estate policy,Pursue diplomacy based on national interest,Reflect national interest in nuclear policy,Implement universal job guarantee,Prioritize social harmony,Progressive
R_4l5KVl9Nfeqn3ot,Female,Capital Area,26,High school,9,People Power Party,Yoon Suk-yeol,Reduced real estate tax burden,Emphasize ROK-US alliance,Independent nuclear armament,Phase in 4.5-day workweek,Quick enactment of anti-discrimination law,Conservative
R_40UI7hIqoxcmzro,Male,Capital Area,41,Junior college,5,Other,Yoon Suk-yeol,Reform of real estate policy,Pursue diplomacy based on national interest,Reflect national interest in nuclear policy,Phase in 4.5-day workweek,Oppose comprehensive anti-discrimination law,Other
R_4GRpQVoIE7O8WYh,Male,Capital Area,53,Graduate school,6,Other,Yoon Suk-yeol,Reform of real estate policy,Pursue diplomacy based on national interest,Reflect national interest in nuclear policy,Promote harmony in labor relations,Oppose comprehensive anti-discrimination law,Conservative
R_4pzzQcVjJMDd2E1,Male,Capital Area,49,University,5,Democratic Party,Did not vote,Reduced real estate tax burden,Pursue diplomacy based on national interest,Reflect national interest in nuclear policy,Promote harmony in labor relations,Oppose comprehensive anti-discrimination law,Conservative
R_4e87jEae0Quo26A,Male,Capital Area,50,Junior college,4,People Power Party,Lee Jae-myung,Reduced real estate tax burden,Balanced diplomacy between US and China,Reflect national interest in nuclear policy,Implement universal job guarantee,Prioritize social harmony,Progressive
R_4J2goAC1LWSSnqF,Female,Capital Area,37,High school,5,Other,Did not vote,Major expansion of public housing,Emphasize ROK-US alliance,US tactical nukes and nuclear sharing if needed,Phase in 4.5-day workweek,Quick enactment of anti-discrimination law,Other
R_4NaiVnUpl0Ae5ou,Male,Capital Area,51,University,5,Other,Lee Jae-myung,Major expansion of public housing,Pursue diplomacy based on national interest,Independent nuclear armament,Phase in 4.5-day workweek,Oppose comprehensive anti-discrimination law,Other
R_4HYdUPEA3BhdeM3,Female,Capital Area,50,University,5,Other,Did not vote,Major expansion of public housing,Emphasize ROK-US alliance,US tactical nukes and nuclear sharing if needed,Phase in 4.5-day workweek,Prioritize social harmony,Other
R_4EX8M1PLChhVs7T,Male,Capital Area,50,University,9,People Power Party,Yoon Suk-yeol,Reduced real estate tax burden,Emphasize ROK-US alliance,US tactical nukes and nuclear sharing if needed,Flexible work hours,Consensus before anti-discrimination law,Conservative
R_4f7hDjmuhgOhDFn,Male,Capital Area,48,University,5,Democratic Party,Lee Jae-myung,Major expansion of public housing,Pursue diplomacy based on national interest,Independent nuclear armament,Phase in 4.5-day workweek,Quick enactment of anti-discrimination law,Other
R_4kGj816eeY5q4Tj,Male,Capital Area,34,University,6,Democratic Party,Lee Jae-myung,Major expansion of public housing,Emphasize ROK-US alliance,US tactical nukes and nuclear sharing if needed,Implement universal job guarantee,Oppose comprehensive anti-discrimination law,Progressive
R_4RrbP7xC5fwhqdr,Male,Capital Area,46,University,7,People Power Party,Yoon Suk-yeol,Reduced real estate tax burden,Pursue diplomacy based on national interest,Independent nuclear armament,Implement universal job guarantee,Prioritize social harmony,Conservative
R_4FrkNOIu2LBv4lO,Female,Yeongnam,42,High school,6,Democratic Party,다른 후보,Reform of real estate policy,Pursue diplomacy based on national interest,US tactical nukes and nuclear sharing if needed,Implement universal job guarantee,Consensus before anti-discrimination law,Progressive
R_4OgjZgHkdJL0L97,Male,Capital Area,48,University,5,Other,Lee Jae-myung,Major expansion of public housing,Pursue diplomacy based on national interest,Reflect national interest in nuclear policy,Phase in 4.5-day workweek,Prioritize social harmony,Progressive
R_4N8cvAs0dm19WKJ,Male,Capital Area,51,University,6,People Power Party,Yoon Suk-yeol,Reduced real estate tax burden,Pursue diplomacy based on national interest,Reflect national interest in nuclear policy,Promote harmony in labor relations,Prioritize social harmony,Conservative
R_4KqHPmNRgYZWFwC,Female,Capital Area,32,University,7,People Power Party,Yoon Suk-yeol,Reduced real estate tax burden,Pursue diplomacy based on national interest,US tactical nukes and nuclear sharing if needed,Flexible work hours,Prioritize social harmony,Other
R_4ve1jpPlMZsLf6S,Male,Capital Area,51,University,2,Democratic Party,Yoon Suk-yeol,Reduced real estate tax burden,Emphasize ROK-US alliance,US tactical nukes and nuclear sharing if needed,Implement universal job guarantee,Oppose comprehensive anti-discrimination law,Other
R_4fwJHyEIWQP5Cv5,Female,Chungcheong-Honam,45,Junior college,5,Other,Lee Jae-myung,Major expansion of public housing,Pursue diplomacy based on national interest,Reflect national interest in nuclear policy,Phase in 4.5-day workweek,Consensus before anti-discrimination law,Progressive
R_4bOvWQCQEcowVuM,Male,Yeongnam,52,University,5,Other,Did not vote,Reduced real estate tax burden,Emphasize ROK-US alliance,Independent nuclear armament,Phase in 4.5-day workweek,Prioritize social harmony,Conservative
R_4dFDQNdgM3YnKGD,Female,Capital Area,46,University,5,Other,Lee Jae-myung,Reform of real estate policy,Pursue diplomacy based on national interest,Oppose nuclear weapons deployment,Implement universal job guarantee,Consensus before anti-discrimination law,Progressive
R_44PhWKJEaxknfTs,Male,Chungcheong-Honam,54,University,5,Other,Lee Jae-myung,Major expansion of public housing,Pursue diplomacy based on national interest,Reflect national interest in nuclear policy,Promote harmony in labor relations,Oppose comprehensive anti-discrimination law,Other
R_4bMYCi0EqTaoXgR,Male,Yeongnam,36,University,7,People Power Party,Lee Jae-myung,Stronger real estate taxation,Emphasize ROK-US alliance,Oppose nuclear weapons deployment,Phase in 4.5-day workweek,Quick enactment of anti-discrimination law,Conservative
R_4kOkBPqdvBua4US,Male,Chungcheong-Honam,45,High school,4,Democratic Party,Did not vote,Reduced real estate tax burden,Balanced diplomacy between US and China,Independent nuclear armament,Phase in 4.5-day workweek,Consensus before anti-discrimination law,Progressive
R_4X4WFM3aAd50nXH,Female,Capital Area,44,University,5,Other,Yoon Suk-yeol,Reform of real estate policy,Pursue diplomacy based on national interest,Independent nuclear armament,Implement universal job guarantee,Prioritize social harmony,Other
R_4iqfRVvRLGtmCxm,Female,Capital Area,44,University,3,Green Justice Party,심상정,Stronger real estate taxation,Pursue diplomacy based on national interest,Oppose nuclear weapons deployment,Flexible work hours,Quick enactment of anti-discrimination law,Other
R_4d5fjRDoG2gMthn,Male,Capital Area,51,Junior college,4,Democratic Party,Lee Jae-myung,Major expansion of public housing,Pursue diplomacy based on national interest,Independent nuclear armament,Phase in 4.5-day workweek,Prioritize social harmony,Progressive
R_4ClWUX2Yg8EcWp0,Female,Capital Area,39,Graduate school,3,Democratic Party,Lee Jae-myung,Stronger real estate taxation,Pursue diplomacy based on national interest,Reflect national interest in nuclear policy,Promote harmony in labor relations,Quick enactment of anti-discrimination law,Progressive
R_4cSQwnVXb4OXklA,Male,Capital Area,66,University,9,Other,Yoon Suk-yeol,Reduced real estate tax burden,Pursue diplomacy based on national interest,Independent nuclear armament,Implement universal job guarantee,Consensus before anti-discrimination law,Other
R_4TVtT2CG6qWL2Br,Female,Capital Area,32,University,5,Democratic Party,Lee Jae-myung,Reform of real estate policy,Pursue diplomacy based on national interest,US tactical nukes and nuclear sharing if needed,Phase in 4.5-day workweek,Quick enactment of anti-discrimination law,Progressive
R_4BvSMN9sPsPtXgJ,Female,Capital Area,31,University,10,People Power Party,Yoon Suk-yeol,Reform of real estate policy,Emphasize ROK-US alliance,Reflect national interest in nuclear policy,Phase in 4.5-day workweek,Consensus before anti-discrimination law,Conservative
R_42tJ2yRStLSa5Ec,Female,Capital Area,46,University,5,Democratic Party,Lee Jae-myung,Reform of real estate policy,Balanced diplomacy between US and China,US tactical nukes and nuclear sharing if needed,Phase in 4.5-day workweek,Quick enactment of anti-discrimination law,Progressive
R_4PHurOC8Ageglo6,Female,Chungcheong-Honam,19,High school,5,People Power Party,다른 후보,Reform of real estate policy,Pursue diplomacy based on national interest,Reflect national interest in nuclear policy,Flexible work hours,Quick enactment of anti-discrimination law,Conservative
R_4pRqzVnsAA058Vi,Male,Capital Area,35,University,5,Democratic Party,Lee Jae-myung,Major expansion of public housing,Pursue diplomacy based on national interest,Independent nuclear armament,Phase in 4.5-day workweek,Oppose comprehensive anti-discrimination law,Progressive
R_4CI2TQTMqbm2cky,Male,Capital Area,37,University,7,People Power Party,Yoon Suk-yeol,Stronger real estate taxation,Emphasize ROK-US alliance,Reflect national interest in nuclear policy,Flexible work hours,Prioritize social harmony,Conservative
R_4QLXfYRnSy5avU8,Male,Chungcheong-Honam,45,Junior college,5,Other,Yoon Suk-yeol,Major expansion of public housing,Pursue diplomacy based on national interest,Independent nuclear armament,Flexible work hours,Prioritize social harmony,Other
R_41u1UdOAzQX5yZx,Male,Capital Area,46,Graduate school,5,Other,Yoon Suk-yeol,Reform of real estate policy,Pursue diplomacy based on national interest,Independent nuclear armament,Phase in 4.5-day workweek,Prioritize social harmony,Other
R_4qJcsrqWUHMNRxI,Female,Capital Area,36,University,4,Other,Lee Jae-myung,Reduced real estate tax burden,Balanced diplomacy between US and China,Reflect national interest in nuclear policy,Phase in 4.5-day workweek,Oppose comprehensive anti-discrimination law,Progressive
R_4ibxAy3SzfuDnlk,Female,Capital Area,57,High school,6,Other,Did not vote,Reduced real estate tax burden,Emphasize ROK-US alliance,Reflect national interest in nuclear policy,Implement universal job guarantee,Consensus before anti-discrimination law,Other
R_4OMI5S4prhqPUDo,Female,Chungcheong-Honam,42,Graduate school,5,Democratic Party,Lee Jae-myung,Reform of real estate policy,Balanced diplomacy between US and China,Reflect national interest in nuclear policy,Promote harmony in labor relations,Quick enactment of anti-discrimination law,Other
R_4lPaVvsjAIJmJ6V,Male,Capital Area,51,Graduate school,5,Democratic Party,Yoon Suk-yeol,Reduced real estate tax burden,Emphasize ROK-US alliance,US tactical nukes and nuclear sharing if needed,Flexible work hours,Prioritize social harmony,Progressive
R_4VA4ml4cUT7Wuu5,Female,Capital Area,49,Junior college,4,Democratic Party,Yoon Suk-yeol,Reform of real estate policy,Pursue diplomacy based on national interest,US tactical nukes and nuclear sharing if needed,Phase in 4.5-day workweek,Oppose comprehensive anti-discrimination law,Progressive
R_4nrvIpiPZo5sJDY,Female,Capital Area,24,High school,5,People Power Party,Yoon Suk-yeol,Reform of real estate policy,Pursue diplomacy based on national interest,Reflect national interest in nuclear policy,Implement universal job guarantee,Consensus before anti-discrimination law,Conservative
R_4pRHU0n65zMrR9t,Male,Capital Area,46,University,7,Democratic Party,Lee Jae-myung,Reduced real estate tax burden,Pursue diplomacy based on national interest,US tactical nukes and nuclear sharing if needed,Promote harmony in labor relations,Prioritize social harmony,Progressive
R_4mPnzwQvam9iwyP,Male,Capital Area,46,University,4,Democratic Party,Lee Jae-myung,Major expansion of public housing,Pursue diplomacy based on national interest,Reflect national interest in nuclear policy,Phase in 4.5-day workweek,Quick enactment of anti-discrimination law,Progressive
R_4TRi4ByM3MWVb33,Male,Capital Area,43,University,7,Democratic Party,Lee Jae-myung,Stronger real estate taxation,Pursue diplomacy based on national interest,US tactical nukes and nuclear sharing if needed,Phase in 4.5-day workweek,Oppose comprehensive anti-discrimination law,Conservative
R_4wLWmbHmXka8Vp8,Male,Chungcheong-Honam,45,University,4,Democratic Party,Lee Jae-myung,Stronger real estate taxation,Balanced diplomacy between US and China,Reflect national interest in nuclear policy,Implement universal job guarantee,Oppose comprehensive anti-discrimination law,Progressive
R_4wGmOTqQA2SI1m6,Male,Capital Area,46,University,3,Democratic Party,Lee Jae-myung,Reform of real estate policy,Balanced diplomacy between US and China,Independent nuclear armament,Flexible work hours,Oppose comprehensive anti-discrimination law,Progressive
R_4LZK1PpCzUOjjMk,Female,Chungcheong-Honam,38,Graduate school,5,Other,Did not vote,Major expansion of public housing,Balanced diplomacy between US and China,Independent nuclear armament,Phase in 4.5-day workweek,Oppose comprehensive anti-discrimination law,Other
R_41ZUknC7EJQFFh9,Female,Capital Area,52,University,5,Democratic Party,Lee Jae-myung,Major expansion of public housing,Pursue diplomacy based on national interest,Reflect national interest in nuclear policy,Phase in 4.5-day workweek,Quick enactment of anti-discrimination law,Progressive
R_4WDzHhoS8cqu4V8,Female,Yeongnam,52,High school,3,Democratic Party,Lee Jae-myung,Major expansion of public housing,Pursue diplomacy based on national interest,Reflect national interest in nuclear policy,Implement universal job guarantee,Prioritize social harmony,Other
R_4LzWQUWlzDAxYsx,Male,Capital Area,51,High school,5,Other,Yoon Suk-yeol,Stronger real estate taxation,Balanced diplomacy between US and China,Independent nuclear armament,Flexible work hours,Quick enactment of anti-discrimination law,Conservative
R_4KhScgvqr6JTQaJ,Female,Capital Area,37,Junior college,4,Other,Did not vote,Reform of real estate policy,Emphasize ROK-US alliance,Reflect national interest in nuclear policy,Phase in 4.5-day workweek,Consensus before anti-discrimination law,Other
R_42eZKZPnxU5G6Ar,Female,Capital Area,55,University,4,Other,Lee Jae-myung,Reform of real estate policy,Balanced diplomacy between US and China,Reflect national interest in nuclear policy,Flexible work hours,Prioritize social harmony,Other
R_4PTsUDoW5oz0g6b,Female,Chungcheong-Honam,39,University,6,Democratic Party,Did not vote,Reduced real estate tax burden,Pursue diplomacy based on national interest,US tactical nukes and nuclear sharing if needed,Flexible work hours,Quick enactment of anti-discrimination law,Progressive
R_4g8bvVa6fugxvyR,Male,Capital Area,40,University,3,Democratic Party,Lee Jae-myung,Major expansion of public housing,Pursue diplomacy based on national interest,Independent nuclear armament,Phase in 4.5-day workweek,Consensus before anti-discrimination law,Progressive
R_4rkKrhLVkH5ukgk,Female,Capital Area,41,Junior college,8,People Power Party,Did not vote,Reform of real estate policy,Pursue diplomacy based on national interest,Independent nuclear armament,Implement universal job guarantee,Prioritize social harmony,Other
R_4fDTgvEdwXpG0VG,Female,Capital Area,35,University,5,Democratic Party,Lee Jae-myung,Reduced real estate tax burden,Emphasize ROK-US alliance,US tactical nukes and nuclear sharing if needed,Phase in 4.5-day workweek,Prioritize social harmony,Progressive
R_4qldAqa0qfqUubO,Female,Capital Area,25,Junior college,5,Other,Lee Jae-myung,Reform of real estate policy,Pursue diplomacy based on national interest,Independent nuclear armament,Phase in 4.5-day workweek,Consensus before anti-discrimination law,Other
R_4SDfQxyMUb8yVfK,Male,Capital Area,39,Graduate school,5,Other,Yoon Suk-yeol,Reform of real estate policy,Pursue diplomacy based on national interest,Oppose nuclear weapons deployment,Phase in 4.5-day workweek,Oppose comprehensive anti-discrimination law,Conservative
R_4OJzl2wWtc5qAI9,Female,Capital Area,48,High school,7,Democratic Party,Lee Jae-myung,Major expansion of public housing,Pursue diplomacy based on national interest,Reflect national interest in nuclear policy,Phase in 4.5-day workweek,Consensus before anti-discrimination law,Progressive
R_4MLMAxEvkgJB6Lh,Male,Capital Area,22,University,10,People Power Party,Yoon Suk-yeol,Reduced real estate tax burden,Pursue diplomacy based on national interest,Reflect national interest in nuclear policy,Promote harmony in labor relations,Consensus before anti-discrimination law,Conservative
R_4CwR5BjPCCYqx2g,Male,Capital Area,52,University,2,Democratic Party,Lee Jae-myung,Major expansion of public housing,Early restart of economic cooperation with North Korea,US tactical nukes and nuclear sharing if needed,Phase in 4.5-day workweek,Oppose comprehensive anti-discrimination law,Progressive
R_41zvDWpUKL0fixk,Male,Capital Area,53,University,7,Democratic Party,Lee Jae-myung,Reduced real estate tax burden,Pursue diplomacy based on national interest,Independent nuclear armament,Phase in 4.5-day workweek,Quick enactment of anti-discrimination law,Progressive
R_4PAb3Egynv8WydP,Female,Chungcheong-Honam,45,Junior college,5,Democratic Party,Lee Jae-myung,Reform of real estate policy,Pursue diplomacy based on national interest,US tactical nukes and nuclear sharing if needed,Phase in 4.5-day workweek,Prioritize social harmony,Progressive
R_41FXgbCPuRdMFLL,Male,Capital Area,31,Graduate school,10,People Power Party,Yoon Suk-yeol,Reform of real estate policy,Pursue diplomacy based on national interest,US tactical nukes and nuclear sharing if needed,Implement universal job guarantee,Prioritize social harmony,Other
R_4OZuoGUkv4ua3GL,Female,Capital Area,53,University,5,People Power Party,Yoon Suk-yeol,Reform of real estate policy,Emphasize ROK-US alliance,Independent nuclear armament,Phase in 4.5-day workweek,Consensus before anti-discrimination law,Conservative
R_4yWTorOVSVdrCxj,Female,Capital Area,39,University,4,Other,심상정,Stronger real estate taxation,Balanced diplomacy between US and China,US tactical nukes and nuclear sharing if needed,Phase in 4.5-day workweek,Consensus before anti-discrimination law,Other
R_4N55IOqxeFKXYMi,Female,Capital Area,43,University,5,Democratic Party,Lee Jae-myung,Stronger real estate taxation,Pursue diplomacy based on national interest,Reflect national interest in nuclear policy,Flexible work hours,Quick enactment of anti-discrimination law,Progressive
R_4BrRE0BQXwBvzMZ,Male,Capital Area,53,Graduate school,6,People Power Party,Yoon Suk-yeol,Reform of real estate policy,Emphasize ROK-US alliance,US tactical nukes and nuclear sharing if needed,Phase in 4.5-day workweek,Quick enactment of anti-discrimination law,Conservative
R_4Pplr0HPpZOQCSR,Male,Capital Area,40,Junior college,5,Other,Lee Jae-myung,Reduced real estate tax burden,Pursue diplomacy based on national interest,US tactical nukes and nuclear sharing if needed,Flexible work hours,Prioritize social harmony,Other
R_4JWmVhOgzEww2fw,Female,Chungcheong-Honam,37,University,5,Other,Lee Jae-myung,Major expansion of public housing,Pursue diplomacy based on national interest,US tactical nukes and nuclear sharing if needed,Promote harmony in labor relations,Oppose comprehensive anti-discrimination law,Conservative
R_4TofWc3cgq7LgCA,Female,Yeongnam,46,Junior college,5,Democratic Party,Lee Jae-myung,Reduced real estate tax burden,Pursue diplomacy based on national interest,US tactical nukes and nuclear sharing if needed,Implement universal job guarantee,Consensus before anti-discrimination law,Progressive
R_4JzlEInrhSdHt3K,Male,Capital Area,43,University,5,Democratic Party,Lee Jae-myung,Major expansion of public housing,Pursue diplomacy based on national interest,Independent nuclear armament,Phase in 4.5-day workweek,Prioritize social harmony,Progressive
R_4DDijsYOewD6bn3,Male,Capital Area,43,Graduate school,3,Democratic Party,Lee Jae-myung,Stronger real estate taxation,Pursue diplomacy based on national interest,Reflect national interest in nuclear policy,Promote harmony in labor relations,Consensus before anti-discrimination law,Conservative
R_4FyukFes4VEKlx6,Male,Capital Area,27,University,7,People Power Party,Yoon Suk-yeol,Stronger real estate taxation,Early restart of economic cooperation with North Korea,US tactical nukes and nuclear sharing if needed,Phase in 4.5-day workweek,Oppose comprehensive anti-discrimination law,Conservative
R_4nyQ2m6SAzfSuFX,Female,Capital Area,40,University,5,Other,Did not vote,Stronger real estate taxation,Pursue diplomacy based on national interest,US tactical nukes and nuclear sharing if needed,Flexible work hours,Quick enactment of anti-discrimination law,Progressive
R_4qqSVkGTgkYaYso,Female,Capital Area,45,University,6,People Power Party,Yoon Suk-yeol,Major expansion of public housing,Pursue diplomacy based on national interest,Reflect national interest in nuclear policy,Promote harmony in labor relations,Consensus before anti-discrimination law,Conservative
R_4XDgdRBSKrAXTFL,Female,Yeongnam,44,Junior college,3,Other,Did not vote,Reduced real estate tax burden,Pursue diplomacy based on national interest,Reflect national interest in nuclear policy,Phase in 4.5-day workweek,Consensus before anti-discrimination law,Other
R_49eDxImxi4V1Pfb,Male,Capital Area,47,University,5,Other,다른 후보,Major expansion of public housing,Pursue diplomacy based on national interest,Reflect national interest in nuclear policy,Promote harmony in labor relations,Consensus before anti-discrimination law,Other
R_4eUVbTYqA8HuAlA,Male,Capital Area,42,High school,5,Other,Yoon Suk-yeol,Major expansion of public housing,Pursue diplomacy based on national interest,Reflect national interest in nuclear policy,Flexible work hours,Prioritize social harmony,Other
R_4P6uFE8bYV5cK8m,Female,Yeongnam,33,University,6,Other,Yoon Suk-yeol,Stronger real estate taxation,Pursue diplomacy based on national interest,US tactical nukes and nuclear sharing if needed,Phase in 4.5-day workweek,Oppose comprehensive anti-discrimination law,Other
R_42GTpk7CE8UFh05,Male,Capital Area,44,University,4,Democratic Party,Lee Jae-myung,Major expansion of public housing,Early restart of economic cooperation with North Korea,Reflect national interest in nuclear policy,Promote harmony in labor relations,Prioritize social harmony,Progressive
R_4kbvNx9mPiNPlcs,Female,Capital Area,36,University,6,Green Justice Party,Yoon Suk-yeol,Reform of real estate policy,Pursue diplomacy based on national interest,US tactical nukes and nuclear sharing if needed,Implement universal job guarantee,Quick enactment of anti-discrimination law,Progressive
R_4KBoSMwUOMqvVWf,Male,Capital Area,50,University,8,Democratic Party,Lee Jae-myung,Stronger real estate taxation,Balanced diplomacy between US and China,Independent nuclear armament,Flexible work hours,Consensus before anti-discrimination law,Conservative
R_4NPLhjxyJ5sr3nq,Male,Capital Area,52,Junior college,6,People Power Party,Yoon Suk-yeol,Reduced real estate tax burden,Pursue diplomacy based on national interest,US tactical nukes and nuclear sharing if needed,Flexible work hours,Prioritize social harmony,Conservative
R_4UgUvmh4sVrJI3x,Male,Capital Area,52,High school,3,Democratic Party,Lee Jae-myung,Major expansion of public housing,Pursue diplomacy based on national interest,Independent nuclear armament,Phase in 4.5-day workweek,Oppose comprehensive anti-discrimination law,Progressive
R_4ghE9nsy8CwwBI5,Male,Capital Area,54,University,6,People Power Party,Yoon Suk-yeol,Reform of real estate policy,Pursue diplomacy based on national interest,Independent nuclear armament,Flexible work hours,Oppose comprehensive anti-discrimination law,Conservative
R_4Ri8l8xqCwUQPhT,Male,Capital Area,50,Junior college,5,Democratic Party,Lee Jae-myung,Major expansion of public housing,Early restart of economic cooperation with North Korea,Oppose nuclear weapons deployment,Flexible work hours,Prioritize social harmony,Progressive
R_4q8lTX6V3cxITyr,Female,Capital Area,40,University,5,Democratic Party,Did not vote,Reduced real estate tax burden,Early restart of economic cooperation with North Korea,Reflect national interest in nuclear policy,Phase in 4.5-day workweek,Prioritize social harmony,Other
R_49FtXAhhVTQnwU9,Female,Capital Area,51,University,5,People Power Party,Yoon Suk-yeol,Reform of real estate policy,Emphasize ROK-US alliance,US tactical nukes and nuclear sharing if needed,Implement universal job guarantee,Oppose comprehensive anti-discrimination law,Other
R_4MKUbu0GRDI9zcl,Female,Capital Area,33,University,5,Democratic Party,Lee Jae-myung,Reform of real estate policy,Balanced diplomacy between US and China,Independent nuclear armament,Implement universal job guarantee,Prioritize social harmony,Other
R_4chre0s4T9bRiY9,Female,Capital Area,20,High school,3,Democratic Party,Lee Jae-myung,Reform of real estate policy,Early restart of economic cooperation with North Korea,Reflect national interest in nuclear policy,Phase in 4.5-day workweek,Quick enactment of anti-discrimination law,Progressive
R_4MArWqQAG7933gz,Male,Capital Area,46,University,5,People Power Party,Yoon Suk-yeol,Major expansion of public housing,Balanced diplomacy between US and China,Independent nuclear armament,Phase in 4.5-day workweek,Consensus before anti-discrimination law,Conservative
R_4TjELJIDz2LryAF,Male,Capital Area,45,University,8,People Power Party,Yoon Suk-yeol,Reform of real estate policy,Emphasize ROK-US alliance,US tactical nukes and nuclear sharing if needed,Promote harmony in labor relations,Oppose comprehensive anti-discrimination law,Conservative
R_4sohQuSIanEknYt,Female,Capital Area,39,Graduate school,4,Democratic Party,Lee Jae-myung,Reduced real estate tax burden,Pursue diplomacy based on national interest,Reflect national interest in nuclear policy,Implement universal job guarantee,Oppose comprehensive anti-discrimination law,Progressive
R_4LqgS5Nn4jkmIxz,Female,Yeongnam,20,Junior college,5,Other,Could not vote,Reform of real estate policy,Early restart of economic cooperation with North Korea,US tactical nukes and nuclear sharing if needed,Implement universal job guarantee,Oppose comprehensive anti-discrimination law,Progressive
R_4dWjOiwJ1pGpJlm,Male,Chungcheong-Honam,48,University,4,Democratic Party,Lee Jae-myung,Stronger real estate taxation,Pursue diplomacy based on national interest,US tactical nukes and nuclear sharing if needed,Phase in 4.5-day workweek,Consensus before anti-discrimination law,Other
R_40CWC2wTNDSbmVF,Male,Capital Area,28,High school,2,Other,심상정,Major expansion of public housing,Pursue diplomacy based on national interest,Independent nuclear armament,Implement universal job guarantee,Quick enactment of anti-discrimination law,Progressive
R_407z9dcn1lyMQpl,Male,Capital Area,30,University,7,Other,Yoon Suk-yeol,Major expansion of public housing,Pursue diplomacy based on national interest,US tactical nukes and nuclear sharing if needed,Phase in 4.5-day workweek,Oppose comprehensive anti-discrimination law,Conservative
R_4sc79L9FSAvGQtN,Male,Capital Area,51,University,7,People Power Party,Yoon Suk-yeol,Major expansion of public housing,Pursue diplomacy based on national interest,Independent nuclear armament,Promote harmony in labor relations,Consensus before anti-discrimination law,Conservative
R_4Ep6cH0yWmnev9E,Male,Capital Area,46,Graduate school,7,Democratic Party,Lee Jae-myung,Reform of real estate policy,Pursue diplomacy based on national interest,US tactical nukes and nuclear sharing if needed,Phase in 4.5-day workweek,Quick enactment of anti-discrimination law,Progressive
R_4qrPwYu1eIc7MuQ,Female,Capital Area,45,High school,6,People Power Party,Yoon Suk-yeol,Reform of real estate policy,Emphasize ROK-US alliance,US tactical nukes and nuclear sharing if needed,Phase in 4.5-day workweek,Consensus before anti-discrimination law,Conservative
R_4MY3eoTDjU17Vv3,Female,Chungcheong-Honam,32,University,5,Democratic Party,Lee Jae-myung,Major expansion of public housing,Pursue diplomacy based on national interest,Oppose nuclear weapons deployment,Phase in 4.5-day workweek,Quick enactment of anti-discrimination law,Progressive
R_4yl1gB3U5EdKxtm,Male,Chungcheong-Honam,25,University,6,People Power Party,다른 후보,Major expansion of public housing,Pursue diplomacy based on national interest,Reflect national interest in nuclear policy,Promote harmony in labor relations,Prioritize social harmony,Other
R_42QPGfP19ZTQD8u,Male,Capital Area,30,Graduate school,7,People Power Party,Yoon Suk-yeol,Reduced real estate tax burden,Pursue diplomacy based on national interest,US tactical nukes and nuclear sharing if needed,Flexible work hours,Oppose comprehensive anti-discrimination law,Conservative
R_4gUh2fbqAnc1iCd,Female,Capital Area,37,University,5,Other,Lee Jae-myung,Major expansion of public housing,Balanced diplomacy between US and China,Reflect national interest in nuclear policy,Phase in 4.5-day workweek,Quick enactment of anti-discrimination law,Conservative
R_4AiFh3TR6r9CkKd,Female,Capital Area,32,University,5,People Power Party,Yoon Suk-yeol,Reform of real estate policy,Emphasize ROK-US alliance,US tactical nukes and nuclear sharing if needed,Flexible work hours,Oppose comprehensive anti-discrimination law,Conservative
R_42S01rA5ORHquzC,Female,Capital Area,32,University,10,People Power Party,Yoon Suk-yeol,Reduced real estate tax burden,Pursue diplomacy based on national interest,US tactical nukes and nuclear sharing if needed,Flexible work hours,Oppose comprehensive anti-discrimination law,Conservative
R_4bJe2JWHOKS6ylW,Male,Yeongnam,31,University,6,People Power Party,Yoon Suk-yeol,Reduced real estate tax burden,Emphasize ROK-US alliance,US tactical nukes and nuclear sharing if needed,Phase in 4.5-day workweek,Prioritize social harmony,Other
R_41b7xu6onezrl7z,Female,Capital Area,56,University,5,Other,Did not vote,Stronger real estate taxation,Early restart of economic cooperation with North Korea,Oppose nuclear weapons deployment,Flexible work hours,Consensus before anti-discrimination law,Other
R_4eVvONaaLQA27Q3,Male,Capital Area,42,Graduate school,5,People Power Party,Yoon Suk-yeol,Reform of real estate policy,Pursue diplomacy based on national interest,Independent nuclear armament,Phase in 4.5-day workweek,Consensus before anti-discrimination law,Conservative
R_4kNxXI7aEpwhfBF,Male,Capital Area,40,University,6,Other,Yoon Suk-yeol,Reform of real estate policy,Emphasize ROK-US alliance,Independent nuclear armament,Phase in 4.5-day workweek,Prioritize social harmony,Conservative
R_4AXSpjxB9ihbYiL,Male,Yeongnam,21,High school,5,Other,Yoon Suk-yeol,Reform of real estate policy,Balanced diplomacy between US and China,US tactical nukes and nuclear sharing if needed,Phase in 4.5-day workweek,Quick enactment of anti-discrimination law,Other
R_4rHNVClLk6IZUSD,Male,Capital Area,35,High school,10,Other,Yoon Suk-yeol,Major expansion of public housing,Pursue diplomacy based on national interest,Oppose nuclear weapons deployment,Flexible work hours,Consensus before anti-discrimination law,Other
R_4Xpbpx9QKqOXrZX,Male,Yeongnam,46,University,5,Democratic Party,Lee Jae-myung,Major expansion of public housing,Pursue diplomacy based on national interest,Reflect national interest in nuclear policy,Phase in 4.5-day workweek,Consensus before anti-discrimination law,Progressive
R_4fCg5qVa98QGWuS,Male,Capital Area,50,University,2,Democratic Party,Lee Jae-myung,Major expansion of public housing,Pursue diplomacy based on national interest,Reflect national interest in nuclear policy,Implement universal job guarantee,Quick enactment of anti-discrimination law,Progressive
R_4mrxBWDJL3pq6ze,Male,Yeongnam,38,University,6,People Power Party,Yoon Suk-yeol,Reform of real estate policy,Balanced diplomacy between US and China,US tactical nukes and nuclear sharing if needed,Phase in 4.5-day workweek,Oppose comprehensive anti-discrimination law,Conservative
R_48A66QxIVNLLxg1,Female,Capital Area,43,University,6,Other,Lee Jae-myung,Stronger real estate taxation,Pursue diplomacy based on national interest,Reflect national interest in nuclear policy,Phase in 4.5-day workweek,Consensus before anti-discrimination law,Progressive
R_4VR4OK2dEXrZ3LH,Female,Chungcheong-Honam,28,Junior college,5,Other,Yoon Suk-yeol,Reduced real estate tax burden,Early restart of economic cooperation with North Korea,Reflect national interest in nuclear policy,Implement universal job guarantee,Quick enactment of anti-discrimination law,Other
R_4I5HJrLyTkMUyPM,Female,Capital Area,35,University,1,Democratic Party,Lee Jae-myung,Major expansion of public housing,Emphasize ROK-US alliance,Oppose nuclear weapons deployment,Promote harmony in labor relations,Quick enactment of anti-discrimination law,Progressive
R_4HjgjNdkTNDLySk,Female,Capital Area,43,Junior college,4,Other,Did not vote,Reduced real estate tax burden,Pursue diplomacy based on national interest,Reflect national interest in nuclear policy,Flexible work hours,Consensus before anti-discrimination law,Other
R_468DYwriFWUVoWj,Female,Capital Area,40,University,5,Other,Yoon Suk-yeol,Stronger real estate taxation,Balanced diplomacy between US and China,Independent nuclear armament,Flexible work hours,Consensus before anti-discrimination law,Conservative
R_4fp8835OIgYdPlu,Male,Capital Area,36,University,5,Democratic Party,Lee Jae-myung,Stronger real estate taxation,Pursue diplomacy based on national interest,Reflect national interest in nuclear policy,Phase in 4.5-day workweek,Consensus before anti-discrimination law,Progressive
R_4q2vI7IZGuJapup,Female,Capital Area,30,University,5,Other,Did not vote,Reform of real estate policy,Emphasize ROK-US alliance,US tactical nukes and nuclear sharing if needed,Flexible work hours,Consensus before anti-discrimination law,Conservative
R_4w4C5mTj6y7k9an,Female,Capital Area,38,University,4,Democratic Party,다른 후보,Reform of real estate policy,Pursue diplomacy based on national interest,Reflect national interest in nuclear policy,Implement universal job guarantee,Prioritize social harmony,Progressive
R_42NHkhqSkPRw4uZ,Female,Capital Area,23,University,4,Democratic Party,Lee Jae-myung,Reform of real estate policy,Pursue diplomacy based on national interest,Reflect national interest in nuclear policy,Promote harmony in labor relations,Quick enactment of anti-discrimination law,Progressive
R_4arqYKxDe6xyxbj,Male,Capital Area,34,University,6,People Power Party,Yoon Suk-yeol,Reform of real estate policy,Emphasize ROK-US alliance,Oppose nuclear weapons deployment,Phase in 4.5-day workweek,Prioritize social harmony,Conservative
R_4INnAZbdjlzlsNc,Male,Capital Area,48,High school,5,Other,Yoon Suk-yeol,Reduced real estate tax burden,Pursue diplomacy based on national interest,US tactical nukes and nuclear sharing if needed,Implement universal job guarantee,Consensus before anti-discrimination law,Progressive
R_4hGzfP3AHMxcQPO,Female,Capital Area,31,University,5,Democratic Party,Did not vote,Stronger real estate taxation,Emphasize ROK-US alliance,US tactical nukes and nuclear sharing if needed,Implement universal job guarantee,Quick enactment of anti-discrimination law,Conservative
R_4Nq7I9orhd3B1AW,Male,Capital Area,46,University,3,Democratic Party,Lee Jae-myung,Stronger real estate taxation,Pursue diplomacy based on national interest,Reflect national interest in nuclear policy,Phase in 4.5-day workweek,Quick enactment of anti-discrimination law,Progressive
R_4GIwG1d1u6H7bzb,Male,Capital Area,49,High school,5,Other,다른 후보,Reform of real estate policy,Pursue diplomacy based on national interest,Independent nuclear armament,Phase in 4.5-day workweek,Consensus before anti-discrimination law,Other
R_4ja1NwjcgIongc9,Female,Chungcheong-Honam,43,High school,5,Other,Did not vote,Major expansion of public housing,Pursue diplomacy based on national interest,Reflect national interest in nuclear policy,Implement universal job guarantee,Consensus before anti-discrimination law,Other
R_42LH3DZgA3NDMHy,Male,Yeongnam,31,Junior college,5,People Power Party,Yoon Suk-yeol,Reduced real estate tax burden,Pursue diplomacy based on national interest,US tactical nukes and nuclear sharing if needed,Phase in 4.5-day workweek,Oppose comprehensive anti-discrimination law,Conservative
R_4JpdhvGT3IGJ6ed,Female,Capital Area,56,University,5,Other,Did not vote,Stronger real estate taxation,Pursue diplomacy based on national interest,Reflect national interest in nuclear policy,Flexible work hours,Oppose comprehensive anti-discrimination law,Conservative
R_4E4TcDBuQelpBK1,Female,Chungcheong-Honam,23,High school,4,Other,Did not vote,Stronger real estate taxation,Emphasize ROK-US alliance,Oppose nuclear weapons deployment,Promote harmony in labor relations,Prioritize social harmony,Progressive
R_414606ykoVRZVq9,Male,Capital Area,26,University,5,People Power Party,Yoon Suk-yeol,Reduced real estate tax burden,Balanced diplomacy between US and China,Reflect national interest in nuclear policy,Phase in 4.5-day workweek,Oppose comprehensive anti-discrimination law,Conservative
R_46nye51RVaaBe2w,Male,Capital Area,45,High school,5,Other,Did not vote,Reduced real estate tax burden,Pursue diplomacy based on national interest,Independent nuclear armament,Implement universal job guarantee,Consensus before anti-discrimination law,Progressive
R_4kULDbuOHAoj1Kh,Female,Chungcheong-Honam,43,University,5,Other,Lee Jae-myung,Major expansion of public housing,Pursue diplomacy based on national interest,Independent nuclear armament,Promote harmony in labor relations,Prioritize social harmony,Other
R_4PZTqNl93JNCZ8d,Female,Capital Area,52,High school,3,Democratic Party,Lee Jae-myung,Major expansion of public housing,Pursue diplomacy based on national interest,US tactical nukes and nuclear sharing if needed,Implement universal job guarantee,Prioritize social harmony,Progressive
R_4hbEhjEK7DEhKV3,Female,Capital Area,31,University,4,Other,Yoon Suk-yeol,Reduced real estate tax burden,Emphasize ROK-US alliance,US tactical nukes and nuclear sharing if needed,Implement universal job guarantee,Prioritize social harmony,Other
R_4ToAJTwYjE95GOq,Female,Capital Area,31,University,2,Democratic Party,Lee Jae-myung,Reform of real estate policy,Emphasize ROK-US alliance,Oppose nuclear weapons deployment,Phase in 4.5-day workweek,Consensus before anti-discrimination law,Progressive
R_4l60bw9NrOwz0Yh,Male,Capital Area,41,University,4,Democratic Party,Lee Jae-myung,Major expansion of public housing,Emphasize ROK-US alliance,US tactical nukes and nuclear sharing if needed,Phase in 4.5-day workweek,Oppose comprehensive anti-discrimination law,Progressive
R_4hDYIP9pbGAUdnr,Female,Capital Area,47,High school,5,Other,Lee Jae-myung,Reform of real estate policy,Emphasize ROK-US alliance,US tactical nukes and nuclear sharing if needed,Phase in 4.5-day workweek,Consensus before anti-discrimination law,Progressive
R_4B9aUmPI3KTHymq,Female,Capital Area,36,Junior college,5,Other,Yoon Suk-yeol,Reduced real estate tax burden,Pursue diplomacy based on national interest,US tactical nukes and nuclear sharing if needed,Phase in 4.5-day workweek,Prioritize social harmony,Other
R_4URsn6mpDKteFRD,Male,Capital Area,52,Junior college,2,Democratic Party,Lee Jae-myung,Major expansion of public housing,Pursue diplomacy based on national interest,Oppose nuclear weapons deployment,Phase in 4.5-day workweek,Consensus before anti-discrimination law,Progressive
R_4QybSJYjuReBNID,Male,Capital Area,39,University,5,Other,Yoon Suk-yeol,Reform of real estate policy,Emphasize ROK-US alliance,US tactical nukes and nuclear sharing if needed,Implement universal job guarantee,Consensus before anti-discrimination law,Other
R_41HvITiEt2MrI8R,Female,Capital Area,40,Junior college,5,Other,Yoon Suk-yeol,Stronger real estate taxation,Pursue diplomacy based on national interest,Reflect national interest in nuclear policy,Phase in 4.5-day workweek,Consensus before anti-discrimination law,Progressive
R_4EnlOjj0bCqUlne,Male,Chungcheong-Honam,43,University,5,Other,Lee Jae-myung,Reform of real estate policy,Pursue diplomacy based on national interest,Reflect national interest in nuclear policy,Promote harmony in labor relations,Consensus before anti-discrimination law,Progressive
R_450pDPekPfINO6J,Female,Chungcheong-Honam,42,University,3,Democratic Party,Lee Jae-myung,Reform of real estate policy,Early restart of economic cooperation with North Korea,US tactical nukes and nuclear sharing if needed,Flexible work hours,Quick enactment of anti-discrimination law,Other
R_4xQVPsLXMBER8Qh,Male,Capital Area,32,Junior college,6,People Power Party,Yoon Suk-yeol,Reduced real estate tax burden,Pursue diplomacy based on national interest,US tactical nukes and nuclear sharing if needed,Flexible work hours,Oppose comprehensive anti-discrimination law,Conservative
R_4QWzycds6Sp3rr9,Male,Capital Area,38,University,5,Democratic Party,Lee Jae-myung,Major expansion of public housing,Balanced diplomacy between US and China,Oppose nuclear weapons deployment,Phase in 4.5-day workweek,Quick enactment of anti-discrimination law,Progressive
R_4JY4lflHaGuOHgM,Female,Capital Area,54,High school,7,Democratic Party,Did not vote,Reform of real estate policy,Pursue diplomacy based on national interest,Oppose nuclear weapons deployment,Flexible work hours,Consensus before anti-discrimination law,Progressive
R_4gu9xiQ65RmWdl7,Female,Capital Area,47,University,8,Other,Yoon Suk-yeol,Major expansion of public housing,Pursue diplomacy based on national interest,Reflect national interest in nuclear policy,Flexible work hours,Consensus before anti-discrimination law,Conservative
R_42nW1SktiBXWhwR,Male,Capital Area,41,Junior college,6,Democratic Party,Lee Jae-myung,Major expansion of public housing,Early restart of economic cooperation with North Korea,Oppose nuclear weapons deployment,Phase in 4.5-day workweek,Quick enactment of anti-discrimination law,Conservative
R_4uKi8980wKFxDFD,Female,Capital Area,44,University,8,Democratic Party,다른 후보,Major expansion of public housing,Early restart of economic cooperation with North Korea,Oppose nuclear weapons deployment,Promote harmony in labor relations,Quick enactment of anti-discrimination law,Progressive
R_41bK10mMS1a7k2f,Female,Yeongnam,39,High school,5,Other,심상정,Stronger real estate taxation,Balanced diplomacy between US and China,US tactical nukes and nuclear sharing if needed,Flexible work hours,Oppose comprehensive anti-discrimination law,Other
R_4ffWKyFErCHNtMJ,Male,Yeongnam,22,University,5,Other,Yoon Suk-yeol,Reform of real estate policy,Pursue diplomacy based on national interest,Independent nuclear armament,Implement universal job guarantee,Prioritize social harmony,Other
R_40DUCiM7QnTGP3X,Female,Capital Area,45,High school,5,Other,Did not vote,Major expansion of public housing,Pursue diplomacy based on national interest,US tactical nukes and nuclear sharing if needed,Implement universal job guarantee,Consensus before anti-discrimination law,Other
R_4P894MgL4gm05V2,Female,Capital Area,31,University,8,People Power Party,Yoon Suk-yeol,Reform of real estate policy,Emphasize ROK-US alliance,Reflect national interest in nuclear policy,Phase in 4.5-day workweek,Oppose comprehensive anti-discrimination law,Conservative
R_4gBHKhWS5qqVAcN,Female,Capital Area,26,University,5,Other,심상정,Reform of real estate policy,Pursue diplomacy based on national interest,US tactical nukes and nuclear sharing if needed,Phase in 4.5-day workweek,Consensus before anti-discrimination law,Other
R_4YET3tN5SHV0wPk,Female,Capital Area,28,University,5,Other,Lee Jae-myung,Major expansion of public housing,Emphasize ROK-US alliance,Independent nuclear armament,Promote harmony in labor relations,Oppose comprehensive anti-discrimination law,Progressive
R_4g0B60egprcmd96,Female,Capital Area,42,Graduate school,5,Other,Yoon Suk-yeol,Reduced real estate tax burden,Balanced diplomacy between US and China,Reflect national interest in nuclear policy,Implement universal job guarantee,Quick enactment of anti-discrimination law,Other
R_4YhMbHCkFvhElVL,Female,Capital Area,50,University,6,Other,Did not vote,Reduced real estate tax burden,Pursue diplomacy based on national interest,Reflect national interest in nuclear policy,Flexible work hours,Consensus before anti-discrimination law,Conservative
R_4IJ7thgwJyzbbix,Male,Chungcheong-Honam,45,University,3,Democratic Party,Lee Jae-myung,Reform of real estate policy,Pursue diplomacy based on national interest,Independent nuclear armament,Promote harmony in labor relations,Prioritize social harmony,Progressive
R_4dusbr1BP3O9dCf,Female,Capital Area,33,University,5,Other,심상정,Reform of real estate policy,Early restart of economic cooperation with North Korea,US tactical nukes and nuclear sharing if needed,Implement universal job guarantee,Oppose comprehensive anti-discrimination law,Progressive
R_4j8iRtUezIu1MLT,Male,Capital Area,53,University,5,Democratic Party,Yoon Suk-yeol,Major expansion of public housing,Early restart of economic cooperation with North Korea,Independent nuclear armament,Promote harmony in labor relations,Prioritize social harmony,Conservative
R_4ahRoTjzu6qlDLX,Female,Capital Area,40,University,7,Other,Did not vote,Major expansion of public housing,Balanced diplomacy between US and China,Reflect national interest in nuclear policy,Implement universal job guarantee,Quick enactment of anti-discrimination law,Other
R_4lSIdCoS53WcbTS,Male,Yeongnam,46,High school,5,Other,Lee Jae-myung,Major expansion of public housing,Pursue diplomacy based on national interest,Independent nuclear armament,Phase in 4.5-day workweek,Quick enactment of anti-discrimination law,Conservative
R_4QnBXdWuCTFzZ5e,Female,Capital Area,49,University,5,Democratic Party,Lee Jae-myung,Stronger real estate taxation,Balanced diplomacy between US and China,Reflect national interest in nuclear policy,Promote harmony in labor relations,Quick enactment of anti-discrimination law,Progressive
R_4IRkr3sX98uYtm2,Female,Yeongnam,36,University,5,Democratic Party,Did not vote,Reduced real estate tax burden,Pursue diplomacy based on national interest,US tactical nukes and nuclear sharing if needed,Phase in 4.5-day workweek,Quick enactment of anti-discrimination law,Conservative
R_40gpCWngvMQEuhH,Male,Capital Area,45,Junior college,8,People Power Party,Yoon Suk-yeol,Major expansion of public housing,Emphasize ROK-US alliance,Independent nuclear armament,Implement universal job guarantee,Prioritize social harmony,Conservative
R_407QZvoyesjqPOV,Female,Capital Area,50,Graduate school,8,People Power Party,Yoon Suk-yeol,Reduced real estate tax burden,Emphasize ROK-US alliance,US tactical nukes and nuclear sharing if needed,Flexible work hours,Consensus before anti-discrimination law,Conservative
R_4pwQ0wiE8sVNnHP,Male,Capital Area,38,University,5,Other,Yoon Suk-yeol,Reform of real estate policy,Emphasize ROK-US alliance,Independent nuclear armament,Phase in 4.5-day workweek,Oppose comprehensive anti-discrimination law,Other
R_4RjzcWlHSlGkCat,Female,Yeongnam,50,High school,7,Other,다른 후보,Reduced real estate tax burden,Pursue diplomacy based on national interest,US tactical nukes and nuclear sharing if needed,Implement universal job guarantee,Oppose comprehensive anti-discrimination law,Other
R_4PEJUTaAHYuYTTb,Female,Capital Area,23,University,5,Other,Lee Jae-myung,Reduced real estate tax burden,Early restart of economic cooperation with North Korea,US tactical nukes and nuclear sharing if needed,Promote harmony in labor relations,Quick enactment of anti-discrimination law,Other
R_4C7IqbnSDRD1tNI,Female,Capital Area,64,University,5,People Power Party,Yoon Suk-yeol,Reduced real estate tax burden,Pursue diplomacy based on national interest,US tactical nukes and nuclear sharing if needed,Phase in 4.5-day workweek,Quick enactment of anti-discrimination law,Conservative
R_4n9xPkf5emggjXH,Male,Capital Area,39,University,7,People Power Party,Yoon Suk-yeol,Reform of real estate policy,Emphasize ROK-US alliance,Independent nuclear armament,Promote harmony in labor relations,Consensus before anti-discrimination law,Conservative
R_41RRvrEyMAO3qlg,Male,Capital Area,44,University,5,Other,심상정,Stronger real estate taxation,Pursue diplomacy based on national interest,Reflect national interest in nuclear policy,Implement universal job guarantee,Quick enactment of anti-discrimination law,Other
R_4kwaPhr08BPzt2p,Female,Capital Area,34,Junior college,5,Other,Yoon Suk-yeol,Reduced real estate tax burden,Balanced diplomacy between US and China,Reflect national interest in nuclear policy,Promote harmony in labor relations,Consensus before anti-discrimination law,Conservative
R_4pZ9sFy4yvQVvAR,Male,Capital Area,40,University,7,Other,Yoon Suk-yeol,Reform of real estate policy,Pursue diplomacy based on national interest,Independent nuclear armament,Phase in 4.5-day workweek,Consensus before anti-discrimination law,Conservative
R_4Cg1H90wRD85vXB,Female,Capital Area,40,Junior college,5,Other,Yoon Suk-yeol,Reduced real estate tax burden,Pursue diplomacy based on national interest,US tactical nukes and nuclear sharing if needed,Implement universal job guarantee,Prioritize social harmony,Other
R_4g0jsNDV5PLVGOt,Male,Capital Area,38,University,5,Other,Lee Jae-myung,Reform of real estate policy,Pursue diplomacy based on national interest,US tactical nukes and nuclear sharing if needed,Phase in 4.5-day workweek,Oppose comprehensive anti-discrimination law,Conservative
R_49gfKoqaAvoyLwr,Male,Capital Area,37,University,5,People Power Party,Yoon Suk-yeol,Reform of real estate policy,Emphasize ROK-US alliance,Reflect national interest in nuclear policy,Phase in 4.5-day workweek,Prioritize social harmony,Conservative
R_41lc4JJjUUjQiK5,Male,Capital Area,38,Junior college,5,Other,Lee Jae-myung,Reform of real estate policy,Early restart of economic cooperation with North Korea,US tactical nukes and nuclear sharing if needed,Phase in 4.5-day workweek,Quick enactment of anti-discrimination law,Other
R_4MAy4xJ8LaV71a8,Female,Capital Area,45,University,5,People Power Party,Did not vote,Stronger real estate taxation,Emphasize ROK-US alliance,Reflect national interest in nuclear policy,Phase in 4.5-day workweek,Quick enactment of anti-discrimination law,Conservative
R_4sBqeHbpQ9sldSZ,Female,Chungcheong-Honam,54,University,5,Other,Lee Jae-myung,Reform of real estate policy,Balanced diplomacy between US and China,Reflect national interest in nuclear policy,Phase in 4.5-day workweek,Consensus before anti-discrimination law,Other
R_4omfvfplZGnDgDn,Male,Capital Area,52,University,6,People Power Party,Yoon Suk-yeol,Reduced real estate tax burden,Emphasize ROK-US alliance,Independent nuclear armament,Phase in 4.5-day workweek,Prioritize social harmony,Conservative
R_4GuYVt1oQculWN3,Female,Chungcheong-Honam,53,Junior college,8,People Power Party,Yoon Suk-yeol,Reduced real estate tax burden,Pursue diplomacy based on national interest,Independent nuclear armament,Promote harmony in labor relations,Consensus before anti-discrimination law,Conservative
R_4go1iO1TAcRNfsp,Male,Capital Area,38,University,5,Green Justice Party,Lee Jae-myung,Reform of real estate policy,Emphasize ROK-US alliance,Oppose nuclear weapons deployment,Phase in 4.5-day workweek,Consensus before anti-discrimination law,Progressive
R_41wpXYc8z4S8Oul,Male,Capital Area,44,Junior college,5,Other,Did not vote,Reform of real estate policy,Emphasize ROK-US alliance,Reflect national interest in nuclear policy,Promote harmony in labor relations,Oppose comprehensive anti-discrimination law,Other
R_4O8uaDHhaTL2TYt,Male,Capital Area,52,University,5,Other,Lee Jae-myung,Reduced real estate tax burden,Pursue diplomacy based on national interest,Independent nuclear armament,Flexible work hours,Prioritize social harmony,Other
R_4dewsgag5ZvZpuN,Male,Capital Area,50,Junior college,7,People Power Party,Yoon Suk-yeol,Reduced real estate tax burden,Pursue diplomacy based on national interest,Reflect national interest in nuclear policy,Flexible work hours,Quick enactment of anti-discrimination law,Conservative
R_4wspKXZ5nVkvac9,Male,Capital Area,51,Junior college,6,Democratic Party,Yoon Suk-yeol,Reduced real estate tax burden,Pursue diplomacy based on national interest,US tactical nukes and nuclear sharing if needed,Implement universal job guarantee,Prioritize social harmony,Progressive
R_42Wko4KlL4VfCgN,Female,Capital Area,55,University,5,Democratic Party,Lee Jae-myung,Major expansion of public housing,Pursue diplomacy based on national interest,Oppose nuclear weapons deployment,Phase in 4.5-day workweek,Quick enactment of anti-discrimination law,Progressive
R_4GfvpyRWovaDS01,Female,Capital Area,44,University,5,Other,Yoon Suk-yeol,Major expansion of public housing,Pursue diplomacy based on national interest,Reflect national interest in nuclear policy,Flexible work hours,Consensus before anti-discrimination law,Progressive
R_4MDyVIWJqeIzEQU,Male,Capital Area,54,Junior college,6,Democratic Party,Did not vote,Reduced real estate tax burden,Pursue diplomacy based on national interest,Independent nuclear armament,Flexible work hours,Prioritize social harmony,Conservative
R_4Sc4XfRBRXXMqHv,Male,Capital Area,41,Junior college,5,Green Justice Party,Yoon Suk-yeol,Reform of real estate policy,Pursue diplomacy based on national interest,Independent nuclear armament,Phase in 4.5-day workweek,Prioritize social harmony,Progressive
R_4dMOIesZZ8ppyvO,Male,Capital Area,51,University,6,Other,Did not vote,Reform of real estate policy,Pursue diplomacy based on national interest,US tactical nukes and nuclear sharing if needed,Flexible work hours,Quick enactment of anti-discrimination law,Conservative
R_4cqPiTpi6xYQNO1,Male,Capital Area,27,University,7,People Power Party,Yoon Suk-yeol,Reform of real estate policy,Emphasize ROK-US alliance,Independent nuclear armament,Flexible work hours,Consensus before anti-discrimination law,Conservative
R_4hA8jAqUQSXdaRt,Female,Capital Area,26,University,10,Democratic Party,Lee Jae-myung,Reform of real estate policy,Balanced diplomacy between US and China,Reflect national interest in nuclear policy,Phase in 4.5-day workweek,Quick enactment of anti-discrimination law,Other
R_4CcUhCeneMiZzXW,Male,Capital Area,37,University,5,Democratic Party,Did not vote,Major expansion of public housing,Early restart of economic cooperation with North Korea,US tactical nukes and nuclear sharing if needed,Implement universal job guarantee,Quick enactment of anti-discrimination law,Progressive
R_4dMpQ8isWSosjWs,Male,Chungcheong-Honam,67,University,5,Democratic Party,Lee Jae-myung,Reduced real estate tax burden,Pursue diplomacy based on national interest,Independent nuclear armament,Implement universal job guarantee,Consensus before anti-discrimination law,Progressive
R_4EZjQb8CZ6kG72m,Male,Yeongnam,54,High school,5,Other,Yoon Suk-yeol,Reduced real estate tax burden,Pursue diplomacy based on national interest,Independent nuclear armament,Flexible work hours,Quick enactment of anti-discrimination law,Conservative
R_4SfwOpkYcg3z5EG,Male,Capital Area,52,University,3,Democratic Party,Lee Jae-myung,Reform of real estate policy,Pursue diplomacy based on national interest,Reflect national interest in nuclear policy,Promote harmony in labor relations,Prioritize social harmony,Progressive
R_4SBQ4EVms5emHor,Female,Capital Area,46,University,5,Other,Yoon Suk-yeol,Reduced real estate tax burden,Emphasize ROK-US alliance,US tactical nukes and nuclear sharing if needed,Promote harmony in labor relations,Consensus before anti-discrimination law,Progressive
R_4gvchxwq4XMPbdD,Male,Capital Area,54,University,6,People Power Party,Yoon Suk-yeol,Reform of real estate policy,Pursue diplomacy based on national interest,US tactical nukes and nuclear sharing if needed,Promote harmony in labor relations,Oppose comprehensive anti-discrimination law,Conservative
R_4gDjEOqTkEmbfvX,Female,Capital Area,48,Junior college,6,Democratic Party,Lee Jae-myung,Stronger real estate taxation,Pursue diplomacy based on national interest,US tactical nukes and nuclear sharing if needed,Implement universal job guarantee,Consensus before anti-discrimination law,Progressive
R_4dZ1XBfjnK9LY8i,Female,Capital Area,29,University,3,Democratic Party,Lee Jae-myung,Major expansion of public housing,Balanced diplomacy between US and China,Oppose nuclear weapons deployment,Phase in 4.5-day workweek,Oppose comprehensive anti-discrimination law,Progressive
R_4kY9Ah8yM71Jm7j,Male,Capital Area,44,University,4,Democratic Party,Lee Jae-myung,Major expansion of public housing,Emphasize ROK-US alliance,Independent nuclear armament,Flexible work hours,Oppose comprehensive anti-discrimination law,Conservative
R_4wS7Y9iTWUb66RR,Male,Capital Area,39,High school,5,Democratic Party,Did not vote,Major expansion of public housing,Pursue diplomacy based on national interest,Reflect national interest in nuclear policy,Phase in 4.5-day workweek,Prioritize social harmony,Progressive
R_4X4gYrQl5mAdAaO,Female,Capital Area,49,Graduate school,6,People Power Party,Yoon Suk-yeol,Reduced real estate tax burden,Pursue diplomacy based on national interest,US tactical nukes and nuclear sharing if needed,Promote harmony in labor relations,Prioritize social harmony,Conservative
R_4TzQrWylXRmpKWX,Male,Capital Area,53,University,7,People Power Party,Yoon Suk-yeol,Reduced real estate tax burden,Emphasize ROK-US alliance,Independent nuclear armament,Implement universal job guarantee,Consensus before anti-discrimination law,Conservative
R_4S6aP5c7DdVC38a,Male,Capital Area,53,University,4,Democratic Party,Lee Jae-myung,Major expansion of public housing,Balanced diplomacy between US and China,US tactical nukes and nuclear sharing if needed,Phase in 4.5-day workweek,Quick enactment of anti-discrimination law,Progressive
R_4QE0byNOyuOY79n,Male,Capital Area,52,University,3,Democratic Party,Lee Jae-myung,Major expansion of public housing,Pursue diplomacy based on national interest,Reflect national interest in nuclear policy,Phase in 4.5-day workweek,Quick enactment of anti-discrimination law,Conservative
R_4cefFz2oKJnyjNn,Male,Capital Area,53,University,5,Democratic Party,Lee Jae-myung,Reform of real estate policy,Pursue diplomacy based on national interest,US tactical nukes and nuclear sharing if needed,Phase in 4.5-day workweek,Oppose comprehensive anti-discrimination law,Progressive
R_42SyVdB3pMH5wKy,Female,Chungcheong-Honam,35,University,5,Other,Lee Jae-myung,Reform of real estate policy,Pursue diplomacy based on national interest,US tactical nukes and nuclear sharing if needed,Phase in 4.5-day workweek,Consensus before anti-discrimination law,Progressive
R_4NdPUdgeZjdPmcF,Male,Capital Area,46,Graduate school,4,Democratic Party,Lee Jae-myung,Major expansion of public housing,Emphasize ROK-US alliance,US tactical nukes and nuclear sharing if needed,Flexible work hours,Prioritize social harmony,Other
R_4v81UTLdX0wZMlX,Female,Capital Area,54,University,4,Democratic Party,Lee Jae-myung,Reform of real estate policy,Early restart of economic cooperation with North Korea,US tactical nukes and nuclear sharing if needed,Flexible work hours,Oppose comprehensive anti-discrimination law,Progressive
R_4vkNATdKm2Yh73P,Male,Capital Area,35,High school,5,Other,Yoon Suk-yeol,Major expansion of public housing,Balanced diplomacy between US and China,US tactical nukes and nuclear sharing if needed,Flexible work hours,Consensus before anti-discrimination law,Other
R_4Jis1KVb6sjTKjT,Male,Capital Area,50,University,9,People Power Party,Yoon Suk-yeol,Reduced real estate tax burden,Balanced diplomacy between US and China,Reflect national interest in nuclear policy,Implement universal job guarantee,Prioritize social harmony,Conservative
R_45TCPDB9l5SJ6dH,Male,Capital Area,41,Junior college,3,Democratic Party,Lee Jae-myung,Reduced real estate tax burden,Pursue diplomacy based on national interest,Reflect national interest in nuclear policy,Implement universal job guarantee,Consensus before anti-discrimination law,Progressive
R_7FlXq8OoFVo3qat,Male,Capital Area,34,University,5,Other,Could not vote,Stronger real estate taxation,Balanced diplomacy between US and China,Oppose nuclear weapons deployment,Phase in 4.5-day workweek,Prioritize social harmony,Progressive
R_6vj3oRdtzXaI54k,Female,Capital Area,34,University,6,People Power Party,Yoon Suk-yeol,Reduced real estate tax burden,Pursue diplomacy based on national interest,Independent nuclear armament,Promote harmony in labor relations,Prioritize social harmony,Other
R_4R3cYQxH5MuSl8R,Female,Capital Area,44,University,5,Democratic Party,Lee Jae-myung,Reform of real estate policy,Pursue diplomacy based on national interest,Reflect national interest in nuclear policy,Flexible work hours,Consensus before anti-discrimination law,Progressive
R_4k1CKqvOSCqvS3s,Male,Capital Area,48,University,2,Democratic Party,Lee Jae-myung,Major expansion of public housing,Balanced diplomacy between US and China,Reflect national interest in nuclear policy,Flexible work hours,Quick enactment of anti-discrimination law,Progressive
R_4laOaa7ztzHTcch,Female,Capital Area,48,University,5,Other,Did not vote,Major expansion of public housing,Pursue diplomacy based on national interest,Reflect national interest in nuclear policy,Phase in 4.5-day workweek,Consensus before anti-discrimination law,Progressive
R_4IABlMUa6VpeLHS,Male,Chungcheong-Honam,48,High school,6,People Power Party,Did not vote,Reform of real estate policy,Pursue diplomacy based on national interest,Reflect national interest in nuclear policy,Flexible work hours,Consensus before anti-discrimination law,Conservative
R_4slJ1jghMEVxiSt,Female,Yeongnam,50,University,6,People Power Party,Yoon Suk-yeol,Reduced real estate tax burden,Pursue diplomacy based on national interest,Oppose nuclear weapons deployment,Promote harmony in labor relations,Prioritize social harmony,Conservative
R_4aDLETjGbsOxQ0o,Female,Capital Area,32,University,5,Other,Did not vote,Stronger real estate taxation,Emphasize ROK-US alliance,US tactical nukes and nuclear sharing if needed,Flexible work hours,Oppose comprehensive anti-discrimination law,Conservative
R_48RoCJMbz1Clcel,Male,Capital Area,53,Junior college,5,Democratic Party,Lee Jae-myung,Stronger real estate taxation,Balanced diplomacy between US and China,Oppose nuclear weapons deployment,Promote harmony in labor relations,Quick enactment of anti-discrimination law,Other
R_4fDsbsZvBHqaIxz,Female,Capital Area,31,University,2,Democratic Party,Lee Jae-myung,Reform of real estate policy,Early restart of economic cooperation with North Korea,Reflect national interest in nuclear policy,Phase in 4.5-day workweek,Prioritize social harmony,Progressive
R_4M4qVO0dJbu2xXw,Male,Capital Area,45,University,5,Other,Yoon Suk-yeol,Reduced real estate tax burden,Early restart of economic cooperation with North Korea,Reflect national interest in nuclear policy,Phase in 4.5-day workweek,Oppose comprehensive anti-discrimination law,Conservative
R_4t8d9CMghvRbk3v,Female,Capital Area,33,University,6,Democratic Party,심상정,Reform of real estate policy,Pursue diplomacy based on national interest,US tactical nukes and nuclear sharing if needed,Implement universal job guarantee,Oppose comprehensive anti-discrimination law,Conservative
R_4IX7pzxCmXVbXSF,Female,Capital Area,38,University,5,Other,Yoon Suk-yeol,Reduced real estate tax burden,Pursue diplomacy based on national interest,Reflect national interest in nuclear policy,Phase in 4.5-day workweek,Consensus before anti-discrimination law,Conservative
R_4LAs5tYffmgI6pa,Male,Capital Area,40,Graduate school,5,Other,Yoon Suk-yeol,Reform of real estate policy,Balanced diplomacy between US and China,Oppose nuclear weapons deployment,Flexible work hours,Consensus before anti-discrimination law,Conservative
R_4Bsq0fNgNPwsDSb,Male,Capital Area,51,Junior college,5,People Power Party,Lee Jae-myung,Reform of real estate policy,Balanced diplomacy between US and China,US tactical nukes and nuclear sharing if needed,Implement universal job guarantee,Consensus before anti-discrimination law,Conservative
R_4fpZuqjgn6FnrlD,Female,Capital Area,52,University,4,Democratic Party,Lee Jae-myung,Major expansion of public housing,Pursue diplomacy based on national interest,Oppose nuclear weapons deployment,Promote harmony in labor relations,Quick enactment of anti-discrimination law,Progressive
R_49amDN15vSEajpk,Female,Yeongnam,50,University,4,Democratic Party,Lee Jae-myung,Major expansion of public housing,Pursue diplomacy based on national interest,Independent nuclear armament,Phase in 4.5-day workweek,Consensus before anti-discrimination law,Progressive
R_47WIeQpD1IfCkkE,Female,Capital Area,44,Graduate school,8,People Power Party,Yoon Suk-yeol,Major expansion of public housing,Pursue diplomacy based on national interest,US tactical nukes and nuclear sharing if needed,Implement universal job guarantee,Prioritize social harmony,Conservative
R_4DqjaL9mLgmDw4p,Female,Capital Area,32,University,4,Democratic Party,Lee Jae-myung,Reform of real estate policy,Pursue diplomacy based on national interest,Oppose nuclear weapons deployment,Flexible work hours,Consensus before anti-discrimination law,Progressive
R_4q6l4MIvO98BKzn,Female,Capital Area,44,University,5,Democratic Party,심상정,Reform of real estate policy,Pursue diplomacy based on national interest,US tactical nukes and nuclear sharing if needed,Phase in 4.5-day workweek,Quick enactment of anti-discrimination law,Conservative
R_4fJMT0RHbVUuQwo,Female,Yeongnam,21,University,6,People Power Party,Yoon Suk-yeol,Stronger real estate taxation,Emphasize ROK-US alliance,US tactical nukes and nuclear sharing if needed,Implement universal job guarantee,Quick enactment of anti-discrimination law,Conservative
R_4t1I5wKOxpl7mc9,Male,Capital Area,41,University,5,Other,다른 후보,Major expansion of public housing,Emphasize ROK-US alliance,US tactical nukes and nuclear sharing if needed,Implement universal job guarantee,Prioritize social harmony,Progressive
R_4I9VsOUKv4PDVR3,Male,Capital Area,35,University,5,People Power Party,Yoon Suk-yeol,Stronger real estate taxation,Early restart of economic cooperation with North Korea,Reflect national interest in nuclear policy,Phase in 4.5-day workweek,Oppose comprehensive anti-discrimination law,Conservative
R_4QrqIobqVrytEgI,Female,Capital Area,51,High school,2,Democratic Party,Lee Jae-myung,Reform of real estate policy,Pursue diplomacy based on national interest,Oppose nuclear weapons deployment,Promote harmony in labor relations,Prioritize social harmony,Progressive
R_4OW2hpUfhJDLMpw,Male,Capital Area,44,Junior college,7,Democratic Party,Lee Jae-myung,Major expansion of public housing,Pursue diplomacy based on national interest,Independent nuclear armament,Flexible work hours,Prioritize social harmony,Progressive
R_4pevZI1T5wwM4G5,Male,Capital Area,50,Graduate school,6,People Power Party,Yoon Suk-yeol,Major expansion of public housing,Balanced diplomacy between US and China,Reflect national interest in nuclear policy,Flexible work hours,Oppose comprehensive anti-discrimination law,Conservative
R_4PpppY3VJzaMZ05,Male,Chungcheong-Honam,53,Graduate school,6,Other,Lee Jae-myung,Major expansion of public housing,Pursue diplomacy based on national interest,Independent nuclear armament,Promote harmony in labor relations,Consensus before anti-discrimination law,Progressive
R_4zMGfSldrb7Cvm5,Female,Capital Area,52,University,4,Democratic Party,Did not vote,Reform of real estate policy,Early restart of economic cooperation with North Korea,Reflect national interest in nuclear policy,Promote harmony in labor relations,Consensus before anti-discrimination law,Progressive
R_4rpLr1OsMvMGxOP,Female,Capital Area,52,High school,5,Democratic Party,Lee Jae-myung,Reform of real estate policy,Pursue diplomacy based on national interest,Reflect national interest in nuclear policy,Phase in 4.5-day workweek,Oppose comprehensive anti-discrimination law,Progressive
R_4kERxCrULy76pWV,Female,Capital Area,54,University,5,Democratic Party,Lee Jae-myung,Reduced real estate tax burden,Pursue diplomacy based on national interest,US tactical nukes and nuclear sharing if needed,Phase in 4.5-day workweek,Quick enactment of anti-discrimination law,Progressive
R_4BxlKZg4xNkn56E,Female,Capital Area,51,Graduate school,4,Democratic Party,Lee Jae-myung,Major expansion of public housing,Pursue diplomacy based on national interest,Reflect national interest in nuclear policy,Promote harmony in labor relations,Quick enactment of anti-discrimination law,Progressive
R_4Edr77iA2JMIJHt,Male,Capital Area,28,Junior college,5,People Power Party,Yoon Suk-yeol,Reduced real estate tax burden,Emphasize ROK-US alliance,US tactical nukes and nuclear sharing if needed,Flexible work hours,Oppose comprehensive anti-discrimination law,Conservative
R_4fJG57jhwVD3ayj,Female,Capital Area,54,Graduate school,2,Democratic Party,Lee Jae-myung,Major expansion of public housing,Pursue diplomacy based on national interest,Reflect national interest in nuclear policy,Phase in 4.5-day workweek,Prioritize social harmony,Progressive
R_4oimzD6JPzQytiC,Male,Yeongnam,50,Junior college,4,Democratic Party,Lee Jae-myung,Major expansion of public housing,Pursue diplomacy based on national interest,US tactical nukes and nuclear sharing if needed,Implement universal job guarantee,Consensus before anti-discrimination law,Progressive
R_4jmd2xw7J6PeD8R,Male,Yeongnam,37,University,5,Democratic Party,Lee Jae-myung,Reduced real estate tax burden,Pursue diplomacy based on national interest,US tactical nukes and nuclear sharing if needed,Phase in 4.5-day workweek,Prioritize social harmony,Progressive
R_4ayLJesGMhChksc,Female,Capital Area,27,University,5,Other,Yoon Suk-yeol,Reduced real estate tax burden,Pursue diplomacy based on national interest,US tactical nukes and nuclear sharing if needed,Implement universal job guarantee,Prioritize social harmony,Progressive
R_4BURug6kg5UucgT,Female,Capital Area,25,University,3,Democratic Party,Lee Jae-myung,Major expansion of public housing,Balanced diplomacy between US and China,US tactical nukes and nuclear sharing if needed,Implement universal job guarantee,Oppose comprehensive anti-discrimination law,Progressive
R_4w1sWbKN8TYzd05,Male,Capital Area,50,University,7,Other,다른 후보,Stronger real estate taxation,Emphasize ROK-US alliance,Independent nuclear armament,Implement universal job guarantee,Oppose comprehensive anti-discrimination law,Progressive
R_4mf1sajqRoirrOv,Male,Capital Area,48,University,6,People Power Party,Yoon Suk-yeol,Reduced real estate tax burden,Emphasize ROK-US alliance,US tactical nukes and nuclear sharing if needed,Flexible work hours,Prioritize social harmony,Conservative
R_4TX1eqaUFu14VoA,Female,Capital Area,52,Junior college,5,Green Justice Party,심상정,Reform of real estate policy,Pursue diplomacy based on national interest,Reflect national interest in nuclear policy,Promote harmony in labor relations,Consensus before anti-discrimination law,Other
R_4FrMLBZnW8hkyH7,Male,Capital Area,53,Junior college,1,Democratic Party,Lee Jae-myung,Reform of real estate policy,Early restart of economic cooperation with North Korea,Oppose nuclear weapons deployment,Phase in 4.5-day workweek,Quick enactment of anti-discrimination law,Progressive
R_4gm1BEH4coH6VgZ,Female,Capital Area,44,University,5,Other,Lee Jae-myung,Stronger real estate taxation,Pursue diplomacy based on national interest,Reflect national interest in nuclear policy,Phase in 4.5-day workweek,Prioritize social harmony,Other
R_4qJjaLXK6gjnduh,Male,Capital Area,51,University,8,Democratic Party,Lee Jae-myung,Major expansion of public housing,Pursue diplomacy based on national interest,Independent nuclear armament,Phase in 4.5-day workweek,Oppose comprehensive anti-discrimination law,Progressive
R_45Rt0Y9MjAGSnoS,Male,Capital Area,46,University,3,Democratic Party,Lee Jae-myung,Major expansion of public housing,Pursue diplomacy based on national interest,Oppose nuclear weapons deployment,Phase in 4.5-day workweek,Quick enactment of anti-discrimination law,Progressive
R_4Iroy3k0hmFYKYh,Female,Capital Area,35,University,10,People Power Party,Yoon Suk-yeol,Reduced real estate tax burden,Emphasize ROK-US alliance,US tactical nukes and nuclear sharing if needed,Phase in 4.5-day workweek,Consensus before anti-discrimination law,Conservative
R_4jZmmJv3OCDQhH6,Male,Capital Area,45,University,5,Democratic Party,Lee Jae-myung,Reduced real estate tax burden,Balanced diplomacy between US and China,US tactical nukes and nuclear sharing if needed,Flexible work hours,Consensus before anti-discrimination law,Other
R_4m8hmeh3LrmkGPh,Female,Capital Area,40,Graduate school,5,Other,Yoon Suk-yeol,Reduced real estate tax burden,Emphasize ROK-US alliance,Reflect national interest in nuclear policy,Flexible work hours,Consensus before anti-discrimination law,Conservative
R_4dEQmv23gOwyUxF,Female,Capital Area,50,Junior college,5,Other,다른 후보,Reform of real estate policy,Pursue diplomacy based on national interest,Oppose nuclear weapons deployment,Implement universal job guarantee,Oppose comprehensive anti-discrimination law,Other
R_4QfHOTqG2uPsPiw,Female,Capital Area,37,University,5,Democratic Party,Lee Jae-myung,Stronger real estate taxation,Pursue diplomacy based on national interest,Oppose nuclear weapons deployment,Phase in 4.5-day workweek,Prioritize social harmony,Progressive
R_4ymRvxwHZDwW69H,Female,Chungcheong-Honam,48,University,4,Democratic Party,Lee Jae-myung,Major expansion of public housing,Pursue diplomacy based on national interest,Reflect national interest in nuclear policy,Implement universal job guarantee,Consensus before anti-discrimination law,Progressive
R_4GK97uph3lrJL52,Female,Capital Area,48,Graduate school,5,Democratic Party,Lee Jae-myung,Reform of real estate policy,Pursue diplomacy based on national interest,Reflect national interest in nuclear policy,Implement universal job guarantee,Prioritize social harmony,Progressive
R_40EeUvYPexhYGfD,Male,Capital Area,34,University,1,Other,Lee Jae-myung,Reform of real estate policy,Balanced diplomacy between US and China,Reflect national interest in nuclear policy,Phase in 4.5-day workweek,Prioritize social harmony,Other
R_4LDh0yOBr4a981b,Male,Chungcheong-Honam,43,University,2,Democratic Party,Lee Jae-myung,Major expansion of public housing,Balanced diplomacy between US and China,Reflect national interest in nuclear policy,Flexible work hours,Quick enactment of anti-discrimination law,Progressive
R_4BfIWefeDmcZaOQ,Male,Capital Area,48,Junior college,2,Democratic Party,Lee Jae-myung,Reform of real estate policy,Pursue diplomacy based on national interest,Oppose nuclear weapons deployment,Implement universal job guarantee,Consensus before anti-discrimination law,Progressive
R_4nkPCXpyZ0Oguio,Female,Capital Area,41,University,5,Other,다른 후보,Reduced real estate tax burden,Pursue diplomacy based on national interest,Oppose nuclear weapons deployment,Flexible work hours,Quick enactment of anti-discrimination law,Other
R_4EQG2Aukd9hatze,Male,Capital Area,52,University,5,Democratic Party,Lee Jae-myung,Reduced real estate tax burden,Pursue diplomacy based on national interest,US tactical nukes and nuclear sharing if needed,Implement universal job guarantee,Quick enactment of anti-discrimination law,Progressive
R_4fJNeHx5DotjwpN,Female,Chungcheong-Honam,50,University,3,Democratic Party,Lee Jae-myung,Major expansion of public housing,Pursue diplomacy based on national interest,Oppose nuclear weapons deployment,Phase in 4.5-day workweek,Oppose comprehensive anti-discrimination law,Progressive
R_4hwReSKtrtp1r3P,Male,Capital Area,23,University,10,People Power Party,Yoon Suk-yeol,Major expansion of public housing,Pursue diplomacy based on national interest,Independent nuclear armament,Phase in 4.5-day workweek,Prioritize social harmony,Conservative
R_4lYAMxwXEN6qG3L,Female,Capital Area,41,University,10,People Power Party,Yoon Suk-yeol,Stronger real estate taxation,Pursue diplomacy based on national interest,Reflect national interest in nuclear policy,Phase in 4.5-day workweek,Consensus before anti-discrimination law,Conservative
R_4mq7t2IdEriGmXp,Female,Capital Area,43,University,6,People Power Party,Yoon Suk-yeol,Major expansion of public housing,Pursue diplomacy based on national interest,Reflect national interest in nuclear policy,Implement universal job guarantee,Quick enactment of anti-discrimination law,Conservative
R_4chZBLo04gQTu3P,Male,Capital Area,41,University,5,People Power Party,Yoon Suk-yeol,Major expansion of public housing,Balanced diplomacy between US and China,Reflect national interest in nuclear policy,Implement universal job guarantee,Prioritize social harmony,Conservative
R_4dLaZBq5LABVqI9,Female,Chungcheong-Honam,28,University,5,Other,Yoon Suk-yeol,Reduced real estate tax burden,Emphasize ROK-US alliance,Oppose nuclear weapons deployment,Flexible work hours,Quick enactment of anti-discrimination law,Other
R_4HGut8PGguR3bEJ,Male,Capital Area,39,High school,6,Other,Did not vote,Stronger real estate taxation,Pursue diplomacy based on national interest,Reflect national interest in nuclear policy,Implement universal job guarantee,Prioritize social harmony,Other
R_4vbEcjQ4jZtNOq5,Female,Capital Area,32,University,4,Other,Did not vote,Stronger real estate taxation,Pursue diplomacy based on national interest,Reflect national interest in nuclear policy,Flexible work hours,Quick enactment of anti-discrimination law,Progressive
R_4QHrvu24PoXA7NT,Male,Capital Area,22,High school,5,Other,Yoon Suk-yeol,Reform of real estate policy,Pursue diplomacy based on national interest,Reflect national interest in nuclear policy,Implement universal job guarantee,Prioritize social harmony,Conservative
R_40POkVUBunmEzCe,Female,Chungcheong-Honam,62,University,4,Democratic Party,Lee Jae-myung,Major expansion of public housing,Pursue diplomacy based on national interest,US tactical nukes and nuclear sharing if needed,Promote harmony in labor relations,Consensus before anti-discrimination law,Progressive
R_4B3mUGYHVMRuz3r,Female,Capital Area,63,University,5,Other,다른 후보,Reduced real estate tax burden,Emphasize ROK-US alliance,Reflect national interest in nuclear policy,Promote harmony in labor relations,Consensus before anti-discrimination law,Other
R_4aY7GAnNG2BYBQ5,Male,Capital Area,43,University,8,People Power Party,Yoon Suk-yeol,Reduced real estate tax burden,Emphasize ROK-US alliance,US tactical nukes and nuclear sharing if needed,Flexible work hours,Oppose comprehensive anti-discrimination law,Conservative
R_4ePbCuqn31WKHx3,Female,Capital Area,34,Graduate school,8,People Power Party,Yoon Suk-yeol,Stronger real estate taxation,Balanced diplomacy between US and China,Oppose nuclear weapons deployment,Implement universal job guarantee,Prioritize social harmony,Conservative
R_42D5vIP7EPo6kAq,Male,Capital Area,43,High school,3,Democratic Party,Lee Jae-myung,Reform of real estate policy,Balanced diplomacy between US and China,Reflect national interest in nuclear policy,Phase in 4.5-day workweek,Quick enactment of anti-discrimination law,Progressive
R_4kwzwPTJJeZVe9j,Male,Capital Area,48,High school,1,Other,Did not vote,Stronger real estate taxation,Pursue diplomacy based on national interest,Independent nuclear armament,Implement universal job guarantee,Prioritize social harmony,Other
R_4WIrWDxJPRnbnoh,Male,Capital Area,23,High school,5,Other,Could not vote,Reform of real estate policy,Pursue diplomacy based on national interest,Independent nuclear armament,Flexible work hours,Consensus before anti-discrimination law,Other
R_4GDnrOui5UaR9i3,Male,Capital Area,28,University,8,People Power Party,Yoon Suk-yeol,Reduced real estate tax burden,Emphasize ROK-US alliance,Independent nuclear armament,Flexible work hours,Oppose comprehensive anti-discrimination law,Conservative
R_4IK3uVx3ZnBHnRt,Female,Yeongnam,50,University,6,Other,Yoon Suk-yeol,Reform of real estate policy,Emphasize ROK-US alliance,US tactical nukes and nuclear sharing if needed,Flexible work hours,Consensus before anti-discrimination law,Progressive
R_4gO3BR6xXHFComP,Male,Capital Area,39,Graduate school,5,Democratic Party,Lee Jae-myung,Reform of real estate policy,Pursue diplomacy based on national interest,Independent nuclear armament,Flexible work hours,Consensus before anti-discrimination law,Other
R_4NVzXOVkr21I9H6,Male,Yeongnam,34,University,6,Democratic Party,Lee Jae-myung,Major expansion of public housing,Pursue diplomacy based on national interest,Reflect national interest in nuclear policy,Implement universal job guarantee,Quick enactment of anti-discrimination law,Progressive
R_4N5QF3zaFK4Ne4p,Female,Capital Area,43,University,5,Democratic Party,심상정,Major expansion of public housing,Pursue diplomacy based on national interest,Reflect national interest in nuclear policy,Phase in 4.5-day workweek,Oppose comprehensive anti-discrimination law,Progressive
R_4fTuHcG9tzojqjT,Male,Capital Area,51,University,6,People Power Party,Yoon Suk-yeol,Reform of real estate policy,Pursue diplomacy based on national interest,US tactical nukes and nuclear sharing if needed,Promote harmony in labor relations,Prioritize social harmony,Conservative
R_4zBUBjbiv2WJED2,Male,Capital Area,46,University,6,People Power Party,다른 후보,Reform of real estate policy,Pursue diplomacy based on national interest,Oppose nuclear weapons deployment,Flexible work hours,Prioritize social harmony,Other
R_43F6KMwXXvEGbw5,Female,Capital Area,35,Junior college,4,Green Justice Party,심상정,Reduced real estate tax burden,Balanced diplomacy between US and China,Reflect national interest in nuclear policy,Phase in 4.5-day workweek,Oppose comprehensive anti-discrimination law,Progressive
R_4PaAhVMorEA8zWF,Male,Capital Area,28,Junior college,5,People Power Party,Yoon Suk-yeol,Reform of real estate policy,Emphasize ROK-US alliance,US tactical nukes and nuclear sharing if needed,Phase in 4.5-day workweek,Oppose comprehensive anti-discrimination law,Conservative
R_4k70ABcehbanjx4,Male,Capital Area,38,Graduate school,5,Other,Yoon Suk-yeol,Reduced real estate tax burden,Pursue diplomacy based on national interest,US tactical nukes and nuclear sharing if needed,Promote harmony in labor relations,Consensus before anti-discrimination law,Conservative
R_4qeyALNMH6C1ePj,Female,Capital Area,55,High school,10,People Power Party,Yoon Suk-yeol,Reduced real estate tax burden,Emphasize ROK-US alliance,US tactical nukes and nuclear sharing if needed,Flexible work hours,Oppose comprehensive anti-discrimination law,Conservative
R_4kxDwxWTs9HeNJT,Male,Capital Area,51,High school,5,Other,Lee Jae-myung,Reduced real estate tax burden,Early restart of economic cooperation with North Korea,Independent nuclear armament,Phase in 4.5-day workweek,Quick enactment of anti-discrimination law,Progressive
R_4WTCiJFzJoiawSA,Male,Capital Area,38,University,5,Other,Yoon Suk-yeol,Reduced real estate tax burden,Balanced diplomacy between US and China,US tactical nukes and nuclear sharing if needed,Promote harmony in labor relations,Prioritize social harmony,Conservative
R_4BgnDQ22S7tYOSl,Female,Chungcheong-Honam,31,High school,5,Other,Lee Jae-myung,Stronger real estate taxation,Early restart of economic cooperation with North Korea,Reflect national interest in nuclear policy,Implement universal job guarantee,Quick enactment of anti-discrimination law,Progressive
R_4dBWUwLwRoH70jL,Male,Chungcheong-Honam,29,Junior college,5,Other,Did not vote,Reform of real estate policy,Emphasize ROK-US alliance,US tactical nukes and nuclear sharing if needed,Flexible work hours,Quick enactment of anti-discrimination law,Conservative
R_4MLkXxHJAC6kIW4,Female,Capital Area,24,University,3,Democratic Party,Lee Jae-myung,Major expansion of public housing,Emphasize ROK-US alliance,US tactical nukes and nuclear sharing if needed,Phase in 4.5-day workweek,Quick enactment of anti-discrimination law,Other
R_4coQnPp9oDnPDLb,Male,Yeongnam,39,University,6,People Power Party,Yoon Suk-yeol,Reduced real estate tax burden,Emphasize ROK-US alliance,Independent nuclear armament,Phase in 4.5-day workweek,Oppose comprehensive anti-discrimination law,Other
R_43fJGemDBSORXpf,Female,Capital Area,54,University,5,Green Justice Party,Lee Jae-myung,Major expansion of public housing,Pursue diplomacy based on national interest,Reflect national interest in nuclear policy,Implement universal job guarantee,Quick enactment of anti-discrimination law,Other
R_4qeblc6T2A886XK,Female,Yeongnam,23,University,4,Other,Lee Jae-myung,Major expansion of public housing,Balanced diplomacy between US and China,Reflect national interest in nuclear policy,Flexible work hours,Consensus before anti-discrimination law,Progressive
R_4i2uLEn8HZ7G5tD,Male,Capital Area,57,University,10,People Power Party,Yoon Suk-yeol,Major expansion of public housing,Emphasize ROK-US alliance,US tactical nukes and nuclear sharing if needed,Promote harmony in labor relations,Oppose comprehensive anti-discrimination law,Conservative
R_4WYdYExX0zyNMoV,Male,Chungcheong-Honam,35,University,7,People Power Party,Yoon Suk-yeol,Stronger real estate taxation,Emphasize ROK-US alliance,Independent nuclear armament,Phase in 4.5-day workweek,Consensus before anti-discrimination law,Progressive
R_4eXmQLtatJfm2Ma,Male,Capital Area,52,High school,5,Democratic Party,Lee Jae-myung,Reduced real estate tax burden,Pursue diplomacy based on national interest,US tactical nukes and nuclear sharing if needed,Phase in 4.5-day workweek,Consensus before anti-discrimination law,Other
R_40OxgDKOcwiVWNO,Female,Capital Area,30,University,3,Democratic Party,Lee Jae-myung,Major expansion of public housing,Pursue diplomacy based on national interest,Reflect national interest in nuclear policy,Phase in 4.5-day workweek,Oppose comprehensive anti-discrimination law,Progressive
R_4xVIvQ0E4bfriHn,Male,Chungcheong-Honam,45,University,6,People Power Party,Yoon Suk-yeol,Reduced real estate tax burden,Pursue diplomacy based on national interest,US tactical nukes and nuclear sharing if needed,Flexible work hours,Consensus before anti-discrimination law,Progressive
R_4QMfQiVOB17llSF,Male,Capital Area,41,University,5,Democratic Party,Lee Jae-myung,Reform of real estate policy,Emphasize ROK-US alliance,US tactical nukes and nuclear sharing if needed,Phase in 4.5-day workweek,Prioritize social harmony,Progressive
R_47r0zeNC4tKNkTD,Female,Capital Area,26,University,5,People Power Party,Lee Jae-myung,Reform of real estate policy,Balanced diplomacy between US and China,US tactical nukes and nuclear sharing if needed,Phase in 4.5-day workweek,Oppose comprehensive anti-discrimination law,Conservative
R_4oZQhKLKucI86c1,Male,Capital Area,44,University,6,Other,Yoon Suk-yeol,Major expansion of public housing,Balanced diplomacy between US and China,Reflect national interest in nuclear policy,Flexible work hours,Consensus before anti-discrimination law,Conservative
R_4Ec8lUoP6vBj109,Male,Capital Area,53,University,3,Democratic Party,Lee Jae-myung,Reform of real estate policy,Pursue diplomacy based on national interest,Oppose nuclear weapons deployment,Implement universal job guarantee,Quick enactment of anti-discrimination law,Progressive
R_44f1tyCbjylPZry,Female,Capital Area,39,Junior college,5,Other,다른 후보,Major expansion of public housing,Balanced diplomacy between US and China,Independent nuclear armament,Phase in 4.5-day workweek,Oppose comprehensive anti-discrimination law,Other
R_4awWCFz4HuAJWgr,Female,Capital Area,34,University,5,Democratic Party,Lee Jae-myung,Reform of real estate policy,Pursue diplomacy based on national interest,US tactical nukes and nuclear sharing if needed,Flexible work hours,Consensus before anti-discrimination law,Progressive
R_4qvyMpJER8yS5z2,Female,Capital Area,22,University,7,Green Justice Party,다른 후보,Reduced real estate tax burden,Balanced diplomacy between US and China,US tactical nukes and nuclear sharing if needed,Phase in 4.5-day workweek,Oppose comprehensive anti-discrimination law,Progressive
R_4MhhymcT2GPDPER,Male,Capital Area,38,University,6,People Power Party,Yoon Suk-yeol,Reform of real estate policy,Balanced diplomacy between US and China,Independent nuclear armament,Promote harmony in labor relations,Prioritize social harmony,Conservative
R_4cynoZFn0AOzT6F,Male,Capital Area,45,Graduate school,6,People Power Party,Yoon Suk-yeol,Major expansion of public housing,Early restart of economic cooperation with North Korea,Reflect national interest in nuclear policy,Phase in 4.5-day workweek,Oppose comprehensive anti-discrimination law,Progressive
R_4E66212MOwOuHrn,Female,Capital Area,52,High school,5,Other,다른 후보,Reduced real estate tax burden,Emphasize ROK-US alliance,US tactical nukes and nuclear sharing if needed,Promote harmony in labor relations,Prioritize social harmony,Other
R_4EspkbMu3Ul7R27,Female,Chungcheong-Honam,47,University,5,Democratic Party,Lee Jae-myung,Reduced real estate tax burden,Pursue diplomacy based on national interest,US tactical nukes and nuclear sharing if needed,Flexible work hours,Prioritize social harmony,Progressive
R_4ZEzcgaLnHhlxNq,Male,Capital Area,29,High school,5,Other,Lee Jae-myung,Major expansion of public housing,Balanced diplomacy between US and China,Oppose nuclear weapons deployment,Phase in 4.5-day workweek,Quick enactment of anti-discrimination law,Progressive
R_4ZQPmQdwcwuWq5m,Male,Capital Area,51,University,6,People Power Party,Yoon Suk-yeol,Reduced real estate tax burden,Emphasize ROK-US alliance,Independent nuclear armament,Promote harmony in labor relations,Consensus before anti-discrimination law,Conservative
R_4lLHGkPqlsKMs2r,Female,Capital Area,33,Junior college,5,Other,Did not vote,Reform of real estate policy,Balanced diplomacy between US and China,Reflect national interest in nuclear policy,Flexible work hours,Oppose comprehensive anti-discrimination law,Other
R_4c62UVlfBxEekOA,Male,Capital Area,52,University,5,People Power Party,Yoon Suk-yeol,Reduced real estate tax burden,Pursue diplomacy based on national interest,Reflect national interest in nuclear policy,Implement universal job guarantee,Prioritize social harmony,Conservative
R_4QtfuTbtjzmWeo1,Female,Chungcheong-Honam,39,University,5,Other,Lee Jae-myung,Reform of real estate policy,Pursue diplomacy based on national interest,US tactical nukes and nuclear sharing if needed,Promote harmony in labor relations,Quick enactment of anti-discrimination law,Progressive
R_4FJuAWnTEcIeJIw,Male,Yeongnam,40,University,7,People Power Party,Yoon Suk-yeol,Major expansion of public housing,Pursue diplomacy based on national interest,US tactical nukes and nuclear sharing if needed,Phase in 4.5-day workweek,Consensus before anti-discrimination law,Conservative
R_4fTDY6laazQQKt3,Female,Chungcheong-Honam,51,University,5,People Power Party,Yoon Suk-yeol,Reform of real estate policy,Pursue diplomacy based on national interest,Independent nuclear armament,Flexible work hours,Quick enactment of anti-discrimination law,Conservative
R_4TEH3CPvLilM9Zi,Female,Capital Area,40,University,5,Other,Did not vote,Reduced real estate tax burden,Pursue diplomacy based on national interest,US tactical nukes and nuclear sharing if needed,Phase in 4.5-day workweek,Consensus before anti-discrimination law,Other
R_4WNe9A2sEC1wrlr,Female,Capital Area,32,University,5,Democratic Party,다른 후보,Reduced real estate tax burden,Pursue diplomacy based on national interest,Reflect national interest in nuclear policy,Phase in 4.5-day workweek,Quick enactment of anti-discrimination law,Progressive
R_4fl7kLm0wBY03f6,Male,Capital Area,43,University,5,Other,Yoon Suk-yeol,Reduced real estate tax burden,Pursue diplomacy based on national interest,Independent nuclear armament,Flexible work hours,Oppose comprehensive anti-discrimination law,Conservative
R_4xq3pXcGR9UDjMJ,Female,Yeongnam,29,High school,3,Democratic Party,Lee Jae-myung,Reform of real estate policy,Pursue diplomacy based on national interest,Reflect national interest in nuclear policy,Flexible work hours,Quick enactment of anti-discrimination law,Progressive
R_4dJTJVBhwW3FV9m,Female,Yeongnam,61,University,6,People Power Party,Yoon Suk-yeol,Major expansion of public housing,Pursue diplomacy based on national interest,Reflect national interest in nuclear policy,Flexible work hours,Consensus before anti-discrimination law,Conservative
R_4NwV6V6dDD0jNsd,Male,Capital Area,40,University,5,Democratic Party,Lee Jae-myung,Reform of real estate policy,Emphasize ROK-US alliance,US tactical nukes and nuclear sharing if needed,Flexible work hours,Prioritize social harmony,Progressive
R_4iebT0za3D42UUH,Female,Chungcheong-Honam,54,University,4,Other,Lee Jae-myung,Major expansion of public housing,Pursue diplomacy based on national interest,Oppose nuclear weapons deployment,Implement universal job guarantee,Quick enactment of anti-discrimination law,Other
R_4NxtjWRVSImV1uy,Male,Chungcheong-Honam,40,University,5,Democratic Party,Lee Jae-myung,Major expansion of public housing,Pursue diplomacy based on national interest,Reflect national interest in nuclear policy,Phase in 4.5-day workweek,Consensus before anti-discrimination law,Progressive
R_4rPlj0Par0lYt0f,Female,Capital Area,37,University,5,Other,심상정,Stronger real estate taxation,Pursue diplomacy based on national interest,Reflect national interest in nuclear policy,Flexible work hours,Consensus before anti-discrimination law,Conservative
R_4RYM7taJdFUWEU1,Female,Capital Area,40,University,4,Democratic Party,Lee Jae-myung,Reform of real estate policy,Pursue diplomacy based on national interest,Reflect national interest in nuclear policy,Phase in 4.5-day workweek,Prioritize social harmony,Progressive
R_4ZHNOHh43GkmJM5,Female,Capital Area,44,University,5,Democratic Party,Lee Jae-myung,Reform of real estate policy,Emphasize ROK-US alliance,US tactical nukes and nuclear sharing if needed,Flexible work hours,Consensus before anti-discrimination law,Progressive
R_4QMphLFMXWCvZNy,Female,Capital Area,21,Junior college,5,Democratic Party,Lee Jae-myung,Reform of real estate policy,Emphasize ROK-US alliance,Oppose nuclear weapons deployment,Phase in 4.5-day workweek,Oppose comprehensive anti-discrimination law,Conservative
R_40ncExk8EcPBdIt,Male,Capital Area,46,Graduate school,7,People Power Party,Yoon Suk-yeol,Reform of real estate policy,Emphasize ROK-US alliance,Independent nuclear armament,Flexible work hours,Prioritize social harmony,Conservative
R_4t5tSIm2gP5obiZ,Female,Chungcheong-Honam,28,High school,2,Democratic Party,Lee Jae-myung,Major expansion of public housing,Pursue diplomacy based on national interest,Reflect national interest in nuclear policy,Phase in 4.5-day workweek,Consensus before anti-discrimination law,Progressive
R_4EcznJFtWPF2Xeq,Female,Capital Area,56,Junior college,7,People Power Party,Yoon Suk-yeol,Major expansion of public housing,Pursue diplomacy based on national interest,US tactical nukes and nuclear sharing if needed,Promote harmony in labor relations,Oppose comprehensive anti-discrimination law,Conservative
R_4yfHHBBdLcgp3UD,Female,Capital Area,21,Junior college,8,Democratic Party,Lee Jae-myung,Stronger real estate taxation,Pursue diplomacy based on national interest,US tactical nukes and nuclear sharing if needed,Phase in 4.5-day workweek,Consensus before anti-discrimination law,Conservative
R_4fJzOODqDfPeyYA,Male,Capital Area,49,University,5,Democratic Party,Lee Jae-myung,Major expansion of public housing,Pursue diplomacy based on national interest,Reflect national interest in nuclear policy,Phase in 4.5-day workweek,Prioritize social harmony,Progressive
R_4oeYzddugrexprr,Female,Yeongnam,19,High school,1,Democratic Party,Could not vote,Reduced real estate tax burden,Pursue diplomacy based on national interest,Oppose nuclear weapons deployment,Implement universal job guarantee,Quick enactment of anti-discrimination law,Other
R_4g1QM7wMibdcziX,Female,Chungcheong-Honam,36,University,5,Other,Yoon Suk-yeol,Stronger real estate taxation,Pursue diplomacy based on national interest,Independent nuclear armament,Promote harmony in labor relations,Oppose comprehensive anti-discrimination law,Other
R_4mZ9GErieem8Lst,Male,Capital Area,31,High school,5,Other,Did not vote,Reduced real estate tax burden,Emphasize ROK-US alliance,US tactical nukes and nuclear sharing if needed,Flexible work hours,Consensus before anti-discrimination law,Other
R_4uOclgVedVZh985,Female,Capital Area,32,University,3,Democratic Party,Lee Jae-myung,Stronger real estate taxation,Early restart of economic cooperation with North Korea,US tactical nukes and nuclear sharing if needed,Phase in 4.5-day workweek,Oppose comprehensive anti-discrimination law,Progressive
R_47Em2DOlOW2LbVv,Male,Capital Area,53,Graduate school,5,People Power Party,Yoon Suk-yeol,Reform of real estate policy,Pursue diplomacy based on national interest,Independent nuclear armament,Implement universal job guarantee,Oppose comprehensive anti-discrimination law,Conservative
R_4pWSSRMl5KJGvTj,Female,Capital Area,36,Junior college,5,Other,Yoon Suk-yeol,Reduced real estate tax burden,Pursue diplomacy based on national interest,US tactical nukes and nuclear sharing if needed,Flexible work hours,Prioritize social harmony,Progressive
R_4fqvEh1G3Ut8gqW,Male,Capital Area,49,University,5,Democratic Party,Lee Jae-myung,Major expansion of public housing,Early restart of economic cooperation with North Korea,Independent nuclear armament,Phase in 4.5-day workweek,Consensus before anti-discrimination law,Progressive
R_4oBdm5INUYAjIAD,Male,Capital Area,25,University,7,People Power Party,Yoon Suk-yeol,Reform of real estate policy,Pursue diplomacy based on national interest,US tactical nukes and nuclear sharing if needed,Phase in 4.5-day workweek,Prioritize social harmony,Conservative
R_4nq1Ey70FwSjEGx,Male,Capital Area,51,University,4,Green Justice Party,심상정,Reform of real estate policy,Balanced diplomacy between US and China,US tactical nukes and nuclear sharing if needed,Promote harmony in labor relations,Prioritize social harmony,Other
R_4mKrLDtNAWQppi9,Male,Capital Area,50,University,2,Democratic Party,Lee Jae-myung,Major expansion of public housing,Early restart of economic cooperation with North Korea,Independent nuclear armament,Phase in 4.5-day workweek,Quick enactment of anti-discrimination law,Progressive
R_42ExgsVnHvdFjUx,Female,Capital Area,52,University,5,People Power Party,Did not vote,Reduced real estate tax burden,Pursue diplomacy based on national interest,Reflect national interest in nuclear policy,Implement universal job guarantee,Oppose comprehensive anti-discrimination law,Conservative
R_4E67CZrlinr7wA4,Male,Capital Area,34,Junior college,7,Other,Yoon Suk-yeol,Reduced real estate tax burden,Emphasize ROK-US alliance,US tactical nukes and nuclear sharing if needed,Phase in 4.5-day workweek,Prioritize social harmony,Progressive
R_4gg2UPESm6hByhP,Female,Chungcheong-Honam,29,University,5,Democratic Party,심상정,Major expansion of public housing,Emphasize ROK-US alliance,Independent nuclear armament,Phase in 4.5-day workweek,Prioritize social harmony,Progressive
R_4hM8ZCMQdButVCk,Male,Capital Area,44,High school,5,Democratic Party,Lee Jae-myung,Reform of real estate policy,Balanced diplomacy between US and China,US tactical nukes and nuclear sharing if needed,Phase in 4.5-day workweek,Prioritize social harmony,Progressive
R_4INcwIRnzrVdMvT,Male,Capital Area,23,High school,5,Other,Lee Jae-myung,Reform of real estate policy,Pursue diplomacy based on national interest,Reflect national interest in nuclear policy,Phase in 4.5-day workweek,Consensus before anti-discrimination law,Other
R_4Amxc2U1fporcv7,Male,Yeongnam,38,Junior college,3,Democratic Party,Lee Jae-myung,Reform of real estate policy,Pursue diplomacy based on national interest,Independent nuclear armament,Phase in 4.5-day workweek,Consensus before anti-discrimination law,Progressive
R_4P0wR4dtXO5cQ1o,Female,Capital Area,25,University,6,Democratic Party,Lee Jae-myung,Major expansion of public housing,Early restart of economic cooperation with North Korea,Oppose nuclear weapons deployment,Implement universal job guarantee,Prioritize social harmony,Progressive
R_4gelBRqymoFN3J8,Male,Capital Area,48,University,6,People Power Party,Yoon Suk-yeol,Reform of real estate policy,Balanced diplomacy between US and China,Reflect national interest in nuclear policy,Flexible work hours,Consensus before anti-discrimination law,Conservative
R_4PUFNoBSbc5SXmM,Male,Capital Area,39,University,5,Democratic Party,Lee Jae-myung,Major expansion of public housing,Pursue diplomacy based on national interest,US tactical nukes and nuclear sharing if needed,Flexible work hours,Consensus before anti-discrimination law,Progressive
R_4P6R5ZyOs2FERWK,Female,Capital Area,52,University,5,Democratic Party,Lee Jae-myung,Major expansion of public housing,Balanced diplomacy between US and China,Independent nuclear armament,Flexible work hours,Prioritize social harmony,Progressive
R_41tvO6KIs6IbSqx,Male,Capital Area,42,High school,5,Other,Yoon Suk-yeol,Major expansion of public housing,Early restart of economic cooperation with North Korea,Oppose nuclear weapons deployment,Phase in 4.5-day workweek,Quick enactment of anti-discrimination law,Other
R_4rF1AszrwH9oSYN,Male,Capital Area,36,High school,2,Democratic Party,Lee Jae-myung,Major expansion of public housing,Balanced diplomacy between US and China,Oppose nuclear weapons deployment,Implement universal job guarantee,Oppose comprehensive anti-discrimination law,Progressive
R_42K3CBQlgO2VHzu,Male,Capital Area,42,Junior college,5,Other,다른 후보,Reduced real estate tax burden,Pursue diplomacy based on national interest,Reflect national interest in nuclear policy,Promote harmony in labor relations,Prioritize social harmony,Other
R_4Yb8ukaoqclruGA,Male,Chungcheong-Honam,33,University,3,Other,Lee Jae-myung,Reform of real estate policy,Emphasize ROK-US alliance,US tactical nukes and nuclear sharing if needed,Flexible work hours,Oppose comprehensive anti-discrimination law,Progressive
R_4r9yjBzHiUlGNIl,Female,Capital Area,39,University,7,Other,Lee Jae-myung,Reform of real estate policy,Pursue diplomacy based on national interest,Reflect national interest in nuclear policy,Phase in 4.5-day workweek,Quick enactment of anti-discrimination law,Progressive
R_4o73uo0Vunn6fa6,Male,Capital Area,52,Graduate school,5,Other,Yoon Suk-yeol,Reduced real estate tax burden,Pursue diplomacy based on national interest,Independent nuclear armament,Flexible work hours,Prioritize social harmony,Conservative
R_4pAJGFFTmIXXjty,Female,Capital Area,34,University,4,Democratic Party,Lee Jae-myung,Reform of real estate policy,Pursue diplomacy based on national interest,Independent nuclear armament,Phase in 4.5-day workweek,Prioritize social harmony,Progressive
R_47sfhcDXfcVA90J,Male,Capital Area,51,University,5,Democratic Party,Lee Jae-myung,Reform of real estate policy,Balanced diplomacy between US and China,US tactical nukes and nuclear sharing if needed,Promote harmony in labor relations,Consensus before anti-discrimination law,Progressive
R_4fEoqZTHAf9o0JH,Female,Capital Area,46,University,5,Other,Lee Jae-myung,Major expansion of public housing,Balanced diplomacy between US and China,Reflect national interest in nuclear policy,Promote harmony in labor relations,Consensus before anti-discrimination law,Progressive
R_4kcSLTq3my7zqAV,Male,Capital Area,40,University,5,Other,Did not vote,Reform of real estate policy,Pursue diplomacy based on national interest,Reflect national interest in nuclear policy,Flexible work hours,Prioritize social harmony,Other
R_4Ljto1Piaevc7VD,Female,Yeongnam,28,High school,7,People Power Party,Lee Jae-myung,Reduced real estate tax burden,Pursue diplomacy based on national interest,Independent nuclear armament,Flexible work hours,Prioritize social harmony,Conservative
R_4FytpiSK09osN6Z,Male,Capital Area,33,Graduate school,6,Other,Lee Jae-myung,Reform of real estate policy,Pursue diplomacy based on national interest,Reflect national interest in nuclear policy,Phase in 4.5-day workweek,Consensus before anti-discrimination law,Conservative
R_43kMnTtc6hPfB7z,Female,Capital Area,29,University,5,Other,Yoon Suk-yeol,Reduced real estate tax burden,Pursue diplomacy based on national interest,US tactical nukes and nuclear sharing if needed,Phase in 4.5-day workweek,Quick enactment of anti-discrimination law,Conservative
R_4WSiOfjQuCttnAV,Female,Capital Area,61,University,8,Other,Yoon Suk-yeol,Reduced real estate tax burden,Pursue diplomacy based on national interest,Oppose nuclear weapons deployment,Phase in 4.5-day workweek,Consensus before anti-discrimination law,Conservative
R_4Yld8yzO3h7SFtJ,Male,Yeongnam,26,University,10,People Power Party,Yoon Suk-yeol,Major expansion of public housing,Emphasize ROK-US alliance,Independent nuclear armament,Phase in 4.5-day workweek,Prioritize social harmony,Conservative
R_4N5hfOnlvF9IxaV,Male,Capital Area,47,University,8,People Power Party,Yoon Suk-yeol,Reduced real estate tax burden,Emphasize ROK-US alliance,Independent nuclear armament,Implement universal job guarantee,Oppose comprehensive anti-discrimination law,Conservative
R_4HtpQKMFjoisgF5,Female,Capital Area,53,High school,1,Democratic Party,Lee Jae-myung,Major expansion of public housing,Pursue diplomacy based on national interest,Reflect national interest in nuclear policy,Flexible work hours,Prioritize social harmony,Progressive
R_4mmECRl8wb6NGdX,Male,Capital Area,45,University,1,Democratic Party,Lee Jae-myung,Reduced real estate tax burden,Emphasize ROK-US alliance,US tactical nukes and nuclear sharing if needed,Phase in 4.5-day workweek,Quick enactment of anti-discrimination law,Conservative
R_41jCorywf6Q0UGR,Female,Yeongnam,40,University,5,Other,심상정,Reform of real estate policy,Pursue diplomacy based on national interest,Reflect national interest in nuclear policy,Phase in 4.5-day workweek,Quick enactment of anti-discrimination law,Other
R_4MGrqwOsoNMtVjb,Male,Capital Area,29,University,6,People Power Party,Yoon Suk-yeol,Reform of real estate policy,Pursue diplomacy based on national interest,Reflect national interest in nuclear policy,Phase in 4.5-day workweek,Consensus before anti-discrimination law,Progressive
R_4DvErQHE10mv7WB,Female,Capital Area,38,University,7,People Power Party,Yoon Suk-yeol,Reduced real estate tax burden,Balanced diplomacy between US and China,Reflect national interest in nuclear policy,Flexible work hours,Prioritize social harmony,Conservative
R_4mwnLcDcez19qfI,Female,Capital Area,38,University,3,Other,Did not vote,Reform of real estate policy,Emphasize ROK-US alliance,Oppose nuclear weapons deployment,Implement universal job guarantee,Prioritize social harmony,Other
R_4QAOgD1ey2skZ2l,Male,Capital Area,52,University,4,Democratic Party,Lee Jae-myung,Reform of real estate policy,Balanced diplomacy between US and China,US tactical nukes and nuclear sharing if needed,Promote harmony in labor relations,Prioritize social harmony,Progressive
R_4SAdZgOWTLJPEUV,Male,Capital Area,35,High school,5,Other,Yoon Suk-yeol,Reform of real estate policy,Pursue diplomacy based on national interest,Independent nuclear armament,Phase in 4.5-day workweek,Prioritize social harmony,Other
R_4kB5g2basKw2RLA,Male,Capital Area,53,University,5,Democratic Party,Lee Jae-myung,Reform of real estate policy,Pursue diplomacy based on national interest,Reflect national interest in nuclear policy,Phase in 4.5-day workweek,Quick enactment of anti-discrimination law,Progressive
R_4258K5qYHq5p9BS,Female,Capital Area,28,University,4,People Power Party,Lee Jae-myung,Reform of real estate policy,Pursue diplomacy based on national interest,Independent nuclear armament,Flexible work hours,Consensus before anti-discrimination law,Conservative
R_4DYuJbJKPzrwPLa,Male,Capital Area,41,University,3,Democratic Party,Lee Jae-myung,Major expansion of public housing,Emphasize ROK-US alliance,Independent nuclear armament,Phase in 4.5-day workweek,Quick enactment of anti-discrimination law,Progressive
R_4LusiHBnwXGqkFX,Male,Capital Area,47,University,5,Other,Did not vote,Reform of real estate policy,Pursue diplomacy based on national interest,Reflect national interest in nuclear policy,Phase in 4.5-day workweek,Prioritize social harmony,Conservative
R_4G24QlllKWpAPIw,Male,Capital Area,46,University,4,People Power Party,Yoon Suk-yeol,Reform of real estate policy,Emphasize ROK-US alliance,Oppose nuclear weapons deployment,Phase in 4.5-day workweek,Consensus before anti-discrimination law,Conservative
R_4ovAiCGnWgP1Q0e,Female,Capital Area,53,High school,4,Democratic Party,Lee Jae-myung,Reform of real estate policy,Pursue diplomacy based on national interest,Oppose nuclear weapons deployment,Phase in 4.5-day workweek,Prioritize social harmony,Progressive
R_474SomDF2ekzG1P,Female,Capital Area,38,University,4,Democratic Party,Lee Jae-myung,Reform of real estate policy,Pursue diplomacy based on national interest,US tactical nukes and nuclear sharing if needed,Promote harmony in labor relations,Quick enactment of anti-discrimination law,Progressive
R_4qXcZNLwYzN8SKd,Male,Capital Area,52,Graduate school,2,Democratic Party,Lee Jae-myung,Major expansion of public housing,Pursue diplomacy based on national interest,Oppose nuclear weapons deployment,Phase in 4.5-day workweek,Quick enactment of anti-discrimination law,Progressive
R_4D1t6CV9OYBvrrD,Male,Capital Area,33,University,10,People Power Party,Yoon Suk-yeol,Stronger real estate taxation,Emphasize ROK-US alliance,US tactical nukes and nuclear sharing if needed,Implement universal job guarantee,Quick enactment of anti-discrimination law,Conservative
R_4EbvxTgkkcl3ik4,Female,Capital Area,50,Junior college,8,People Power Party,Did not vote,Reduced real estate tax burden,Pursue diplomacy based on national interest,Reflect national interest in nuclear policy,Phase in 4.5-day workweek,Prioritize social harmony,Conservative
R_4bJp2aJZOnOnDiz,Male,Yeongnam,27,University,5,Democratic Party,Yoon Suk-yeol,Major expansion of public housing,Emphasize ROK-US alliance,US tactical nukes and nuclear sharing if needed,Implement universal job guarantee,Consensus before anti-discrimination law,Other
R_4f1Monts6rEd3Fu,Female,Yeongnam,27,University,3,Other,Lee Jae-myung,Reform of real estate policy,Early restart of economic cooperation with North Korea,Oppose nuclear weapons deployment,Phase in 4.5-day workweek,Consensus before anti-discrimination law,Other
R_4qWkOdG8buSEqWM,Male,Capital Area,42,University,6,Other,Did not vote,Reduced real estate tax burden,Pursue diplomacy based on national interest,Oppose nuclear weapons deployment,Implement universal job guarantee,Prioritize social harmony,Other
R_4LZ7Mpje0meIFJn,Male,Chungcheong-Honam,20,High school,8,People Power Party,Yoon Suk-yeol,Major expansion of public housing,Emphasize ROK-US alliance,US tactical nukes and nuclear sharing if needed,Phase in 4.5-day workweek,Prioritize social harmony,Conservative
R_4sR2g4WgHBKPrDr,Female,Capital Area,45,University,4,Democratic Party,Lee Jae-myung,Major expansion of public housing,Balanced diplomacy between US and China,Reflect national interest in nuclear policy,Phase in 4.5-day workweek,Consensus before anti-discrimination law,Progressive
R_4DvmVHNllHBsAcV,Male,Capital Area,35,University,5,Other,다른 후보,Major expansion of public housing,Pursue diplomacy based on national interest,US tactical nukes and nuclear sharing if needed,Phase in 4.5-day workweek,Oppose comprehensive anti-discrimination law,Conservative
R_4dct6RdeS6vIOdP,Female,Chungcheong-Honam,23,High school,4,Other,Did not vote,Major expansion of public housing,Pursue diplomacy based on national interest,Independent nuclear armament,Flexible work hours,Consensus before anti-discrimination law,Progressive
R_4Ic2iRXSeJNUHgg,Male,Capital Area,51,Graduate school,1,People Power Party,Yoon Suk-yeol,Reform of real estate policy,Emphasize ROK-US alliance,Oppose nuclear weapons deployment,Phase in 4.5-day workweek,Oppose comprehensive anti-discrimination law,Conservative
R_4Vl2LSsK1v7A3wD,Male,Capital Area,54,High school,4,Democratic Party,Did not vote,Major expansion of public housing,Balanced diplomacy between US and China,Oppose nuclear weapons deployment,Promote harmony in labor relations,Prioritize social harmony,Progressive
R_4pYssshCzQPO3LH,Male,Capital Area,39,University,1,Other,다른 후보,Reform of real estate policy,Early restart of economic cooperation with North Korea,Reflect national interest in nuclear policy,Promote harmony in labor relations,Consensus before anti-discrimination law,Other
R_4PAyGmwE4COiYXJ,Male,Chungcheong-Honam,52,University,8,People Power Party,Yoon Suk-yeol,Major expansion of public housing,Pursue diplomacy based on national interest,US tactical nukes and nuclear sharing if needed,Implement universal job guarantee,Prioritize social harmony,Conservative
R_4sdltoXclj9Wo25,Male,Capital Area,45,Junior college,5,People Power Party,Yoon Suk-yeol,Reform of real estate policy,Emphasize ROK-US alliance,US tactical nukes and nuclear sharing if needed,Flexible work hours,Consensus before anti-discrimination law,Conservative
R_4N8rc2XuBlUBGvC,Male,Capital Area,52,University,5,People Power Party,Yoon Suk-yeol,Reform of real estate policy,Pursue diplomacy based on national interest,Independent nuclear armament,Flexible work hours,Consensus before anti-discrimination law,Conservative
R_4oSY8MfR4uuvKex,Male,Capital Area,53,High school,5,Other,Yoon Suk-yeol,Reform of real estate policy,Emphasize ROK-US alliance,Reflect national interest in nuclear policy,Promote harmony in labor relations,Consensus before anti-discrimination law,Other
R_42QzlaSp0hRcJNA,Female,Capital Area,43,High school,5,Other,Did not vote,Reduced real estate tax burden,Pursue diplomacy based on national interest,Reflect national interest in nuclear policy,Implement universal job guarantee,Oppose comprehensive anti-discrimination law,Other
R_4gh9rZ0HDENG5qG,Male,Capital Area,19,High school,8,People Power Party,Could not vote,Reform of real estate policy,Pursue diplomacy based on national interest,US tactical nukes and nuclear sharing if needed,Flexible work hours,Oppose comprehensive anti-discrimination law,Conservative
R_47rENgd1tTHMOzL,Male,Capital Area,30,University,5,Other,Did not vote,Stronger real estate taxation,Pursue diplomacy based on national interest,Independent nuclear armament,Phase in 4.5-day workweek,Prioritize social harmony,Progressive
R_4FRHWL2mRASPfJh,Female,Capital Area,43,University,6,Democratic Party,Lee Jae-myung,Reduced real estate tax burden,Pursue diplomacy based on national interest,Reflect national interest in nuclear policy,Promote harmony in labor relations,Prioritize social harmony,Progressive
R_41HLgg2RP6biVgt,Male,Yeongnam,52,High school,4,Democratic Party,Lee Jae-myung,Reform of real estate policy,Pursue diplomacy based on national interest,Reflect national interest in nuclear policy,Flexible work hours,Consensus before anti-discrimination law,Other
R_4urXm5B2duaRprr,Male,Capital Area,39,University,8,Democratic Party,Lee Jae-myung,Reduced real estate tax burden,Pursue diplomacy based on national interest,Independent nuclear armament,Phase in 4.5-day workweek,Prioritize social harmony,Progressive
R_43kwceOD6eB5KIR,Male,Capital Area,44,University,5,Other,다른 후보,Reduced real estate tax burden,Pursue diplomacy based on national interest,Reflect national interest in nuclear policy,Implement universal job guarantee,Quick enactment of anti-discrimination law,Other
R_4QKG1rL9iOuGpMB,Female,Capital Area,41,High school,3,Democratic Party,Lee Jae-myung,Major expansion of public housing,Early restart of economic cooperation with North Korea,Reflect national interest in nuclear policy,Implement universal job guarantee,Consensus before anti-discrimination law,Progressive
R_4BOwwNhyIxQ5QnD,Male,Capital Area,49,University,5,Democratic Party,Lee Jae-myung,Stronger real estate taxation,Pursue diplomacy based on national interest,Reflect national interest in nuclear policy,Phase in 4.5-day workweek,Quick enactment of anti-discrimination law,Progressive
R_4z6JzoV06UVeNKH,Male,Yeongnam,53,Graduate school,4,Democratic Party,Lee Jae-myung,Stronger real estate taxation,Pursue diplomacy based on national interest,Reflect national interest in nuclear policy,Implement universal job guarantee,Prioritize social harmony,Progressive
R_4erCqjheng4OCn0,Male,Capital Area,48,University,5,Democratic Party,Lee Jae-myung,Major expansion of public housing,Pursue diplomacy based on national interest,Oppose nuclear weapons deployment,Phase in 4.5-day workweek,Quick enactment of anti-discrimination law,Progressive
R_4rdtWvADKBbOwal,Female,Capital Area,48,Junior college,5,People Power Party,Yoon Suk-yeol,Reduced real estate tax burden,Pursue diplomacy based on national interest,US tactical nukes and nuclear sharing if needed,Phase in 4.5-day workweek,Quick enactment of anti-discrimination law,Progressive
R_4oYErRDbffiVkmB,Male,Chungcheong-Honam,51,Junior college,8,Democratic Party,Lee Jae-myung,Reform of real estate policy,Balanced diplomacy between US and China,Independent nuclear armament,Promote harmony in labor relations,Prioritize social harmony,Progressive
R_48XQ2JohhFJGFqn,Male,Capital Area,49,Junior college,6,Other,Did not vote,Major expansion of public housing,Pursue diplomacy based on national interest,US tactical nukes and nuclear sharing if needed,Phase in 4.5-day workweek,Prioritize social harmony,Other
R_4IzaAURtdCnBPnd,Male,Capital Area,46,University,5,Other,Did not vote,Reduced real estate tax burden,Pursue diplomacy based on national interest,US tactical nukes and nuclear sharing if needed,Phase in 4.5-day workweek,Oppose comprehensive anti-discrimination law,Other
R_4ni30U6fpLdLQAs,Male,Yeongnam,53,Junior college,6,Other,Did not vote,Reform of real estate policy,Pursue diplomacy based on national interest,Reflect national interest in nuclear policy,Promote harmony in labor relations,Prioritize social harmony,Conservative
R_4ftGvsgMLd2CpJD,Male,Capital Area,52,University,5,People Power Party,Yoon Suk-yeol,Reduced real estate tax burden,Emphasize ROK-US alliance,Independent nuclear armament,Implement universal job guarantee,Oppose comprehensive anti-discrimination law,Conservative
R_4LmcOAoqWjL6Sbv,Male,Capital Area,35,University,2,Green Justice Party,심상정,Stronger real estate taxation,Pursue diplomacy based on national interest,Oppose nuclear weapons deployment,Implement universal job guarantee,Quick enactment of anti-discrimination law,Progressive
R_4LU9UJmITxhwFXC,Male,Capital Area,52,University,7,People Power Party,Yoon Suk-yeol,Major expansion of public housing,Pursue diplomacy based on national interest,Independent nuclear armament,Flexible work hours,Consensus before anti-discrimination law,Conservative
R_4tA6vhMAPC2fFnE,Male,Capital Area,58,University,5,Other,심상정,Major expansion of public housing,Pursue diplomacy based on national interest,Independent nuclear armament,Implement universal job guarantee,Oppose comprehensive anti-discrimination law,Other
R_41ZO48hTv3mYWJX,Female,Capital Area,47,University,6,People Power Party,Yoon Suk-yeol,Reduced real estate tax burden,Balanced diplomacy between US and China,Oppose nuclear weapons deployment,Implement universal job guarantee,Oppose comprehensive anti-discrimination law,Conservative
R_4cjseaaf07q9SiR,Female,Capital Area,40,University,3,Democratic Party,Lee Jae-myung,Stronger real estate taxation,Balanced diplomacy between US and China,Reflect national interest in nuclear policy,Phase in 4.5-day workweek,Quick enactment of anti-discrimination law,Other
R_4QLgRwq94CkpYYI,Female,Capital Area,40,University,5,Other,Did not vote,Stronger real estate taxation,Pursue diplomacy based on national interest,Reflect national interest in nuclear policy,Flexible work hours,Prioritize social harmony,Other
R_4INGHFzZnPoas01,Female,Chungcheong-Honam,51,Junior college,6,Other,Lee Jae-myung,Major expansion of public housing,Balanced diplomacy between US and China,Oppose nuclear weapons deployment,Implement universal job guarantee,Quick enactment of anti-discrimination law,Progressive
R_4vdBmIgTtgoJy3t,Female,Capital Area,32,University,6,Other,Did not vote,Major expansion of public housing,Pursue diplomacy based on national interest,Oppose nuclear weapons deployment,Promote harmony in labor relations,Consensus before anti-discrimination law,Progressive
R_4qfhavvAnhsJIvu,Female,Capital Area,52,University,3,Democratic Party,Lee Jae-myung,Major expansion of public housing,Balanced diplomacy between US and China,Reflect national interest in nuclear policy,Phase in 4.5-day workweek,Prioritize social harmony,Progressive
R_4FB1gGKU597ArHX,Male,Capital Area,42,University,4,Democratic Party,Lee Jae-myung,Stronger real estate taxation,Pursue diplomacy based on national interest,Reflect national interest in nuclear policy,Flexible work hours,Consensus before anti-discrimination law,Progressive
R_4cY2rujEqcklhS5,Female,Capital Area,48,University,2,Democratic Party,Lee Jae-myung,Major expansion of public housing,Pursue diplomacy based on national interest,Independent nuclear armament,Phase in 4.5-day workweek,Oppose comprehensive anti-discrimination law,Progressive
R_4dGGCPCkjhlJ7sC,Male,Capital Area,54,University,6,Other,Yoon Suk-yeol,Reduced real estate tax burden,Pursue diplomacy based on national interest,Independent nuclear armament,Implement universal job guarantee,Consensus before anti-discrimination law,Conservative
R_4Hbns4j2jvl2QKj,Female,Chungcheong-Honam,53,Graduate school,3,Democratic Party,Lee Jae-myung,Major expansion of public housing,Pursue diplomacy based on national interest,Oppose nuclear weapons deployment,Phase in 4.5-day workweek,Quick enactment of anti-discrimination law,Progressive
R_4mCSXMxln9Lw2GZ,Female,Capital Area,44,University,3,Democratic Party,Lee Jae-myung,Major expansion of public housing,Pursue diplomacy based on national interest,Reflect national interest in nuclear policy,Phase in 4.5-day workweek,Prioritize social harmony,Progressive
R_439iEWwRYBzJQOD,Female,Capital Area,28,University,5,Democratic Party,Lee Jae-myung,Reduced real estate tax burden,Pursue diplomacy based on national interest,Reflect national interest in nuclear policy,Implement universal job guarantee,Oppose comprehensive anti-discrimination law,Progressive
R_4sGOhOPlMlWfdhD,Female,Chungcheong-Honam,42,Junior college,1,Democratic Party,Lee Jae-myung,Reform of real estate policy,Pursue diplomacy based on national interest,Reflect national interest in nuclear policy,Phase in 4.5-day workweek,Prioritize social harmony,Progressive
R_4o1fQ5sjHJ4OW5Z,Female,Capital Area,50,University,5,People Power Party,Yoon Suk-yeol,Stronger real estate taxation,Balanced diplomacy between US and China,Oppose nuclear weapons deployment,Phase in 4.5-day workweek,Quick enactment of anti-discrimination law,Conservative
R_4ANoqfmM9LA0y1s,Female,Capital Area,45,University,7,People Power Party,다른 후보,Stronger real estate taxation,Pursue diplomacy based on national interest,US tactical nukes and nuclear sharing if needed,Flexible work hours,Quick enactment of anti-discrimination law,Progressive
R_4Gltpu6R15jPKJH,Female,Chungcheong-Honam,33,University,3,Other,심상정,Reduced real estate tax burden,Emphasize ROK-US alliance,US tactical nukes and nuclear sharing if needed,Phase in 4.5-day workweek,Prioritize social harmony,Progressive
R_4dcwY8ScSfowga0,Male,Capital Area,43,University,4,Democratic Party,Yoon Suk-yeol,Reform of real estate policy,Emphasize ROK-US alliance,US tactical nukes and nuclear sharing if needed,Flexible work hours,Quick enactment of anti-discrimination law,Conservative
R_4e3RxOROjMgQbDu,Male,Capital Area,40,High school,5,People Power Party,다른 후보,Major expansion of public housing,Pursue diplomacy based on national interest,Reflect national interest in nuclear policy,Phase in 4.5-day workweek,Consensus before anti-discrimination law,Conservative
R_4KSDKUg0RuCSXbm,Male,Capital Area,61,Junior college,5,People Power Party,Yoon Suk-yeol,Reform of real estate policy,Pursue diplomacy based on national interest,Independent nuclear armament,Promote harmony in labor relations,Prioritize social harmony,Other
R_4MbSiruVHAtITC0,Female,Capital Area,48,University,5,Other,심상정,Major expansion of public housing,Pursue diplomacy based on national interest,Independent nuclear armament,Implement universal job guarantee,Quick enactment of anti-discrimination law,Other
R_4eePeV7TkeqUCrz,Female,Capital Area,43,University,5,Democratic Party,Did not vote,Reduced real estate tax burden,Pursue diplomacy based on national interest,US tactical nukes and nuclear sharing if needed,Implement universal job guarantee,Prioritize social harmony,Progressive
R_4V3KWI0xoX2fg71,Male,Capital Area,40,Graduate school,5,Other,Did not vote,Reduced real estate tax burden,Pursue diplomacy based on national interest,Reflect national interest in nuclear policy,Implement universal job guarantee,Oppose comprehensive anti-discrimination law,Other
R_4YhqjPYh29SNpW7,Female,Capital Area,30,University,5,Other,Did not vote,Major expansion of public housing,Balanced diplomacy between US and China,Reflect national interest in nuclear policy,Phase in 4.5-day workweek,Consensus before anti-discrimination law,Progressive
R_4m518tHRC3et8xm,Female,Capital Area,38,University,5,Other,Did not vote,Stronger real estate taxation,Pursue diplomacy based on national interest,US tactical nukes and nuclear sharing if needed,Phase in 4.5-day workweek,Consensus before anti-discrimination law,Conservative
R_48xXUb5HleOjPtD,Male,Capital Area,51,Junior college,7,People Power Party,Yoon Suk-yeol,Reform of real estate policy,Pursue diplomacy based on national interest,Independent nuclear armament,Flexible work hours,Consensus before anti-discrimination law,Conservative
R_4d5i8DsGS8LvpUm,Male,Capital Area,42,University,6,Other,Did not vote,Major expansion of public housing,Pursue diplomacy based on national interest,Reflect national interest in nuclear policy,Flexible work hours,Oppose comprehensive anti-discrimination law,Other
R_41aIuWO5k5JI3tv,Female,Capital Area,43,University,3,Democratic Party,Lee Jae-myung,Reform of real estate policy,Pursue diplomacy based on national interest,Reflect national interest in nuclear policy,Phase in 4.5-day workweek,Consensus before anti-discrimination law,Progressive
R_447vqZv23Ge3ofT,Female,Yeongnam,52,Junior college,8,People Power Party,Yoon Suk-yeol,Reduced real estate tax burden,Pursue diplomacy based on national interest,US tactical nukes and nuclear sharing if needed,Phase in 4.5-day workweek,Prioritize social harmony,Conservative
R_4BxYxo19Y3c8fzH,Male,Capital Area,53,University,4,Democratic Party,Lee Jae-myung,Stronger real estate taxation,Balanced diplomacy between US and China,Independent nuclear armament,Promote harmony in labor relations,Quick enactment of anti-discrimination law,Progressive
R_4wvgOyRTDQQBxjN,Male,Capital Area,45,University,3,Democratic Party,Lee Jae-myung,Reform of real estate policy,Pursue diplomacy based on national interest,Reflect national interest in nuclear policy,Phase in 4.5-day workweek,Consensus before anti-discrimination law,Progressive
R_4eqMIM4d2dPiVtb,Female,Capital Area,64,High school,7,People Power Party,Yoon Suk-yeol,Reform of real estate policy,Emphasize ROK-US alliance,US tactical nukes and nuclear sharing if needed,Flexible work hours,Consensus before anti-discrimination law,Conservative
R_49w0S2owsxPRcVr,Female,Capital Area,37,University,7,Other,Yoon Suk-yeol,Reduced real estate tax burden,Balanced diplomacy between US and China,Oppose nuclear weapons deployment,Promote harmony in labor relations,Prioritize social harmony,Other
R_4mk2VcYxO2fJzmV,Male,Capital Area,50,Junior college,5,Other,Did not vote,Reform of real estate policy,Pursue diplomacy based on national interest,Oppose nuclear weapons deployment,Implement universal job guarantee,Oppose comprehensive anti-discrimination law,Conservative
R_4S1bm8dDoLZNmdj,Female,Capital Area,33,University,5,Democratic Party,Yoon Suk-yeol,Reduced real estate tax burden,Emphasize ROK-US alliance,US tactical nukes and nuclear sharing if needed,Flexible work hours,Prioritize social harmony,Progressive
R_4lz6brjBhrnQc40,Female,Capital Area,48,University,6,People Power Party,Yoon Suk-yeol,Reduced real estate tax burden,Pursue diplomacy based on national interest,Reflect national interest in nuclear policy,Implement universal job guarantee,Oppose comprehensive anti-discrimination law,Conservative
R_4MAa9ce7qHVDtYG,Female,Capital Area,43,High school,5,Democratic Party,Lee Jae-myung,Reform of real estate policy,Early restart of economic cooperation with North Korea,Oppose nuclear weapons deployment,Implement universal job guarantee,Quick enactment of anti-discrimination law,Progressive
R_4zl4dqXaMATq1y1,Male,Capital Area,55,University,7,People Power Party,Yoon Suk-yeol,Major expansion of public housing,Pursue diplomacy based on national interest,Reflect national interest in nuclear policy,Flexible work hours,Oppose comprehensive anti-discrimination law,Conservative
R_4Yt5giZifZqRQqk,Male,Capital Area,51,University,6,People Power Party,Yoon Suk-yeol,Reform of real estate policy,Emphasize ROK-US alliance,Reflect national interest in nuclear policy,Promote harmony in labor relations,Oppose comprehensive anti-discrimination law,Conservative
R_4DSvBhh4GA2w39D,Female,Capital Area,40,University,6,People Power Party,Yoon Suk-yeol,Reform of real estate policy,Balanced diplomacy between US and China,Oppose nuclear weapons deployment,Phase in 4.5-day workweek,Prioritize social harmony,Conservative
R_448aoFJ9QMwos4M,Male,Capital Area,54,University,2,Democratic Party,Lee Jae-myung,Major expansion of public housing,Balanced diplomacy between US and China,US tactical nukes and nuclear sharing if needed,Flexible work hours,Quick enactment of anti-discrimination law,Progressive
R_4hZqLd952Of9pvP,Female,Capital Area,52,University,6,Other,Yoon Suk-yeol,Reduced real estate tax burden,Pursue diplomacy based on national interest,Reflect national interest in nuclear policy,Promote harmony in labor relations,Consensus before anti-discrimination law,Progressive
R_4lItAFWVLwIQlEt,Female,Capital Area,45,University,5,Other,Lee Jae-myung,Reform of real estate policy,Pursue diplomacy based on national interest,Oppose nuclear weapons deployment,Flexible work hours,Quick enactment of anti-discrimination law,Progressive
R_4R7zZNOfMUd21Vc,Male,Chungcheong-Honam,50,University,4,Democratic Party,Lee Jae-myung,Reform of real estate policy,Pursue diplomacy based on national interest,Reflect national interest in nuclear policy,Promote harmony in labor relations,Prioritize social harmony,Progressive
R_4rHGq5VTpkmUpsi,Female,Capital Area,38,University,2,Other,Did not vote,Reduced real estate tax burden,Early restart of economic cooperation with North Korea,US tactical nukes and nuclear sharing if needed,Phase in 4.5-day workweek,Prioritize social harmony,Progressive
R_4tlNHIlWcN0FEMS,Female,Capital Area,38,High school,5,Other,Lee Jae-myung,Reduced real estate tax burden,Pursue diplomacy based on national interest,US tactical nukes and nuclear sharing if needed,Implement universal job guarantee,Quick enactment of anti-discrimination law,Progressive
R_4HFY4Vgw3g6zzMR,Male,Yeongnam,60,University,5,Other,Yoon Suk-yeol,Reform of real estate policy,Balanced diplomacy between US and China,US tactical nukes and nuclear sharing if needed,Implement universal job guarantee,Oppose comprehensive anti-discrimination law,Other
R_4WmlvDVj8XUvpHb,Female,Capital Area,52,University,2,Democratic Party,Lee Jae-myung,Major expansion of public housing,Pursue diplomacy based on national interest,Oppose nuclear weapons deployment,Implement universal job guarantee,Consensus before anti-discrimination law,Progressive
R_4hIHvG0Bsnbxt7j,Male,Capital Area,49,Graduate school,6,People Power Party,Yoon Suk-yeol,Reduced real estate tax burden,Pursue diplomacy based on national interest,Reflect national interest in nuclear policy,Phase in 4.5-day workweek,Quick enactment of anti-discrimination law,Progressive
R_4TzTVd43hnIdnpG,Male,Capital Area,45,University,6,Other,Yoon Suk-yeol,Reduced real estate tax burden,Emphasize ROK-US alliance,US tactical nukes and nuclear sharing if needed,Phase in 4.5-day workweek,Oppose comprehensive anti-discrimination law,Conservative
R_4mL80ehC5ImfGWt,Female,Capital Area,52,University,4,Democratic Party,Yoon Suk-yeol,Stronger real estate taxation,Pursue diplomacy based on national interest,Oppose nuclear weapons deployment,Phase in 4.5-day workweek,Quick enactment of anti-discrimination law,Conservative
R_4QQVFokDsqX9snh,Female,Capital Area,36,High school,5,Other,Did not vote,Reduced real estate tax burden,Pursue diplomacy based on national interest,US tactical nukes and nuclear sharing if needed,Flexible work hours,Consensus before anti-discrimination law,Other
R_4q88voOLQd8hRC5,Female,Capital Area,24,High school,7,Other,Could not vote,Reduced real estate tax burden,Balanced diplomacy between US and China,Independent nuclear armament,Implement universal job guarantee,Quick enactment of anti-discrimination law,Progressive
R_4dSBgNkzYBgUYh1,Male,Capital Area,43,Graduate school,3,Green Justice Party,Lee Jae-myung,Major expansion of public housing,Balanced diplomacy between US and China,US tactical nukes and nuclear sharing if needed,Promote harmony in labor relations,Quick enactment of anti-discrimination law,Progressive
R_4OkGJ72Lmc2NZ36,Male,Chungcheong-Honam,38,High school,5,Democratic Party,Lee Jae-myung,Major expansion of public housing,Early restart of economic cooperation with North Korea,Independent nuclear armament,Phase in 4.5-day workweek,Oppose comprehensive anti-discrimination law,Progressive
R_4CYcLncIdA4hhAd,Female,Capital Area,54,High school,7,Green Justice Party,다른 후보,Major expansion of public housing,Balanced diplomacy between US and China,Reflect national interest in nuclear policy,Implement universal job guarantee,Prioritize social harmony,Progressive
R_4rIeGPjxqymgw9Y,Male,Capital Area,61,Junior college,8,People Power Party,Yoon Suk-yeol,Reduced real estate tax burden,Pursue diplomacy based on national interest,Independent nuclear armament,Phase in 4.5-day workweek,Prioritize social harmony,Conservative
R_4EFyPUpDt9A01A7,Male,Capital Area,33,University,9,People Power Party,심상정,Reduced real estate tax burden,Emphasize ROK-US alliance,US tactical nukes and nuclear sharing if needed,Promote harmony in labor relations,Prioritize social harmony,Progressive
R_48LfalYmjz93W7f,Male,Capital Area,19,High school,8,People Power Party,Did not vote,Reform of real estate policy,Pursue diplomacy based on national interest,Reflect national interest in nuclear policy,Flexible work hours,Oppose comprehensive anti-discrimination law,Conservative
R_4AG7goHnCsZlQ6X,Female,Capital Area,42,University,5,Other,Lee Jae-myung,Major expansion of public housing,Pursue diplomacy based on national interest,US tactical nukes and nuclear sharing if needed,Phase in 4.5-day workweek,Oppose comprehensive anti-discrimination law,Progressive
R_4ruZc2HQq6bBp1j,Male,Capital Area,33,High school,6,Green Justice Party,Lee Jae-myung,Reduced real estate tax burden,Early restart of economic cooperation with North Korea,Independent nuclear armament,Flexible work hours,Quick enactment of anti-discrimination law,Conservative
R_4rJSIz3tb61KWcu,Male,Capital Area,27,University,3,Democratic Party,Lee Jae-myung,Major expansion of public housing,Emphasize ROK-US alliance,Reflect national interest in nuclear policy,Phase in 4.5-day workweek,Prioritize social harmony,Progressive
R_4pLj8TvOVwiCqOV,Female,Yeongnam,35,Graduate school,5,Other,Lee Jae-myung,Reform of real estate policy,Emphasize ROK-US alliance,Reflect national interest in nuclear policy,Implement universal job guarantee,Oppose comprehensive anti-discrimination law,Progressive
R_4ZPpGxhT8MfcuZj,Female,Capital Area,44,University,5,Other,Lee Jae-myung,Reduced real estate tax burden,Balanced diplomacy between US and China,Reflect national interest in nuclear policy,Implement universal job guarantee,Oppose comprehensive anti-discrimination law,Other
R_4SAGuwE8haRNHgJ,Male,Capital Area,47,University,6,People Power Party,Yoon Suk-yeol,Reduced real estate tax burden,Pursue diplomacy based on national interest,Reflect national interest in nuclear policy,Phase in 4.5-day workweek,Consensus before anti-discrimination law,Progressive
R_4xrTRBrXNyVqTL3,Male,Capital Area,60,University,5,Other,Lee Jae-myung,Major expansion of public housing,Pursue diplomacy based on national interest,Independent nuclear armament,Implement universal job guarantee,Oppose comprehensive anti-discrimination law,Progressive
R_4YKhauq2o5mhsZj,Male,Capital Area,47,Graduate school,4,Democratic Party,Yoon Suk-yeol,Reform of real estate policy,Pursue diplomacy based on national interest,Reflect national interest in nuclear policy,Phase in 4.5-day workweek,Quick enactment of anti-discrimination law,Conservative
R_4TaLqLyf2CCyxqx,Male,Yeongnam,50,University,5,Democratic Party,Lee Jae-myung,Major expansion of public housing,Pursue diplomacy based on national interest,Independent nuclear armament,Phase in 4.5-day workweek,Prioritize social harmony,Progressive
R_4ONed5E2TUPIbTF,Female,Yeongnam,48,University,5,Other,다른 후보,Reduced real estate tax burden,Pursue diplomacy based on national interest,US tactical nukes and nuclear sharing if needed,Phase in 4.5-day workweek,Consensus before anti-discrimination law,Conservative
R_4PC0UyxGfSJq9B4,Male,Capital Area,51,University,5,Other,Lee Jae-myung,Reform of real estate policy,Balanced diplomacy between US and China,Reflect national interest in nuclear policy,Phase in 4.5-day workweek,Quick enactment of anti-discrimination law,Other
R_4dLYzViX5Ih2hwR,Male,Yeongnam,29,High school,6,Democratic Party,Lee Jae-myung,Major expansion of public housing,Balanced diplomacy between US and China,Reflect national interest in nuclear policy,Phase in 4.5-day workweek,Oppose comprehensive anti-discrimination law,Conservative
R_4nSNGk3jqrkQOYQ,Female,Capital Area,39,University,6,Other,Lee Jae-myung,Reform of real estate policy,Pursue diplomacy based on national interest,Oppose nuclear weapons deployment,Flexible work hours,Oppose comprehensive anti-discrimination law,Other
R_4X0Zk3wmUDAOuc7,Male,Capital Area,54,Junior college,5,Democratic Party,Lee Jae-myung,Major expansion of public housing,Pursue diplomacy based on national interest,Reflect national interest in nuclear policy,Flexible work hours,Oppose comprehensive anti-discrimination law,Progressive
R_4lmDoVafJbLPTdH,Male,Capital Area,51,University,3,Democratic Party,Lee Jae-myung,Stronger real estate taxation,Balanced diplomacy between US and China,Oppose nuclear weapons deployment,Promote harmony in labor relations,Prioritize social harmony,Other
R_4y2vImArHnpJeas,Male,Yeongnam,37,High school,5,Other,Did not vote,Reform of real estate policy,Pursue diplomacy based on national interest,US tactical nukes and nuclear sharing if needed,Promote harmony in labor relations,Prioritize social harmony,Conservative
R_4flU7STFG4x7CB7,Male,Capital Area,49,University,8,People Power Party,Did not vote,Reform of real estate policy,Emphasize ROK-US alliance,US tactical nukes and nuclear sharing if needed,Phase in 4.5-day workweek,Quick enactment of anti-discrimination law,Conservative
R_429tGYsdhZTufDP,Male,Capital Area,22,Junior college,4,People Power Party,Yoon Suk-yeol,Reform of real estate policy,Pursue diplomacy based on national interest,Independent nuclear armament,Phase in 4.5-day workweek,Oppose comprehensive anti-discrimination law,Conservative
R_4qsySlQKKQmee7j,Female,Capital Area,29,University,6,People Power Party,Yoon Suk-yeol,Reform of real estate policy,Emphasize ROK-US alliance,US tactical nukes and nuclear sharing if needed,Implement universal job guarantee,Prioritize social harmony,Conservative
R_4SJR7UgnMftIhd7,Male,Capital Area,43,University,3,Democratic Party,Lee Jae-myung,Stronger real estate taxation,Early restart of economic cooperation with North Korea,Reflect national interest in nuclear policy,Phase in 4.5-day workweek,Quick enactment of anti-discrimination law,Progressive
R_4KdO8UTy1UxNEFb,Female,Capital Area,44,University,6,Other,Yoon Suk-yeol,Stronger real estate taxation,Balanced diplomacy between US and China,US tactical nukes and nuclear sharing if needed,Flexible work hours,Consensus before anti-discrimination law,Conservative
R_49FzYMVxS7QIvRL,Male,Capital Area,45,University,6,Democratic Party,Lee Jae-myung,Reduced real estate tax burden,Pursue diplomacy based on national interest,US tactical nukes and nuclear sharing if needed,Flexible work hours,Prioritize social harmony,Progressive
R_43xTRpRlaJ2amOw,Male,Capital Area,45,University,4,Democratic Party,Lee Jae-myung,Major expansion of public housing,Pursue diplomacy based on national interest,Independent nuclear armament,Phase in 4.5-day workweek,Quick enactment of anti-discrimination law,Progressive
R_41QqcQBbsVZ3ymy,Male,Capital Area,50,University,5,Democratic Party,Lee Jae-myung,Reform of real estate policy,Pursue diplomacy based on national interest,Independent nuclear armament,Promote harmony in labor relations,Quick enactment of anti-discrimination law,Progressive
R_4aWwpJwktm0cCs2,Female,Capital Area,19,University,6,Democratic Party,Yoon Suk-yeol,Stronger real estate taxation,Pursue diplomacy based on national interest,Independent nuclear armament,Implement universal job guarantee,Oppose comprehensive anti-discrimination law,Progressive
R_4pm9TrvhNsl7LSw,Male,Yeongnam,33,Junior college,1,Democratic Party,Lee Jae-myung,Major expansion of public housing,Pursue diplomacy based on national interest,Independent nuclear armament,Phase in 4.5-day workweek,Oppose comprehensive anti-discrimination law,Progressive
R_4Og29Ge9zhIUJQl,Female,Yeongnam,50,Graduate school,3,Democratic Party,Lee Jae-myung,Reform of real estate policy,Pursue diplomacy based on national interest,Oppose nuclear weapons deployment,Promote harmony in labor relations,Consensus before anti-discrimination law,Progressive
R_45WqiEEwH1vSrhw,Female,Capital Area,31,University,5,Other,심상정,Reform of real estate policy,Pursue diplomacy based on national interest,Independent nuclear armament,Flexible work hours,Quick enactment of anti-discrimination law,Progressive
R_4rGo4YMU4ypJ4Mr,Male,Chungcheong-Honam,26,High school,3,Green Justice Party,Lee Jae-myung,Reduced real estate tax burden,Pursue diplomacy based on national interest,Oppose nuclear weapons deployment,Phase in 4.5-day workweek,Quick enactment of anti-discrimination law,Progressive
R_4k00LVZm2Msi1hH,Male,Capital Area,52,University,5,Democratic Party,Lee Jae-myung,Major expansion of public housing,Pursue diplomacy based on national interest,Independent nuclear armament,Phase in 4.5-day workweek,Prioritize social harmony,Progressive
R_4kFYaC0iBCjf6RO,Female,Capital Area,41,High school,5,Democratic Party,Lee Jae-myung,Reduced real estate tax burden,Emphasize ROK-US alliance,Reflect national interest in nuclear policy,Flexible work hours,Prioritize social harmony,Progressive
R_40tLjuaSaAoBtV9,Male,Capital Area,22,University,5,People Power Party,Yoon Suk-yeol,Reform of real estate policy,Pursue diplomacy based on national interest,Reflect national interest in nuclear policy,Implement universal job guarantee,Prioritize social harmony,Progressive
R_4DHoeoOdb1Kicsp,Male,Chungcheong-Honam,52,University,5,Other,Lee Jae-myung,Stronger real estate taxation,Balanced diplomacy between US and China,Reflect national interest in nuclear policy,Phase in 4.5-day workweek,Quick enactment of anti-discrimination law,Other
R_4p3CgY4wjundMa3,Female,Yeongnam,43,University,6,People Power Party,Yoon Suk-yeol,Reform of real estate policy,Pursue diplomacy based on national interest,Oppose nuclear weapons deployment,Flexible work hours,Consensus before anti-discrimination law,Progressive
R_4i8mjEdfbO8pWaY,Male,Capital Area,53,Graduate school,4,Democratic Party,Lee Jae-myung,Reduced real estate tax burden,Pursue diplomacy based on national interest,Reflect national interest in nuclear policy,Promote harmony in labor relations,Prioritize social harmony,Progressive
R_4ncOD6SBYaYA6LD,Male,Capital Area,49,University,5,Democratic Party,Lee Jae-myung,Reform of real estate policy,Balanced diplomacy between US and China,Independent nuclear armament,Implement universal job guarantee,Prioritize social harmony,Progressive
R_4fkYORpJkEP49Z7,Male,Capital Area,42,University,4,Democratic Party,Lee Jae-myung,Reform of real estate policy,Pursue diplomacy based on national interest,Reflect national interest in nuclear policy,Implement universal job guarantee,Quick enactment of anti-discrimination law,Progressive
R_4KArZcjb38PGbW0,Male,Capital Area,38,University,5,Democratic Party,Lee Jae-myung,Stronger real estate taxation,Pursue diplomacy based on national interest,US tactical nukes and nuclear sharing if needed,Phase in 4.5-day workweek,Prioritize social harmony,Progressive
R_4OTxQks3xQK4DEt,Male,Capital Area,57,University,2,Democratic Party,Lee Jae-myung,Major expansion of public housing,Pursue diplomacy based on national interest,Oppose nuclear weapons deployment,Phase in 4.5-day workweek,Oppose comprehensive anti-discrimination law,Progressive
R_4iBZoJPE6cene34,Female,Capital Area,46,University,5,Other,Lee Jae-myung,Reform of real estate policy,Pursue diplomacy based on national interest,Reflect national interest in nuclear policy,Flexible work hours,Oppose comprehensive anti-discrimination law,Progressive
R_4ocm5Xg6SdL4MJH,Male,Capital Area,40,Graduate school,8,Other,Yoon Suk-yeol,Reduced real estate tax burden,Pursue diplomacy based on national interest,Reflect national interest in nuclear policy,Flexible work hours,Oppose comprehensive anti-discrimination law,Conservative
R_4dLH7JEv5qu5ODg,Female,Chungcheong-Honam,35,University,6,Democratic Party,심상정,Reduced real estate tax burden,Early restart of economic cooperation with North Korea,Oppose nuclear weapons deployment,Flexible work hours,Consensus before anti-discrimination law,Conservative
R_4gHlHxMXDV5XkEz,Male,Capital Area,48,University,2,Democratic Party,Lee Jae-myung,Major expansion of public housing,Early restart of economic cooperation with North Korea,US tactical nukes and nuclear sharing if needed,Implement universal job guarantee,Consensus before anti-discrimination law,Progressive
R_4P6HqW5x1TzGh69,Male,Chungcheong-Honam,66,Junior college,6,Other,Yoon Suk-yeol,Reduced real estate tax burden,Balanced diplomacy between US and China,Reflect national interest in nuclear policy,Promote harmony in labor relations,Consensus before anti-discrimination law,Conservative
R_407BHYwRoV3YRYQ,Male,Yeongnam,47,Junior college,5,Other,Yoon Suk-yeol,Major expansion of public housing,Pursue diplomacy based on national interest,Independent nuclear armament,Implement universal job guarantee,Prioritize social harmony,Conservative
R_4OZ1hlUyNmaxPah,Male,Capital Area,39,High school,5,Democratic Party,Lee Jae-myung,Reform of real estate policy,Pursue diplomacy based on national interest,Independent nuclear armament,Phase in 4.5-day workweek,Quick enactment of anti-discrimination law,Progressive
R_4aryDtvtEBdIzFz,Male,Capital Area,54,High school,5,Other,Lee Jae-myung,Reduced real estate tax burden,Pursue diplomacy based on national interest,Independent nuclear armament,Phase in 4.5-day workweek,Quick enactment of anti-discrimination law,Other
R_4hG6vvHtpNmiHLJ,Male,Capital Area,27,Junior college,7,Democratic Party,Yoon Suk-yeol,Reduced real estate tax burden,Pursue diplomacy based on national interest,Independent nuclear armament,Promote harmony in labor relations,Consensus before anti-discrimination law,Conservative
R_4DBdqt24LjY8yoo,Female,Capital Area,29,Junior college,5,People Power Party,Yoon Suk-yeol,Reform of real estate policy,Pursue diplomacy based on national interest,Independent nuclear armament,Phase in 4.5-day workweek,Consensus before anti-discrimination law,Conservative
R_4imLiGRXtfv5Uo0,Female,Capital Area,23,University,5,Other,Lee Jae-myung,Stronger real estate taxation,Pursue diplomacy based on national interest,US tactical nukes and nuclear sharing if needed,Phase in 4.5-day workweek,Prioritize social harmony,Progressive
R_4cSrXmevvjnIm2F,Male,Capital Area,52,University,7,People Power Party,Did not vote,Stronger real estate taxation,Emphasize ROK-US alliance,Independent nuclear armament,Flexible work hours,Consensus before anti-discrimination law,Conservative
R_4etRgYjZpjZS72M,Male,Capital Area,41,University,5,Democratic Party,Lee Jae-myung,Stronger real estate taxation,Pursue diplomacy based on national interest,Reflect national interest in nuclear policy,Phase in 4.5-day workweek,Prioritize social harmony,Other
R_4J1NYhRQB5VL2Oh,Female,Chungcheong-Honam,50,University,5,Democratic Party,Lee Jae-myung,Major expansion of public housing,Early restart of economic cooperation with North Korea,Oppose nuclear weapons deployment,Implement universal job guarantee,Quick enactment of anti-discrimination law,Progressive
R_4s7z07NYpTmBiM2,Female,Capital Area,43,University,5,Other,Yoon Suk-yeol,Reform of real estate policy,Pursue diplomacy based on national interest,US tactical nukes and nuclear sharing if needed,Phase in 4.5-day workweek,Quick enactment of anti-discrimination law,Other
R_4w7xzMD2sMCn9OS,Female,Chungcheong-Honam,37,University,6,Other,Did not vote,Reduced real estate tax burden,Pursue diplomacy based on national interest,Reflect national interest in nuclear policy,Implement universal job guarantee,Consensus before anti-discrimination law,Other
R_4qwsARqkHvtNmGf,Female,Capital Area,28,Junior college,5,Democratic Party,Did not vote,Stronger real estate taxation,Pursue diplomacy based on national interest,US tactical nukes and nuclear sharing if needed,Flexible work hours,Prioritize social harmony,Progressive
R_4KiN6nYwdeJVgNd,Male,Capital Area,34,Junior college,4,Democratic Party,Lee Jae-myung,Reform of real estate policy,Pursue diplomacy based on national interest,Independent nuclear armament,Phase in 4.5-day workweek,Consensus before anti-discrimination law,Progressive
R_4dIMWol504GPF7z,Male,Capital Area,49,University,7,People Power Party,Yoon Suk-yeol,Reduced real estate tax burden,Pursue diplomacy based on national interest,Independent nuclear armament,Flexible work hours,Prioritize social harmony,Conservative
R_4JvrFG6H5oiKmbf,Female,Capital Area,54,University,9,People Power Party,Yoon Suk-yeol,Reduced real estate tax burden,Emphasize ROK-US alliance,US tactical nukes and nuclear sharing if needed,Flexible work hours,Consensus before anti-discrimination law,Conservative
R_4QfByKfRH51nfCp,Female,Chungcheong-Honam,24,Graduate school,3,Democratic Party,심상정,Reform of real estate policy,Emphasize ROK-US alliance,Reflect national interest in nuclear policy,Implement universal job guarantee,Quick enactment of anti-discrimination law,Progressive
R_4qIrNEJetXEIJtH,Female,Chungcheong-Honam,47,High school,4,Democratic Party,Did not vote,Major expansion of public housing,Balanced diplomacy between US and China,Independent nuclear armament,Implement universal job guarantee,Consensus before anti-discrimination law,Progressive
R_4ctJw9r6MLUeiI7,Male,Chungcheong-Honam,42,Graduate school,6,Other,Lee Jae-myung,Stronger real estate taxation,Balanced diplomacy between US and China,US tactical nukes and nuclear sharing if needed,Implement universal job guarantee,Quick enactment of anti-discrimination law,Conservative
R_4G8QPMFXBI0POd4,Male,Capital Area,53,University,5,Other,Yoon Suk-yeol,Reform of real estate policy,Balanced diplomacy between US and China,Oppose nuclear weapons deployment,Phase in 4.5-day workweek,Consensus before anti-discrimination law,Other
R_42RtiHJ0cZR70Yu,Male,Capital Area,44,University,3,Other,Lee Jae-myung,Reduced real estate tax burden,Pursue diplomacy based on national interest,US tactical nukes and nuclear sharing if needed,Flexible work hours,Consensus before anti-discrimination law,Conservative
R_4RlCvfHZDmxRplv,Male,Capital Area,32,High school,2,Democratic Party,Lee Jae-myung,Reduced real estate tax burden,Emphasize ROK-US alliance,US tactical nukes and nuclear sharing if needed,Implement universal job guarantee,Quick enactment of anti-discrimination law,Progressive
R_414VakwCCwwyyRe,Male,Capital Area,30,University,6,People Power Party,Yoon Suk-yeol,Stronger real estate taxation,Emphasize ROK-US alliance,Independent nuclear armament,Phase in 4.5-day workweek,Quick enactment of anti-discrimination law,Conservative
R_4T6ew2Bdee7x6jD,Female,Capital Area,48,University,8,People Power Party,Yoon Suk-yeol,Reduced real estate tax burden,Pursue diplomacy based on national interest,Reflect national interest in nuclear policy,Promote harmony in labor relations,Oppose comprehensive anti-discrimination law,Conservative
R_4ZQTZi1KISOvKSJ,Male,Capital Area,56,University,5,Other,Yoon Suk-yeol,Reduced real estate tax burden,Pursue diplomacy based on national interest,Independent nuclear armament,Flexible work hours,Prioritize social harmony,Conservative
R_4rUt8dd1upic06I,Female,Capital Area,32,University,4,Democratic Party,Lee Jae-myung,Stronger real estate taxation,Emphasize ROK-US alliance,US tactical nukes and nuclear sharing if needed,Phase in 4.5-day workweek,Quick enactment of anti-discrimination law,Progressive
R_4jSEyYz9hSGv1vi,Female,Capital Area,25,Junior college,6,Other,Did not vote,Reform of real estate policy,Pursue diplomacy based on national interest,Oppose nuclear weapons deployment,Implement universal job guarantee,Quick enactment of anti-discrimination law,Other
R_4ikXT36GY7YRxXN,Male,Capital Area,40,Graduate school,8,People Power Party,Yoon Suk-yeol,Reduced real estate tax burden,Pursue diplomacy based on national interest,US tactical nukes and nuclear sharing if needed,Phase in 4.5-day workweek,Quick enactment of anti-discrimination law,Conservative
R_4Q2avHcWEA5dPq1,Male,Yeongnam,49,University,5,Democratic Party,Lee Jae-myung,Reduced real estate tax burden,Balanced diplomacy between US and China,US tactical nukes and nuclear sharing if needed,Phase in 4.5-day workweek,Prioritize social harmony,Progressive
R_4UgDiQOTevafckF,Female,Capital Area,40,University,5,Other,다른 후보,Reform of real estate policy,Pursue diplomacy based on national interest,US tactical nukes and nuclear sharing if needed,Phase in 4.5-day workweek,Prioritize social harmony,Progressive
R_45NiDWaaLQIMrc0,Female,Capital Area,27,University,7,People Power Party,Yoon Suk-yeol,Reform of real estate policy,Emphasize ROK-US alliance,US tactical nukes and nuclear sharing if needed,Flexible work hours,Prioritize social harmony,Conservative
R_4qqILwJErLFvzfu,Female,Chungcheong-Honam,55,High school,5,Other,Did not vote,Reform of real estate policy,Pursue diplomacy based on national interest,Independent nuclear armament,Implement universal job guarantee,Prioritize social harmony,Other
R_4H7VyuCcMfgjQhA,Male,Capital Area,27,University,8,People Power Party,Yoon Suk-yeol,Reduced real estate tax burden,Emphasize ROK-US alliance,US tactical nukes and nuclear sharing if needed,Implement universal job guarantee,Consensus before anti-discrimination law,Conservative
R_4QRSKlVC7IfCCeX,Male,Capital Area,44,High school,5,Other,Lee Jae-myung,Major expansion of public housing,Pursue diplomacy based on national interest,Independent nuclear armament,Phase in 4.5-day workweek,Consensus before anti-discrimination law,Conservative
R_4V4QFzIPOOUher7,Female,Capital Area,40,Junior college,10,People Power Party,Yoon Suk-yeol,Reform of real estate policy,Emphasize ROK-US alliance,Independent nuclear armament,Phase in 4.5-day workweek,Consensus before anti-discrimination law,Conservative
R_4o8JZzuR1Po6bnj,Male,Chungcheong-Honam,54,High school,10,Other,다른 후보,Stronger real estate taxation,Balanced diplomacy between US and China,Reflect national interest in nuclear policy,Flexible work hours,Prioritize social harmony,Other
R_4wNQPiG08SCKuOF,Female,Capital Area,50,University,6,Other,Yoon Suk-yeol,Reduced real estate tax burden,Pursue diplomacy based on national interest,Reflect national interest in nuclear policy,Implement universal job guarantee,Oppose comprehensive anti-discrimination law,Conservative
R_4lWFZf5p19gezWJ,Male,Chungcheong-Honam,59,University,7,Democratic Party,Lee Jae-myung,Major expansion of public housing,Emphasize ROK-US alliance,Independent nuclear armament,Phase in 4.5-day workweek,Consensus before anti-discrimination law,Progressive
R_4kN7yK5SVbhMEyB,Male,Capital Area,65,Junior college,7,People Power Party,Yoon Suk-yeol,Reform of real estate policy,Pursue diplomacy based on national interest,US tactical nukes and nuclear sharing if needed,Flexible work hours,Prioritize social harmony,Other
R_4NU52rSiMpiHXhX,Male,Capital Area,51,University,10,People Power Party,Yoon Suk-yeol,Major expansion of public housing,Pursue diplomacy based on national interest,US tactical nukes and nuclear sharing if needed,Implement universal job guarantee,Quick enactment of anti-discrimination law,Conservative
R_46c19yiVEkUvNDD,Male,Capital Area,48,University,9,People Power Party,Yoon Suk-yeol,Reform of real estate policy,Emphasize ROK-US alliance,Reflect national interest in nuclear policy,Promote harmony in labor relations,Consensus before anti-discrimination law,Conservative
R_4olsyKT0touny6t,Male,Capital Area,52,University,6,Other,Lee Jae-myung,Stronger real estate taxation,Pursue diplomacy based on national interest,Independent nuclear armament,Implement universal job guarantee,Quick enactment of anti-discrimination law,Other
R_4KkI09F6PM3Gwiu,Male,Capital Area,42,High school,5,Other,Yoon Suk-yeol,Reform of real estate policy,Pursue diplomacy based on national interest,Oppose nuclear weapons deployment,Implement universal job guarantee,Consensus before anti-discrimination law,Progressive
R_43pNlPq2euxwoyd,Female,Yeongnam,42,University,5,Democratic Party,Lee Jae-myung,Major expansion of public housing,Balanced diplomacy between US and China,Reflect national interest in nuclear policy,Phase in 4.5-day workweek,Consensus before anti-discrimination law,Progressive
R_4ZyGGCuRUahZiQV,Male,Chungcheong-Honam,26,University,8,Other,Yoon Suk-yeol,Stronger real estate taxation,Balanced diplomacy between US and China,Independent nuclear armament,Flexible work hours,Prioritize social harmony,Conservative
R_4P6shbbOacToE2g,Female,Capital Area,48,University,4,Democratic Party,Lee Jae-myung,Reduced real estate tax burden,Pursue diplomacy based on national interest,Reflect national interest in nuclear policy,Promote harmony in labor relations,Prioritize social harmony,Progressive
R_4g9xQCGjraVdcSl,Male,Capital Area,47,University,5,Democratic Party,Lee Jae-myung,Reduced real estate tax burden,Balanced diplomacy between US and China,US tactical nukes and nuclear sharing if needed,Flexible work hours,Consensus before anti-discrimination law,Progressive
R_45ehQhZlDzxAazf,Female,Capital Area,45,University,3,Democratic Party,Lee Jae-myung,Major expansion of public housing,Pursue diplomacy based on national interest,Reflect national interest in nuclear policy,Phase in 4.5-day workweek,Prioritize social harmony,Progressive
R_4l3ro54WsMFUtTt,Male,Capital Area,55,High school,5,Other,Yoon Suk-yeol,Major expansion of public housing,Balanced diplomacy between US and China,US tactical nukes and nuclear sharing if needed,Implement universal job guarantee,Prioritize social harmony,Other
R_4nvzVSvEyb9Tu61,Male,Capital Area,49,University,7,Other,다른 후보,Reduced real estate tax burden,Pursue diplomacy based on national interest,Reflect national interest in nuclear policy,Phase in 4.5-day workweek,Prioritize social harmony,Other
R_4FPAcyM9cEg8usP,Female,Capital Area,54,High school,5,Other,Lee Jae-myung,Reform of real estate policy,Balanced diplomacy between US and China,US tactical nukes and nuclear sharing if needed,Flexible work hours,Prioritize social harmony,Other
R_4RkhfI3DQpmpmRO,Male,Capital Area,47,Graduate school,8,Other,Yoon Suk-yeol,Reform of real estate policy,Pursue diplomacy based on national interest,Independent nuclear armament,Flexible work hours,Prioritize social harmony,Conservative
R_4sh2eqUU2uF2QTf,Male,Chungcheong-Honam,51,University,7,People Power Party,Yoon Suk-yeol,Reform of real estate policy,Pursue diplomacy based on national interest,Independent nuclear armament,Flexible work hours,Quick enactment of anti-discrimination law,Conservative
R_4PHbN6BHHdzz83x,Male,Yeongnam,42,Junior college,3,Democratic Party,Yoon Suk-yeol,Reduced real estate tax burden,Early restart of economic cooperation with North Korea,Reflect national interest in nuclear policy,Flexible work hours,Consensus before anti-discrimination law,Progressive
R_4EAtNoaZCr7ykx2,Male,Capital Area,41,University,5,Democratic Party,Lee Jae-myung,Reform of real estate policy,Pursue diplomacy based on national interest,Reflect national interest in nuclear policy,Flexible work hours,Prioritize social harmony,Progressive
R_4wce7vcFx9AiKQj,Female,Capital Area,31,University,4,Democratic Party,Lee Jae-myung,Major expansion of public housing,Pursue diplomacy based on national interest,Reflect national interest in nuclear policy,Phase in 4.5-day workweek,Quick enactment of anti-discrimination law,Progressive
R_4hyZNWfGvwpwQNN,Male,Chungcheong-Honam,51,University,5,Other,Did not vote,Major expansion of public housing,Pursue diplomacy based on national interest,Oppose nuclear weapons deployment,Phase in 4.5-day workweek,Quick enactment of anti-discrimination law,Other
R_4490D2Os72L0U1S,Male,Chungcheong-Honam,39,Elementary school or less,3,Other,Did not vote,Reform of real estate policy,Pursue diplomacy based on national interest,US tactical nukes and nuclear sharing if needed,Promote harmony in labor relations,Oppose comprehensive anti-discrimination law,Conservative
R_4b1xwfgg9LQI83C,Female,Capital Area,50,University,5,Other,Yoon Suk-yeol,Major expansion of public housing,Pursue diplomacy based on national interest,Independent nuclear armament,Phase in 4.5-day workweek,Prioritize social harmony,Conservative
R_4DnIERteMmggZe6,Male,Chungcheong-Honam,45,University,9,Democratic Party,Lee Jae-myung,Stronger real estate taxation,Pursue diplomacy based on national interest,Oppose nuclear weapons deployment,Implement universal job guarantee,Prioritize social harmony,Progressive
R_4OTs2trjhTcWZGC,Male,Chungcheong-Honam,54,University,5,Democratic Party,Lee Jae-myung,Reform of real estate policy,Pursue diplomacy based on national interest,Independent nuclear armament,Implement universal job guarantee,Oppose comprehensive anti-discrimination law,Conservative
R_43kWrGan6QO4Tak,Female,Capital Area,32,Graduate school,7,Other,Yoon Suk-yeol,Reduced real estate tax burden,Emphasize ROK-US alliance,US tactical nukes and nuclear sharing if needed,Phase in 4.5-day workweek,Oppose comprehensive anti-discrimination law,Conservative
R_4NMG7wx7KHtv9kd,Male,Yeongnam,51,High school,9,People Power Party,Yoon Suk-yeol,Major expansion of public housing,Pursue diplomacy based on national interest,Reflect national interest in nuclear policy,Promote harmony in labor relations,Prioritize social harmony,Conservative
R_4JF6L21bwkFvNho,Female,Capital Area,44,Junior college,5,Democratic Party,Lee Jae-myung,Major expansion of public housing,Pursue diplomacy based on national interest,Reflect national interest in nuclear policy,Phase in 4.5-day workweek,Consensus before anti-discrimination law,Progressive
R_4s4Gzz19Qp1pRZv,Male,Capital Area,44,University,5,Other,Lee Jae-myung,Reform of real estate policy,Pursue diplomacy based on national interest,Reflect national interest in nuclear policy,Promote harmony in labor relations,Prioritize social harmony,Other
R_4z22tYQwtYMUhlD,Male,Capital Area,25,University,5,Other,Did not vote,Reform of real estate policy,Pursue diplomacy based on national interest,Independent nuclear armament,Phase in 4.5-day workweek,Oppose comprehensive anti-discrimination law,Other
R_42zr9Z9R4CsiFCk,Male,Chungcheong-Honam,32,Junior college,5,Other,Yoon Suk-yeol,Reform of real estate policy,Balanced diplomacy between US and China,Reflect national interest in nuclear policy,Phase in 4.5-day workweek,Consensus before anti-discrimination law,Conservative
R_4WnMabN2e5TQlep,Male,Capital Area,49,Graduate school,8,Other,Yoon Suk-yeol,Reduced real estate tax burden,Emphasize ROK-US alliance,Independent nuclear armament,Phase in 4.5-day workweek,Consensus before anti-discrimination law,Conservative
R_4xCTT8zQT9MJ90B,Male,Capital Area,39,Junior college,3,Other,심상정,Reform of real estate policy,Emphasize ROK-US alliance,US tactical nukes and nuclear sharing if needed,Flexible work hours,Prioritize social harmony,Other
R_4rezmKJZ6PVP17P,Female,Capital Area,29,University,5,Democratic Party,Lee Jae-myung,Reform of real estate policy,Emphasize ROK-US alliance,Oppose nuclear weapons deployment,Flexible work hours,Prioritize social harmony,Conservative
R_4JWsNunAgHNovmZ,Male,Capital Area,42,Graduate school,9,People Power Party,Yoon Suk-yeol,Reform of real estate policy,Pursue diplomacy based on national interest,Independent nuclear armament,Implement universal job guarantee,Consensus before anti-discrimination law,Conservative
R_4Yang9r7OrlPUbb,Male,Capital Area,43,Junior college,5,Other,Did not vote,Stronger real estate taxation,Early restart of economic cooperation with North Korea,Reflect national interest in nuclear policy,Phase in 4.5-day workweek,Oppose comprehensive anti-discrimination law,Other
R_4tsrTCFrYeBKZem,Male,Yeongnam,44,University,7,People Power Party,Yoon Suk-yeol,Reduced real estate tax burden,Pursue diplomacy based on national interest,Reflect national interest in nuclear policy,Phase in 4.5-day workweek,Consensus before anti-discrimination law,Conservative
R_4XFBhDrxJjWJMpr,Male,Capital Area,30,Graduate school,9,Democratic Party,Lee Jae-myung,Reduced real estate tax burden,Balanced diplomacy between US and China,US tactical nukes and nuclear sharing if needed,Promote harmony in labor relations,Consensus before anti-discrimination law,Progressive
R_4fJjKGJFuvJtepP,Female,Capital Area,71,University,4,Democratic Party,Lee Jae-myung,Major expansion of public housing,Balanced diplomacy between US and China,Reflect national interest in nuclear policy,Phase in 4.5-day workweek,Quick enactment of anti-discrimination law,Conservative
R_4kMTdywuOWHlfEk,Male,Capital Area,41,University,8,People Power Party,Yoon Suk-yeol,Reduced real estate tax burden,Emphasize ROK-US alliance,US tactical nukes and nuclear sharing if needed,Flexible work hours,Consensus before anti-discrimination law,Conservative
R_4DMJoLJL3djQrWs,Male,Capital Area,75,Junior college,10,People Power Party,Yoon Suk-yeol,Reform of real estate policy,Pursue diplomacy based on national interest,Reflect national interest in nuclear policy,Promote harmony in labor relations,Consensus before anti-discrimination law,Conservative
R_4usmr6rYehu0K0T,Male,Capital Area,42,Graduate school,5,Other,다른 후보,Reform of real estate policy,Pursue diplomacy based on national interest,Independent nuclear armament,Flexible work hours,Consensus before anti-discrimination law,Conservative
R_4GlRwAB6AEqJILT,Female,Capital Area,28,University,6,Other,Lee Jae-myung,Reform of real estate policy,Pursue diplomacy based on national interest,Reflect national interest in nuclear policy,Phase in 4.5-day workweek,Consensus before anti-discrimination law,Progressive
R_4pltKGA5Wfva7Qu,Female,Capital Area,29,University,3,Democratic Party,Lee Jae-myung,Reform of real estate policy,Early restart of economic cooperation with North Korea,Reflect national interest in nuclear policy,Implement universal job guarantee,Quick enactment of anti-discrimination law,Progressive
R_44eKyoihjfInx7t,Male,Capital Area,42,University,5,Other,Yoon Suk-yeol,Reduced real estate tax burden,Pursue diplomacy based on national interest,US tactical nukes and nuclear sharing if needed,Implement universal job guarantee,Prioritize social harmony,Progressive
R_4ebwy9pur9kRBHP,Male,Yeongnam,38,University,5,People Power Party,Yoon Suk-yeol,Stronger real estate taxation,Pursue diplomacy based on national interest,Reflect national interest in nuclear policy,Implement universal job guarantee,Consensus before anti-discrimination law,Conservative
R_4a7pcjDk09LoskF,Male,Capital Area,41,High school,7,People Power Party,Yoon Suk-yeol,Reform of real estate policy,Emphasize ROK-US alliance,US tactical nukes and nuclear sharing if needed,Implement universal job guarantee,Prioritize social harmony,Progressive
R_4itS9umzQBh03XX,Male,Capital Area,40,High school,5,Other,다른 후보,Stronger real estate taxation,Early restart of economic cooperation with North Korea,Oppose nuclear weapons deployment,Promote harmony in labor relations,Oppose comprehensive anti-discrimination law,Other
R_42JOCKxVz8ybltv,Male,Capital Area,41,University,4,Democratic Party,Lee Jae-myung,Stronger real estate taxation,Pursue diplomacy based on national interest,Reflect national interest in nuclear policy,Promote harmony in labor relations,Quick enactment of anti-discrimination law,Other
R_4CBaPQaxoSTZ2sM,Female,Capital Area,37,University,4,Democratic Party,Did not vote,Major expansion of public housing,Pursue diplomacy based on national interest,Independent nuclear armament,Flexible work hours,Prioritize social harmony,Progressive
R_4ewxRdaP801sm12,Male,Capital Area,23,High school,4,Democratic Party,Lee Jae-myung,Reform of real estate policy,Pursue diplomacy based on national interest,US tactical nukes and nuclear sharing if needed,Phase in 4.5-day workweek,Prioritize social harmony,Progressive
R_48Sig9ABfn8mCjv,Male,Capital Area,55,Graduate school,10,People Power Party,Yoon Suk-yeol,Reform of real estate policy,Pursue diplomacy based on national interest,US tactical nukes and nuclear sharing if needed,Implement universal job guarantee,Prioritize social harmony,Conservative
R_4B98gBBvX78Rb5G,Male,Yeongnam,38,University,7,People Power Party,Yoon Suk-yeol,Reduced real estate tax burden,Emphasize ROK-US alliance,US tactical nukes and nuclear sharing if needed,Flexible work hours,Prioritize social harmony,Conservative
R_4EixaJuXP2PoJP3,Male,Capital Area,42,University,4,Other,Lee Jae-myung,Major expansion of public housing,Balanced diplomacy between US and China,Independent nuclear armament,Phase in 4.5-day workweek,Consensus before anti-discrimination law,Other
R_4qEiHwkTOQPpYsQ,Male,Chungcheong-Honam,41,Graduate school,4,Democratic Party,Lee Jae-myung,Reform of real estate policy,Early restart of economic cooperation with North Korea,Reflect national interest in nuclear policy,Phase in 4.5-day workweek,Prioritize social harmony,Progressive
R_4E0RnXrUbhrUXSa,Male,Capital Area,37,University,3,Other,Lee Jae-myung,Reform of real estate policy,Balanced diplomacy between US and China,Oppose nuclear weapons deployment,Promote harmony in labor relations,Prioritize social harmony,Conservative
R_4GNwraLeDIyD5G9,Female,Capital Area,34,University,5,Other,Did not vote,Reduced real estate tax burden,Pursue diplomacy based on national interest,US tactical nukes and nuclear sharing if needed,Phase in 4.5-day workweek,Prioritize social harmony,Other
R_4XnebPhJrVhLE9c,Male,Capital Area,42,University,5,People Power Party,Yoon Suk-yeol,Stronger real estate taxation,Emphasize ROK-US alliance,Independent nuclear armament,Flexible work hours,Prioritize social harmony,Conservative
R_410QRDEHk18dbou,Female,Capital Area,30,University,5,Other,Lee Jae-myung,Reform of real estate policy,Pursue diplomacy based on national interest,US tactical nukes and nuclear sharing if needed,Phase in 4.5-day workweek,Prioritize social harmony,Conservative
R_4YofWmFoBe0CUpX,Female,Capital Area,36,University,4,Green Justice Party,Did not vote,Major expansion of public housing,Balanced diplomacy between US and China,US tactical nukes and nuclear sharing if needed,Promote harmony in labor relations,Quick enactment of anti-discrimination law,Progressive
R_4NzdOa8pgYMtRUL,Male,Yeongnam,41,Graduate school,4,Other,Lee Jae-myung,Reform of real estate policy,Early restart of economic cooperation with North Korea,Independent nuclear armament,Flexible work hours,Quick enactment of anti-discrimination law,Other
R_4ejXNedyQ5YDb0I,Male,Yeongnam,42,Graduate school,3,Democratic Party,Lee Jae-myung,Reform of real estate policy,Emphasize ROK-US alliance,Oppose nuclear weapons deployment,Implement universal job guarantee,Prioritize social harmony,Progressive
R_4hG4xmBhPOfgbmT,Male,Capital Area,39,High school,5,Other,Did not vote,Major expansion of public housing,Early restart of economic cooperation with North Korea,US tactical nukes and nuclear sharing if needed,Flexible work hours,Quick enactment of anti-discrimination law,Other
R_4l6ud4QR1JbkOHw,Male,Capital Area,41,Graduate school,7,Democratic Party,Lee Jae-myung,Reform of real estate policy,Pursue diplomacy based on national interest,Oppose nuclear weapons deployment,Implement universal job guarantee,Prioritize social harmony,Progressive
R_4JOUB7fbhNqnTCQ,Male,Capital Area,29,University,5,Democratic Party,Lee Jae-myung,Major expansion of public housing,Balanced diplomacy between US and China,Independent nuclear armament,Implement universal job guarantee,Oppose comprehensive anti-discrimination law,Progressive
R_4PjweocLHIaa31D,Male,Capital Area,40,University,8,People Power Party,Lee Jae-myung,Major expansion of public housing,Early restart of economic cooperation with North Korea,Oppose nuclear weapons deployment,Promote harmony in labor relations,Consensus before anti-discrimination law,Conservative
R_4J4sU5b8NUefO21,Male,Capital Area,36,Junior college,1,Democratic Party,Lee Jae-myung,Reform of real estate policy,Pursue diplomacy based on national interest,Reflect national interest in nuclear policy,Phase in 4.5-day workweek,Consensus before anti-discrimination law,Progressive
R_4Si3rcBfRBJQatZ,Male,Capital Area,44,University,3,Democratic Party,Lee Jae-myung,Reform of real estate policy,Early restart of economic cooperation with North Korea,Independent nuclear armament,Phase in 4.5-day workweek,Quick enactment of anti-discrimination law,Progressive
R_4eEpyjppyIZPjsN,Female,Capital Area,40,University,8,Democratic Party,Lee Jae-myung,Reform of real estate policy,Emphasize ROK-US alliance,Reflect national interest in nuclear policy,Promote harmony in labor relations,Prioritize social harmony,Progressive
R_4fxRJAEZfG1tHSS,Female,Capital Area,29,University,9,Democratic Party,Yoon Suk-yeol,Reduced real estate tax burden,Pursue diplomacy based on national interest,Reflect national interest in nuclear policy,Phase in 4.5-day workweek,Quick enactment of anti-discrimination law,Progressive
R_42JSjvsK02re0QQ,Female,Capital Area,42,High school,4,Democratic Party,Lee Jae-myung,Major expansion of public housing,Pursue diplomacy based on national interest,Reflect national interest in nuclear policy,Promote harmony in labor relations,Consensus before anti-discrimination law,Other
R_4qx9pMCKux7S6yd,Male,Chungcheong-Honam,39,High school,5,People Power Party,다른 후보,Reduced real estate tax burden,Pursue diplomacy based on national interest,Independent nuclear armament,Phase in 4.5-day workweek,Prioritize social harmony,Progressive
R_48O2SrvzIHIC9rI,Female,Capital Area,35,University,7,People Power Party,Yoon Suk-yeol,Reduced real estate tax burden,Pursue diplomacy based on national interest,Independent nuclear armament,Implement universal job guarantee,Consensus before anti-discrimination law,Conservative
R_4oCB3Coy8O0p9CN,Male,Capital Area,22,Junior college,5,Other,Did not vote,Reform of real estate policy,Pursue diplomacy based on national interest,Independent nuclear armament,Phase in 4.5-day workweek,Prioritize social harmony,Other
R_4rg3djfuAA3Yaat,Male,Chungcheong-Honam,35,University,5,Democratic Party,Lee Jae-myung,Stronger real estate taxation,Pursue diplomacy based on national interest,Reflect national interest in nuclear policy,Phase in 4.5-day workweek,Prioritize social harmony,Progressive
R_4rZOtRxCOz7ZoP7,Male,Capital Area,40,University,4,Other,다른 후보,Reform of real estate policy,Emphasize ROK-US alliance,Independent nuclear armament,Implement universal job guarantee,Quick enactment of anti-discrimination law,Conservative
R_4OHX3ylMCdETINX,Male,Capital Area,56,University,1,Democratic Party,Lee Jae-myung,Reform of real estate policy,Pursue diplomacy based on national interest,Reflect national interest in nuclear policy,Phase in 4.5-day workweek,Consensus before anti-discrimination law,Progressive
R_4x3jmYqtoICqIlH,Female,Capital Area,39,University,5,Democratic Party,Lee Jae-myung,Reform of real estate policy,Pursue diplomacy based on national interest,US tactical nukes and nuclear sharing if needed,Implement universal job guarantee,Prioritize social harmony,Progressive
R_4f4vgu6SvpSQBiN,Male,Capital Area,60,Graduate school,5,Other,Yoon Suk-yeol,Major expansion of public housing,Pursue diplomacy based on national interest,Reflect national interest in nuclear policy,Promote harmony in labor relations,Consensus before anti-discrimination law,Other
R_4KQQzFeUi9hSKVX,Female,Yeongnam,37,University,3,Other,Did not vote,Reform of real estate policy,Balanced diplomacy between US and China,Reflect national interest in nuclear policy,Implement universal job guarantee,Prioritize social harmony,Other
R_4arFp046nnQsMHn,Male,Yeongnam,30,University,7,Democratic Party,Yoon Suk-yeol,Major expansion of public housing,Emphasize ROK-US alliance,US tactical nukes and nuclear sharing if needed,Promote harmony in labor relations,Oppose comprehensive anti-discrimination law,Progressive
R_4ip1YybK2uSQv6h,Female,Capital Area,27,University,5,Other,Did not vote,Reform of real estate policy,Pursue diplomacy based on national interest,Reflect national interest in nuclear policy,Flexible work hours,Oppose comprehensive anti-discrimination law,Progressive
R_48Tg8jdHGz0A7VV,Male,Capital Area,40,University,6,Other,Yoon Suk-yeol,Reduced real estate tax burden,Pursue diplomacy based on national interest,Reflect national interest in nuclear policy,Promote harmony in labor relations,Prioritize social harmony,Conservative
R_4036sTpZah85jgu,Male,Capital Area,41,High school,5,Other,Lee Jae-myung,Reform of real estate policy,Emphasize ROK-US alliance,Oppose nuclear weapons deployment,Phase in 4.5-day workweek,Quick enactment of anti-discrimination law,Other
R_4CdXAsL8O0d2tXV,Female,Chungcheong-Honam,28,University,4,Democratic Party,심상정,Reform of real estate policy,Balanced diplomacy between US and China,US tactical nukes and nuclear sharing if needed,Flexible work hours,Quick enactment of anti-discrimination law,Progressive
R_4BWPip6zFrfhwOt,Male,Capital Area,23,High school,5,Other,Could not vote,Stronger real estate taxation,Early restart of economic cooperation with North Korea,US tactical nukes and nuclear sharing if needed,Phase in 4.5-day workweek,Consensus before anti-discrimination law,Other
R_4pgXoJYUY3hmuxb,Female,Capital Area,28,High school,5,Other,Did not vote,Reform of real estate policy,Pursue diplomacy based on national interest,US tactical nukes and nuclear sharing if needed,Implement universal job guarantee,Quick enactment of anti-discrimination law,Conservative
R_49h7bYkdrZTywOE,Female,Capital Area,40,University,4,Other,심상정,Reform of real estate policy,Pursue diplomacy based on national interest,Oppose nuclear weapons deployment,Phase in 4.5-day workweek,Quick enactment of anti-discrimination law,Other
R_49g1N59p9ELrbQv,Male,Capital Area,36,University,6,Other,Did not vote,Major expansion of public housing,Pursue diplomacy based on national interest,Reflect national interest in nuclear policy,Phase in 4.5-day workweek,Prioritize social harmony,Conservative
R_4sv1FgzMHXxJiM5,Male,Capital Area,40,University,8,People Power Party,Yoon Suk-yeol,Reduced real estate tax burden,Emphasize ROK-US alliance,US tactical nukes and nuclear sharing if needed,Implement universal job guarantee,Oppose comprehensive anti-discrimination law,Conservative
R_4laAx3F1Pf9JfH1,Male,Capital Area,58,University,5,Other,Yoon Suk-yeol,Reduced real estate tax burden,Pursue diplomacy based on national interest,Independent nuclear armament,Flexible work hours,Consensus before anti-discrimination law,Conservative
R_4iOo3rUpnaOHr6b,Male,Capital Area,33,University,6,People Power Party,Yoon Suk-yeol,Reduced real estate tax burden,Pursue diplomacy based on national interest,Independent nuclear armament,Phase in 4.5-day workweek,Consensus before anti-discrimination law,Other
R_4NyLc1jV8JrxApG,Female,Capital Area,61,University,5,Other,Yoon Suk-yeol,Major expansion of public housing,Pursue diplomacy based on national interest,Independent nuclear armament,Flexible work hours,Quick enactment of anti-discrimination law,Conservative
R_4FP8B8Vu5j77fkI,Male,Capital Area,40,University,5,Other,Lee Jae-myung,Stronger real estate taxation,Balanced diplomacy between US and China,Oppose nuclear weapons deployment,Implement universal job guarantee,Prioritize social harmony,Progressive
R_41q6hrqMQrIWo2l,Male,Capital Area,30,High school,5,Other,Yoon Suk-yeol,Reform of real estate policy,Pursue diplomacy based on national interest,Reflect national interest in nuclear policy,Flexible work hours,Consensus before anti-discrimination law,Conservative
R_4F5VmqNT9LHqeDn,Female,Capital Area,29,Junior college,2,Other,Lee Jae-myung,Reform of real estate policy,Pursue diplomacy based on national interest,US tactical nukes and nuclear sharing if needed,Phase in 4.5-day workweek,Consensus before anti-discrimination law,Other
R_4CEchYmm6CtgFyK,Female,Capital Area,29,University,5,People Power Party,Yoon Suk-yeol,Major expansion of public housing,Balanced diplomacy between US and China,US tactical nukes and nuclear sharing if needed,Phase in 4.5-day workweek,Consensus before anti-discrimination law,Conservative
R_4hGf4gQDp4qelI5,Male,Chungcheong-Honam,34,University,4,Democratic Party,Lee Jae-myung,Reform of real estate policy,Balanced diplomacy between US and China,Oppose nuclear weapons deployment,Implement universal job guarantee,Quick enactment of anti-discrimination law,Progressive
R_4rMvhcZBxEbiRCS,Female,Capital Area,30,University,4,Democratic Party,Lee Jae-myung,Reform of real estate policy,Pursue diplomacy based on national interest,Reflect national interest in nuclear policy,Flexible work hours,Oppose comprehensive anti-discrimination law,Other
R_4ZQ7rQuHpWG1PRq,Male,Capital Area,43,University,6,People Power Party,Yoon Suk-yeol,Major expansion of public housing,Pursue diplomacy based on national interest,Independent nuclear armament,Phase in 4.5-day workweek,Consensus before anti-discrimination law,Conservative
R_4tF0RPIYQXmcK9J,Female,Capital Area,20,Junior college,4,Other,Did not vote,Reform of real estate policy,Pursue diplomacy based on national interest,Oppose nuclear weapons deployment,Flexible work hours,Oppose comprehensive anti-discrimination law,Conservative
R_4COctSIxT69Eihi,Male,Capital Area,36,High school,9,People Power Party,Yoon Suk-yeol,Reduced real estate tax burden,Pursue diplomacy based on national interest,US tactical nukes and nuclear sharing if needed,Implement universal job guarantee,Prioritize social harmony,Progressive
R_4kLq8zzNo1UWPGv,Male,Capital Area,44,Junior college,5,Other,Lee Jae-myung,Reform of real estate policy,Pursue diplomacy based on national interest,Reflect national interest in nuclear policy,Phase in 4.5-day workweek,Consensus before anti-discrimination law,Other
R_4vFzJlJOhh6QDRL,Male,Capital Area,65,High school,6,Democratic Party,Lee Jae-myung,Major expansion of public housing,Balanced diplomacy between US and China,Reflect national interest in nuclear policy,Phase in 4.5-day workweek,Consensus before anti-discrimination law,Progressive
R_46DxhIYBpZIAWAx,Male,Capital Area,41,University,2,Green Justice Party,Lee Jae-myung,Reduced real estate tax burden,Pursue diplomacy based on national interest,Reflect national interest in nuclear policy,Implement universal job guarantee,Oppose comprehensive anti-discrimination law,Progressive
R_41RxEgJ2ctOGWYY,Male,Chungcheong-Honam,44,University,5,Democratic Party,Lee Jae-myung,Major expansion of public housing,Early restart of economic cooperation with North Korea,US tactical nukes and nuclear sharing if needed,Implement universal job guarantee,Quick enactment of anti-discrimination law,Conservative
R_4cj1zpe10ntLBgl,Male,Capital Area,27,High school,5,Democratic Party,Lee Jae-myung,Reform of real estate policy,Emphasize ROK-US alliance,Reflect national interest in nuclear policy,Flexible work hours,Oppose comprehensive anti-discrimination law,Progressive
R_4qyrh0D58b3APZq,Male,Capital Area,33,University,3,People Power Party,Yoon Suk-yeol,Stronger real estate taxation,Balanced diplomacy between US and China,Oppose nuclear weapons deployment,Implement universal job guarantee,Consensus before anti-discrimination law,Conservative
R_4gjABdWyJwubUaz,Male,Capital Area,44,Graduate school,4,Democratic Party,Lee Jae-myung,Reform of real estate policy,Pursue diplomacy based on national interest,Reflect national interest in nuclear policy,Promote harmony in labor relations,Consensus before anti-discrimination law,Progressive
R_4UrB65P8fjW8cLL,Male,Capital Area,42,University,5,People Power Party,Yoon Suk-yeol,Reduced real estate tax burden,Emphasize ROK-US alliance,US tactical nukes and nuclear sharing if needed,Phase in 4.5-day workweek,Oppose comprehensive anti-discrimination law,Conservative
R_4BnSOe4WYn10S1z,Female,Capital Area,18,High school,5,Democratic Party,Did not vote,Reform of real estate policy,Balanced diplomacy between US and China,US tactical nukes and nuclear sharing if needed,Implement universal job guarantee,Prioritize social harmony,Progressive
R_4IQkeqa0fqGGRMZ,Male,Capital Area,31,High school,10,Other,Did not vote,Reform of real estate policy,Emphasize ROK-US alliance,Reflect national interest in nuclear policy,Implement universal job guarantee,Prioritize social harmony,Other
R_4tNsWaVLpx8e5QB,Male,Capital Area,38,University,8,People Power Party,Yoon Suk-yeol,Reform of real estate policy,Pursue diplomacy based on national interest,Reflect national interest in nuclear policy,Flexible work hours,Oppose comprehensive anti-discrimination law,Conservative
R_4j0uN8kuk6j1Fsx,Male,Capital Area,44,Junior college,5,Democratic Party,Lee Jae-myung,Reduced real estate tax burden,Pursue diplomacy based on national interest,Independent nuclear armament,Flexible work hours,Prioritize social harmony,Progressive
R_41nlzB4xQPuMW5t,Male,Capital Area,42,High school,5,Democratic Party,Lee Jae-myung,Reform of real estate policy,Emphasize ROK-US alliance,US tactical nukes and nuclear sharing if needed,Phase in 4.5-day workweek,Quick enactment of anti-discrimination law,Progressive
R_4GKv6UenS9RgUq0,Female,Capital Area,40,Junior college,5,Other,Did not vote,Reduced real estate tax burden,Pursue diplomacy based on national interest,US tactical nukes and nuclear sharing if needed,Flexible work hours,Consensus before anti-discrimination law,Progressive
R_49uHXuze2T0eK39,Female,Capital Area,58,High school,5,People Power Party,Yoon Suk-yeol,Major expansion of public housing,Pursue diplomacy based on national interest,US tactical nukes and nuclear sharing if needed,Flexible work hours,Quick enactment of anti-discrimination law,Conservative
R_4SHpR3TgYkN3eo1,Female,Capital Area,58,High school,4,People Power Party,Yoon Suk-yeol,Reduced real estate tax burden,Pursue diplomacy based on national interest,Independent nuclear armament,Implement universal job guarantee,Consensus before anti-discrimination law,Progressive
R_4COsyUlPLPnS1bH,Female,Capital Area,41,University,5,Other,Did not vote,Reduced real estate tax burden,Pursue diplomacy based on national interest,Reflect national interest in nuclear policy,Flexible work hours,Consensus before anti-discrimination law,Other
R_4G39Gm20mKeYUF4,Female,Capital Area,34,University,5,Democratic Party,Lee Jae-myung,Stronger real estate taxation,Pursue diplomacy based on national interest,Independent nuclear armament,Phase in 4.5-day workweek,Oppose comprehensive anti-discrimination law,Progressive
R_4sVk7xKWt560SQh,Female,Yeongnam,44,University,6,People Power Party,Yoon Suk-yeol,Reduced real estate tax burden,Pursue diplomacy based on national interest,Reflect national interest in nuclear policy,Implement universal job guarantee,Quick enactment of anti-discrimination law,Conservative
R_4Dr8uiDyWq9eJ6i,Female,Capital Area,33,Junior college,5,People Power Party,다른 후보,Reform of real estate policy,Pursue diplomacy based on national interest,Reflect national interest in nuclear policy,Phase in 4.5-day workweek,Prioritize social harmony,Conservative
R_4FD4ilGYLs7AKKC,Female,Capital Area,33,Junior college,5,Other,Did not vote,Major expansion of public housing,Pursue diplomacy based on national interest,Oppose nuclear weapons deployment,Flexible work hours,Prioritize social harmony,Progressive
R_4uyLREYfcOHD6wj,Female,Capital Area,31,University,5,Democratic Party,Lee Jae-myung,Reduced real estate tax burden,Pursue diplomacy based on national interest,Reflect national interest in nuclear policy,Flexible work hours,Consensus before anti-discrimination law,Conservative
R_4h8qvMglNUWpLtD,Female,Capital Area,36,University,5,Other,Lee Jae-myung,Reform of real estate policy,Pursue diplomacy based on national interest,Independent nuclear armament,Promote harmony in labor relations,Prioritize social harmony,Progressive
R_4gHMIBaV5VUlYQu,Female,Chungcheong-Honam,41,University,5,Democratic Party,Lee Jae-myung,Major expansion of public housing,Early restart of economic cooperation with North Korea,Oppose nuclear weapons deployment,Implement universal job guarantee,Prioritize social harmony,Progressive
R_4sgHpjuuvLuOUtG,Female,Capital Area,42,High school,8,People Power Party,Yoon Suk-yeol,Major expansion of public housing,Pursue diplomacy based on national interest,Oppose nuclear weapons deployment,Flexible work hours,Prioritize social harmony,Conservative
R_43PDalqqxMUyP8l,Female,Yeongnam,44,Junior college,10,People Power Party,Yoon Suk-yeol,Reform of real estate policy,Pursue diplomacy based on national interest,Independent nuclear armament,Phase in 4.5-day workweek,Consensus before anti-discrimination law,Conservative
R_4qaRamupwx1QC1C,Female,Chungcheong-Honam,30,University,5,Other,다른 후보,Reform of real estate policy,Pursue diplomacy based on national interest,Reflect national interest in nuclear policy,Flexible work hours,Prioritize social harmony,Other
R_47JbDjXZhM5Ob4M,Female,Capital Area,31,University,2,Democratic Party,Lee Jae-myung,Reform of real estate policy,Pursue diplomacy based on national interest,Oppose nuclear weapons deployment,Promote harmony in labor relations,Prioritize social harmony,Progressive
R_4GjNSGqG0cq2KeR,Female,Capital Area,40,University,5,Democratic Party,Lee Jae-myung,Reform of real estate policy,Pursue diplomacy based on national interest,Reflect national interest in nuclear policy,Flexible work hours,Consensus before anti-discrimination law,Progressive
R_4yC1G9Q5e6J9CcV,Female,Capital Area,55,High school,5,Other,Yoon Suk-yeol,Reform of real estate policy,Pursue diplomacy based on national interest,Reflect national interest in nuclear policy,Flexible work hours,Prioritize social harmony,Other
R_4qZnmcdKuZRI0Ux,Female,Capital Area,30,University,8,People Power Party,Yoon Suk-yeol,Reform of real estate policy,Pursue diplomacy based on national interest,Independent nuclear armament,Phase in 4.5-day workweek,Prioritize social harmony,Conservative
R_4rIY46Y2L5TASfA,Female,Yeongnam,40,University,5,Other,Did not vote,Major expansion of public housing,Pursue diplomacy based on national interest,US tactical nukes and nuclear sharing if needed,Implement universal job guarantee,Quick enactment of anti-discrimination law,Progressive
R_4dN3YHuFAPaxhSM,Female,Capital Area,38,University,2,Democratic Party,Lee Jae-myung,Stronger real estate taxation,Pursue diplomacy based on national interest,Oppose nuclear weapons deployment,Flexible work hours,Quick enactment of anti-discrimination law,Other
R_4hBj23Aonubn4TM,Female,Capital Area,34,Graduate school,7,People Power Party,Yoon Suk-yeol,Reform of real estate policy,Emphasize ROK-US alliance,US tactical nukes and nuclear sharing if needed,Phase in 4.5-day workweek,Prioritize social harmony,Conservative
R_4O7zmfi9QaWrX3T,Female,Capital Area,29,University,7,Democratic Party,Lee Jae-myung,Major expansion of public housing,Balanced diplomacy between US and China,Oppose nuclear weapons deployment,Flexible work hours,Oppose comprehensive anti-discrimination law,Progressive
R_4Iim5eHAPQDwmkl,Female,Yeongnam,39,Junior college,5,Other,Lee Jae-myung,Major expansion of public housing,Early restart of economic cooperation with North Korea,US tactical nukes and nuclear sharing if needed,Flexible work hours,Consensus before anti-discrimination law,Progressive
R_4OmuB7A7YvFAkWl,Female,Capital Area,42,Graduate school,5,Democratic Party,Lee Jae-myung,Major expansion of public housing,Pursue diplomacy based on national interest,Independent nuclear armament,Phase in 4.5-day workweek,Consensus before anti-discrimination law,Other
R_42DuallLs4AKbLz,Female,Yeongnam,30,High school,6,People Power Party,Yoon Suk-yeol,Reduced real estate tax burden,Pursue diplomacy based on national interest,Independent nuclear armament,Phase in 4.5-day workweek,Quick enactment of anti-discrimination law,Conservative
R_4wEmzIsfvublaBC,Female,Chungcheong-Honam,41,Junior college,5,Other,Did not vote,Reform of real estate policy,Pursue diplomacy based on national interest,US tactical nukes and nuclear sharing if needed,Promote harmony in labor relations,Consensus before anti-discrimination law,Other
R_4g86QR08skdDPQ5,Female,Capital Area,44,High school,5,Other,Did not vote,Major expansion of public housing,Emphasize ROK-US alliance,US tactical nukes and nuclear sharing if needed,Flexible work hours,Consensus before anti-discrimination law,Progressive
R_438LvPKXPljM98t,Female,Capital Area,25,Graduate school,7,Democratic Party,다른 후보,Reduced real estate tax burden,Balanced diplomacy between US and China,Oppose nuclear weapons deployment,Phase in 4.5-day workweek,Prioritize social harmony,Conservative
R_4OMHjpSb1lGoJSB,Female,Chungcheong-Honam,39,Junior college,5,Other,Lee Jae-myung,Reform of real estate policy,Pursue diplomacy based on national interest,Oppose nuclear weapons deployment,Promote harmony in labor relations,Prioritize social harmony,Other
R_43wXA4v4b61Cl9v,Female,Yeongnam,43,University,5,Other,Lee Jae-myung,Major expansion of public housing,Pursue diplomacy based on national interest,Independent nuclear armament,Implement universal job guarantee,Prioritize social harmony,Progressive
R_4pWwrWn63DUvz2i,Female,Capital Area,23,University,5,Other,Yoon Suk-yeol,Reform of real estate policy,Pursue diplomacy based on national interest,Reflect national interest in nuclear policy,Flexible work hours,Consensus before anti-discrimination law,Other
R_4NmKI8Vb6155Ewh,Female,Chungcheong-Honam,37,University,3,Other,Yoon Suk-yeol,Reform of real estate policy,Pursue diplomacy based on national interest,Independent nuclear armament,Phase in 4.5-day workweek,Quick enactment of anti-discrimination law,Progressive
R_4gzLcTqAXOGofqK,Female,Yeongnam,32,University,5,People Power Party,Lee Jae-myung,Reform of real estate policy,Pursue diplomacy based on national interest,Reflect national interest in nuclear policy,Phase in 4.5-day workweek,Consensus before anti-discrimination law,Other
R_4jfU85bIZ9YQ5tD,Female,Capital Area,56,University,2,Other,Lee Jae-myung,Major expansion of public housing,Pursue diplomacy based on national interest,Independent nuclear armament,Phase in 4.5-day workweek,Oppose comprehensive anti-discrimination law,Other
R_4AvPRNBe442xsXL,Female,Capital Area,25,University,3,Other,심상정,Reduced real estate tax burden,Pursue diplomacy based on national interest,Reflect national interest in nuclear policy,Phase in 4.5-day workweek,Quick enactment of anti-discrimination law,Conservative
R_4dN0p60u56VEXIS,Female,Capital Area,39,University,6,Other,Yoon Suk-yeol,Reform of real estate policy,Pursue diplomacy based on national interest,Oppose nuclear weapons deployment,Phase in 4.5-day workweek,Quick enactment of anti-discrimination law,Conservative
R_44BQaF9ZRnM4cqZ,Female,Chungcheong-Honam,26,University,5,Democratic Party,Yoon Suk-yeol,Major expansion of public housing,Balanced diplomacy between US and China,US tactical nukes and nuclear sharing if needed,Flexible work hours,Prioritize social harmony,Conservative
R_4U4HLWC50ofbMaZ,Female,Capital Area,29,University,4,Democratic Party,Lee Jae-myung,Reform of real estate policy,Pursue diplomacy based on national interest,Independent nuclear armament,Phase in 4.5-day workweek,Quick enactment of anti-discrimination law,Other
R_4yX8N2bs6VhRUbL,Female,Capital Area,19,High school,5,Other,Could not vote,Stronger real estate taxation,Early restart of economic cooperation with North Korea,Oppose nuclear weapons deployment,Flexible work hours,Prioritize social harmony,Other
R_4NglHAufUKCcAxP,Female,Yeongnam,37,University,6,Other,Lee Jae-myung,Reduced real estate tax burden,Pursue diplomacy based on national interest,Independent nuclear armament,Phase in 4.5-day workweek,Consensus before anti-discrimination law,Conservative
R_4qL2vN36UuTkQb0,Female,Capital Area,57,High school,5,Other,Lee Jae-myung,Major expansion of public housing,Emphasize ROK-US alliance,US tactical nukes and nuclear sharing if needed,Implement universal job guarantee,Prioritize social harmony,Other
R_4kXsC5CvScTbae3,Female,Capital Area,40,University,2,Democratic Party,Lee Jae-myung,Major expansion of public housing,Early restart of economic cooperation with North Korea,Independent nuclear armament,Flexible work hours,Quick enactment of anti-discrimination law,Progressive
R_4FPqxPDnIAuBCEm,Female,Yeongnam,79,High school,8,People Power Party,Yoon Suk-yeol,Reform of real estate policy,Emphasize ROK-US alliance,Reflect national interest in nuclear policy,Phase in 4.5-day workweek,Consensus before anti-discrimination law,Progressive
R_4FJQPYBhSjCtf2S,Female,Yeongnam,33,Junior college,5,Democratic Party,Yoon Suk-yeol,Reform of real estate policy,Balanced diplomacy between US and China,Reflect national interest in nuclear policy,Promote harmony in labor relations,Quick enactment of anti-discrimination law,Progressive
R_4mKIcReiyFvoeDT,Female,Chungcheong-Honam,26,University,4,Democratic Party,Lee Jae-myung,Major expansion of public housing,Balanced diplomacy between US and China,Oppose nuclear weapons deployment,Flexible work hours,Oppose comprehensive anti-discrimination law,Progressive
R_4KGXYgCkwWniDcj,Female,Capital Area,38,University,4,People Power Party,Yoon Suk-yeol,Stronger real estate taxation,Pursue diplomacy based on national interest,Independent nuclear armament,Phase in 4.5-day workweek,Quick enactment of anti-discrimination law,Conservative
R_41ao7OViTUk4qza,Female,Capital Area,60,High school,9,People Power Party,Yoon Suk-yeol,Reduced real estate tax burden,Pursue diplomacy based on national interest,US tactical nukes and nuclear sharing if needed,Promote harmony in labor relations,Consensus before anti-discrimination law,Conservative
R_4qVMjZIQqR6tcJj,Female,Capital Area,43,Junior college,5,Democratic Party,Lee Jae-myung,Stronger real estate taxation,Balanced diplomacy between US and China,Reflect national interest in nuclear policy,Phase in 4.5-day workweek,Consensus before anti-discrimination law,Other
R_4OWg50OZIpujuBG,Female,Chungcheong-Honam,44,Graduate school,10,People Power Party,Yoon Suk-yeol,Reduced real estate tax burden,Emphasize ROK-US alliance,Independent nuclear armament,Flexible work hours,Oppose comprehensive anti-discrimination law,Conservative
R_4afeLv3Axqe34yQ,Female,Capital Area,36,University,6,Other,Yoon Suk-yeol,Reduced real estate tax burden,Pursue diplomacy based on national interest,Independent nuclear armament,Phase in 4.5-day workweek,Consensus before anti-discrimination law,Other
R_4IiX8mU8HckMOxL,Female,Capital Area,36,High school,10,People Power Party,Yoon Suk-yeol,Reform of real estate policy,Emphasize ROK-US alliance,Reflect national interest in nuclear policy,Phase in 4.5-day workweek,Quick enactment of anti-discrimination law,Conservative
R_4LveBNbFCt8km2I,Female,Chungcheong-Honam,36,University,5,Other,다른 후보,Reform of real estate policy,Pursue diplomacy based on national interest,Reflect national interest in nuclear policy,Phase in 4.5-day workweek,Prioritize social harmony,Other
R_4R2PQUByOK5pNgh,Female,Capital Area,56,High school,5,People Power Party,Lee Jae-myung,Reform of real estate policy,Pursue diplomacy based on national interest,Independent nuclear armament,Implement universal job guarantee,Quick enactment of anti-discrimination law,Conservative
R_4E6UXOjbLvFSgBb,Female,Chungcheong-Honam,31,University,5,Democratic Party,Lee Jae-myung,Reform of real estate policy,Pursue diplomacy based on national interest,Independent nuclear armament,Flexible work hours,Prioritize social harmony,Progressive
R_4jVxuHtvjzo5cmF,Female,Chungcheong-Honam,35,Junior college,4,People Power Party,Yoon Suk-yeol,Reduced real estate tax burden,Pursue diplomacy based on national interest,Reflect national interest in nuclear policy,Flexible work hours,Consensus before anti-discrimination law,Conservative
R_4HpnNsvBCjU3NUB,Female,Capital Area,55,University,7,People Power Party,Yoon Suk-yeol,Reduced real estate tax burden,Emphasize ROK-US alliance,Oppose nuclear weapons deployment,Promote harmony in labor relations,Oppose comprehensive anti-discrimination law,Conservative
R_4pQposS17MLIvU9,Female,Capital Area,59,University,2,Democratic Party,Lee Jae-myung,Stronger real estate taxation,Pursue diplomacy based on national interest,US tactical nukes and nuclear sharing if needed,Implement universal job guarantee,Consensus before anti-discrimination law,Progressive
R_4N55YJW3X7ShA3g,Female,Yeongnam,25,University,4,Other,다른 후보,Stronger real estate taxation,Pursue diplomacy based on national interest,US tactical nukes and nuclear sharing if needed,Phase in 4.5-day workweek,Quick enactment of anti-discrimination law,Other
R_4dy07mk0C6Lrlo1,Female,Chungcheong-Honam,35,University,5,Democratic Party,Lee Jae-myung,Reform of real estate policy,Pursue diplomacy based on national interest,Reflect national interest in nuclear policy,Implement universal job guarantee,Prioritize social harmony,Progressive
R_416NKuWOHT5Kg0D,Female,Capital Area,41,University,7,People Power Party,Yoon Suk-yeol,Reduced real estate tax burden,Pursue diplomacy based on national interest,Reflect national interest in nuclear policy,Implement universal job guarantee,Oppose comprehensive anti-discrimination law,Conservative
R_4My70EJxGSkyCKI,Female,Capital Area,30,University,3,Democratic Party,Lee Jae-myung,Major expansion of public housing,Pursue diplomacy based on national interest,Reflect national interest in nuclear policy,Phase in 4.5-day workweek,Quick enactment of anti-discrimination law,Other
R_49tUNf9pfCDCvu1,Female,Capital Area,26,University,3,Democratic Party,Lee Jae-myung,Major expansion of public housing,Balanced diplomacy between US and China,Reflect national interest in nuclear policy,Phase in 4.5-day workweek,Prioritize social harmony,Progressive
R_4Fb7tMciD8z2989,Female,Chungcheong-Honam,30,High school,5,Democratic Party,다른 후보,Reform of real estate policy,Emphasize ROK-US alliance,Reflect national interest in nuclear policy,Implement universal job guarantee,Prioritize social harmony,Progressive
R_4nVqo5emD6H2DoY,Female,Capital Area,28,University,3,Democratic Party,심상정,Reform of real estate policy,Pursue diplomacy based on national interest,Reflect national interest in nuclear policy,Phase in 4.5-day workweek,Consensus before anti-discrimination law,Progressive
R_4QlIUTL33bpLrfW,Female,Chungcheong-Honam,24,Junior college,4,Democratic Party,Yoon Suk-yeol,Reduced real estate tax burden,Pursue diplomacy based on national interest,Oppose nuclear weapons deployment,Implement universal job guarantee,Quick enactment of anti-discrimination law,Conservative
R_4dlcVpL9AeOHkaZ,Female,Capital Area,32,University,7,People Power Party,Yoon Suk-yeol,Reduced real estate tax burden,Pursue diplomacy based on national interest,US tactical nukes and nuclear sharing if needed,Implement universal job guarantee,Quick enactment of anti-discrimination law,Conservative
R_4ckm1IcwgUQurao,Female,Chungcheong-Honam,57,Junior college,2,Democratic Party,Lee Jae-myung,Major expansion of public housing,Balanced diplomacy between US and China,Oppose nuclear weapons deployment,Flexible work hours,Consensus before anti-discrimination law,Progressive
R_4ZNup7LsEsgWCUS,Female,Capital Area,37,Graduate school,4,Other,Lee Jae-myung,Major expansion of public housing,Pursue diplomacy based on national interest,US tactical nukes and nuclear sharing if needed,Phase in 4.5-day workweek,Quick enactment of anti-discrimination law,Progressive
R_4LwJSSQ79jPvJrM,Female,Capital Area,42,University,8,People Power Party,Yoon Suk-yeol,Reform of real estate policy,Pursue diplomacy based on national interest,Reflect national interest in nuclear policy,Flexible work hours,Quick enactment of anti-discrimination law,Conservative
R_4ipWO7kzXlZ4sjD,Female,Capital Area,27,University,5,Other,Lee Jae-myung,Reform of real estate policy,Emphasize ROK-US alliance,Reflect national interest in nuclear policy,Phase in 4.5-day workweek,Prioritize social harmony,Progressive
R_4Nrevk0e38Qr608,Female,Capital Area,25,University,4,Democratic Party,다른 후보,Stronger real estate taxation,Pursue diplomacy based on national interest,Oppose nuclear weapons deployment,Flexible work hours,Consensus before anti-discrimination law,Progressive
R_4IVMXRGXYAmAW53,Female,Capital Area,62,Graduate school,5,Other,Yoon Suk-yeol,Reform of real estate policy,Pursue diplomacy based on national interest,Oppose nuclear weapons deployment,Implement universal job guarantee,Prioritize social harmony,Other
R_4FIgoL4gKwrqmne,Female,Yeongnam,28,Junior college,5,Democratic Party,Lee Jae-myung,Major expansion of public housing,Balanced diplomacy between US and China,Reflect national interest in nuclear policy,Phase in 4.5-day workweek,Prioritize social harmony,Progressive
R_4OOcX0EXAdNiTnU,Female,Capital Area,19,University,10,People Power Party,Lee Jae-myung,Major expansion of public housing,Pursue diplomacy based on national interest,Reflect national interest in nuclear policy,Promote harmony in labor relations,Prioritize social harmony,Conservative
R_4vMcegq8WKWA3df,Female,Yeongnam,25,University,4,People Power Party,Did not vote,Reduced real estate tax burden,Early restart of economic cooperation with North Korea,US tactical nukes and nuclear sharing if needed,Implement universal job guarantee,Quick enactment of anti-discrimination law,Progressive
R_4qtdzpdBQUqEcXD,Female,Capital Area,32,Graduate school,5,Other,다른 후보,Reform of real estate policy,Pursue diplomacy based on national interest,Reflect national interest in nuclear policy,Implement universal job guarantee,Quick enactment of anti-discrimination law,Other
R_45khWFEmMF20nWp,Female,Capital Area,NA,University,4,Democratic Party,Lee Jae-myung,Major expansion of public housing,Pursue diplomacy based on national interest,Independent nuclear armament,Phase in 4.5-day workweek,Quick enactment of anti-discrimination law,Progressive
R_4u43i6mQizSyHe1,Female,Yeongnam,34,Junior college,5,Other,Did not vote,Reduced real estate tax burden,Pursue diplomacy based on national interest,US tactical nukes and nuclear sharing if needed,Phase in 4.5-day workweek,Consensus before anti-discrimination law,Other
R_4VgYMxyR2yQ9CHy,Female,Capital Area,28,University,5,Democratic Party,Lee Jae-myung,Stronger real estate taxation,Pursue diplomacy based on national interest,US tactical nukes and nuclear sharing if needed,Phase in 4.5-day workweek,Oppose comprehensive anti-discrimination law,Other
R_4Cm5itPi9QxbxJr,Female,Capital Area,18,High school,7,People Power Party,Did not vote,Reform of real estate policy,Pursue diplomacy based on national interest,US tactical nukes and nuclear sharing if needed,Implement universal job guarantee,Consensus before anti-discrimination law,Other
R_4FP9GHmnAa2fMtd,Female,Chungcheong-Honam,23,University,6,Other,Did not vote,Stronger real estate taxation,Early restart of economic cooperation with North Korea,Reflect national interest in nuclear policy,Implement universal job guarantee,Oppose comprehensive anti-discrimination law,Conservative
R_4Ia4LjRFB7ExtdR,Female,Yeongnam,32,University,5,Other,Yoon Suk-yeol,Reform of real estate policy,Pursue diplomacy based on national interest,US tactical nukes and nuclear sharing if needed,Phase in 4.5-day workweek,Consensus before anti-discrimination law,Progressive
R_4n3qN29OxeOfk3u,Female,Capital Area,23,Graduate school,7,Democratic Party,다른 후보,Major expansion of public housing,Pursue diplomacy based on national interest,US tactical nukes and nuclear sharing if needed,Flexible work hours,Quick enactment of anti-discrimination law,Progressive
R_4E5o6YBpEFh1ElO,Female,Capital Area,32,Junior college,6,Other,Did not vote,Reduced real estate tax burden,Balanced diplomacy between US and China,Oppose nuclear weapons deployment,Flexible work hours,Quick enactment of anti-discrimination law,Progressive
R_4hbGTcE4gZrD6ys,Female,Capital Area,66,University,5,Democratic Party,Lee Jae-myung,Major expansion of public housing,Pursue diplomacy based on national interest,Independent nuclear armament,Implement universal job guarantee,Prioritize social harmony,Progressive
R_4DALNQZ8TnPNrWm,Female,Yeongnam,31,Junior college,6,People Power Party,Yoon Suk-yeol,Reduced real estate tax burden,Pursue diplomacy based on national interest,Independent nuclear armament,Implement universal job guarantee,Consensus before anti-discrimination law,Conservative
R_4yhIeqyz5rNwNlT,Female,Yeongnam,32,High school,5,Democratic Party,Lee Jae-myung,Reform of real estate policy,Pursue diplomacy based on national interest,Independent nuclear armament,Phase in 4.5-day workweek,Quick enactment of anti-discrimination law,Other
R_45kcVXbvathFaBX,Female,Capital Area,33,High school,5,Other,다른 후보,Major expansion of public housing,Emphasize ROK-US alliance,US tactical nukes and nuclear sharing if needed,Phase in 4.5-day workweek,Quick enactment of anti-discrimination law,Other
R_48UNBURrPjFilsu,Female,Capital Area,23,Graduate school,5,Other,다른 후보,Reduced real estate tax burden,Pursue diplomacy based on national interest,US tactical nukes and nuclear sharing if needed,Implement universal job guarantee,Quick enactment of anti-discrimination law,Progressive
R_4G7J1OQ0rg7sXL9,Female,Chungcheong-Honam,28,University,4,Democratic Party,Lee Jae-myung,Stronger real estate taxation,Pursue diplomacy based on national interest,US tactical nukes and nuclear sharing if needed,Phase in 4.5-day workweek,Oppose comprehensive anti-discrimination law,Progressive
R_4KQBuRCPIqxRTJn,Female,Capital Area,29,University,5,Other,심상정,Reform of real estate policy,Pursue diplomacy based on national interest,Reflect national interest in nuclear policy,Phase in 4.5-day workweek,Quick enactment of anti-discrimination law,Other
R_4juCg4UeJo6zmgV,Female,Capital Area,33,University,3,Democratic Party,Lee Jae-myung,Stronger real estate taxation,Pursue diplomacy based on national interest,Reflect national interest in nuclear policy,Implement universal job guarantee,Oppose comprehensive anti-discrimination law,Progressive
R_4soeqrTKU37oWyq,Female,Yeongnam,68,High school,8,People Power Party,Yoon Suk-yeol,Reform of real estate policy,Pursue diplomacy based on national interest,Independent nuclear armament,Phase in 4.5-day workweek,Consensus before anti-discrimination law,Conservative
R_49Lq1pHbX1a3iPT,Female,Capital Area,32,University,1,Democratic Party,다른 후보,Major expansion of public housing,Pursue diplomacy based on national interest,Independent nuclear armament,Implement universal job guarantee,Prioritize social harmony,Other
R_4TBgGfQeP7cZLP2,Female,Capital Area,22,High school,5,Other,Yoon Suk-yeol,Reform of real estate policy,Emphasize ROK-US alliance,Independent nuclear armament,Promote harmony in labor relations,Consensus before anti-discrimination law,Conservative
R_4BqNMsFEB0QyiEp,Female,Chungcheong-Honam,27,Graduate school,2,Democratic Party,Lee Jae-myung,Stronger real estate taxation,Early restart of economic cooperation with North Korea,US tactical nukes and nuclear sharing if needed,Phase in 4.5-day workweek,Prioritize social harmony,Progressive
R_4LzCFhmxKImxDgJ,Female,Chungcheong-Honam,56,University,5,Other,Did not vote,Reduced real estate tax burden,Pursue diplomacy based on national interest,Reflect national interest in nuclear policy,Implement universal job guarantee,Consensus before anti-discrimination law,Progressive
R_4jo0QWTIM6vp889,Female,Chungcheong-Honam,28,University,5,Other,다른 후보,Reform of real estate policy,Emphasize ROK-US alliance,Independent nuclear armament,Phase in 4.5-day workweek,Prioritize social harmony,Conservative
R_4jeTHZRqfaAi73B,Female,Capital Area,31,Graduate school,5,Other,Lee Jae-myung,Reform of real estate policy,Pursue diplomacy based on national interest,Reflect national interest in nuclear policy,Phase in 4.5-day workweek,Prioritize social harmony,Conservative
R_47DqQHvcQ0fBMl0,Female,Capital Area,30,University,5,People Power Party,Did not vote,Stronger real estate taxation,Balanced diplomacy between US and China,US tactical nukes and nuclear sharing if needed,Implement universal job guarantee,Consensus before anti-discrimination law,Progressive
R_43fOPVHHG3g8AyE,Female,Capital Area,23,University,6,People Power Party,Lee Jae-myung,Major expansion of public housing,Emphasize ROK-US alliance,Oppose nuclear weapons deployment,Phase in 4.5-day workweek,Quick enactment of anti-discrimination law,Conservative
R_4HvoiwUrv1oqaLD,Female,Capital Area,63,University,8,Other,Lee Jae-myung,Reform of real estate policy,Pursue diplomacy based on national interest,US tactical nukes and nuclear sharing if needed,Promote harmony in labor relations,Oppose comprehensive anti-discrimination law,Progressive
R_4Zx96MaA0kk63AJ,Female,Yeongnam,34,University,4,People Power Party,Yoon Suk-yeol,Reduced real estate tax burden,Pursue diplomacy based on national interest,US tactical nukes and nuclear sharing if needed,Phase in 4.5-day workweek,Quick enactment of anti-discrimination law,Conservative
R_4WBRGrI7664mH9T,Female,Chungcheong-Honam,33,University,5,People Power Party,Yoon Suk-yeol,Reduced real estate tax burden,Emphasize ROK-US alliance,US tactical nukes and nuclear sharing if needed,Implement universal job guarantee,Prioritize social harmony,Conservative
R_4E6o3W1oVH8xN12,Female,Capital Area,31,Junior college,5,Green Justice Party,Yoon Suk-yeol,Reduced real estate tax burden,Pursue diplomacy based on national interest,US tactical nukes and nuclear sharing if needed,Phase in 4.5-day workweek,Consensus before anti-discrimination law,Progressive
R_41Awz2naLAkdvA8,Female,Capital Area,23,University,5,People Power Party,Yoon Suk-yeol,Reduced real estate tax burden,Balanced diplomacy between US and China,US tactical nukes and nuclear sharing if needed,Implement universal job guarantee,Quick enactment of anti-discrimination law,Conservative
R_42y5oBizxuxy9AK,Female,Capital Area,34,Graduate school,3,Democratic Party,Lee Jae-myung,Major expansion of public housing,Emphasize ROK-US alliance,Independent nuclear armament,Promote harmony in labor relations,Quick enactment of anti-discrimination law,Progressive
R_4rxIYokD9zzf4gY,Female,Capital Area,24,University,1,Other,심상정,Reform of real estate policy,Pursue diplomacy based on national interest,Independent nuclear armament,Implement universal job guarantee,Quick enactment of anti-discrimination law,Other
R_46gbkMVoPgOGp25,Female,Capital Area,24,University,4,People Power Party,Lee Jae-myung,Stronger real estate taxation,Emphasize ROK-US alliance,Reflect national interest in nuclear policy,Phase in 4.5-day workweek,Quick enactment of anti-discrimination law,Conservative
R_4utB288IWsNOUBH,Female,Capital Area,24,University,4,Democratic Party,Lee Jae-myung,Reform of real estate policy,Pursue diplomacy based on national interest,Reflect national interest in nuclear policy,Flexible work hours,Consensus before anti-discrimination law,Other
R_4JdRGcBAZjz0N2N,Female,Capital Area,34,Graduate school,4,People Power Party,Yoon Suk-yeol,Reduced real estate tax burden,Pursue diplomacy based on national interest,Reflect national interest in nuclear policy,Phase in 4.5-day workweek,Consensus before anti-discrimination law,Conservative
R_4llzDgFCzFHXcnH,Female,Yeongnam,20,University,4,People Power Party,심상정,Reduced real estate tax burden,Pursue diplomacy based on national interest,Reflect national interest in nuclear policy,Phase in 4.5-day workweek,Oppose comprehensive anti-discrimination law,Progressive
R_4K3lTwAFxmJoHQh,Female,Capital Area,24,University,1,Democratic Party,Lee Jae-myung,Major expansion of public housing,Pursue diplomacy based on national interest,Reflect national interest in nuclear policy,Implement universal job guarantee,Prioritize social harmony,Progressive
R_4wiycgjhubtyuDH,Female,Yeongnam,27,Junior college,1,Other,Yoon Suk-yeol,Major expansion of public housing,Emphasize ROK-US alliance,Independent nuclear armament,Phase in 4.5-day workweek,Prioritize social harmony,Progressive
R_4PNpFNTPPmkdR5v,Female,Chungcheong-Honam,28,University,5,Other,Lee Jae-myung,Major expansion of public housing,Emphasize ROK-US alliance,US tactical nukes and nuclear sharing if needed,Phase in 4.5-day workweek,Quick enactment of anti-discrimination law,Other
R_6QicysHk8N1D8f3,Female,Capital Area,30,Junior college,5,Green Justice Party,Yoon Suk-yeol,Reform of real estate policy,Balanced diplomacy between US and China,Oppose nuclear weapons deployment,Phase in 4.5-day workweek,Prioritize social harmony,Other
R_4VkF8jZi6BGjnUK,Female,Chungcheong-Honam,32,Junior college,5,Other,Lee Jae-myung,Reduced real estate tax burden,Balanced diplomacy between US and China,Oppose nuclear weapons deployment,Implement universal job guarantee,Prioritize social harmony,Progressive
R_4J9JzPkirqKqysG,Female,Capital Area,58,University,5,Democratic Party,Lee Jae-myung,Stronger real estate taxation,Pursue diplomacy based on national interest,Reflect national interest in nuclear policy,Implement universal job guarantee,Quick enactment of anti-discrimination law,Progressive
R_4Po86MIVjXkZA8N,Female,Capital Area,28,University,7,People Power Party,Yoon Suk-yeol,Reform of real estate policy,Emphasize ROK-US alliance,Reflect national interest in nuclear policy,Phase in 4.5-day workweek,Oppose comprehensive anti-discrimination law,Conservative
R_4urCqLcupT7tPnm,Female,Capital Area,18,High school,5,Democratic Party,Yoon Suk-yeol,Major expansion of public housing,Early restart of economic cooperation with North Korea,US tactical nukes and nuclear sharing if needed,Phase in 4.5-day workweek,Consensus before anti-discrimination law,Conservative
R_4YEGeqrE2V8K8kp,Female,Capital Area,31,Junior college,5,Other,심상정,Major expansion of public housing,Pursue diplomacy based on national interest,Independent nuclear armament,Phase in 4.5-day workweek,Prioritize social harmony,Progressive
R_4HA0WUq50FzhTvU,Female,Capital Area,26,University,3,Democratic Party,Lee Jae-myung,Reform of real estate policy,Emphasize ROK-US alliance,Oppose nuclear weapons deployment,Phase in 4.5-day workweek,Oppose comprehensive anti-discrimination law,Progressive
R_47DSozKqD4auPbr,Female,Capital Area,22,High school,3,Democratic Party,Lee Jae-myung,Reform of real estate policy,Early restart of economic cooperation with North Korea,Reflect national interest in nuclear policy,Phase in 4.5-day workweek,Quick enactment of anti-discrimination law,Progressive
R_4fVR4jxDPEPbLGP,Female,Capital Area,29,Graduate school,6,Other,Yoon Suk-yeol,Reduced real estate tax burden,Balanced diplomacy between US and China,Oppose nuclear weapons deployment,Phase in 4.5-day workweek,Quick enactment of anti-discrimination law,Conservative
R_4JCxdikXswRAxdQ,Female,Chungcheong-Honam,59,High school,7,Democratic Party,Lee Jae-myung,Major expansion of public housing,Pursue diplomacy based on national interest,Independent nuclear armament,Promote harmony in labor relations,Oppose comprehensive anti-discrimination law,Progressive
R_4Htct0P62toIUag,Female,Capital Area,NA,University,4,Other,Did not vote,Reform of real estate policy,Pursue diplomacy based on national interest,Oppose nuclear weapons deployment,Flexible work hours,Quick enactment of anti-discrimination law,Conservative
R_4CUN0qPgoAM3MCh,Female,Capital Area,24,University,5,Democratic Party,Lee Jae-myung,Reform of real estate policy,Pursue diplomacy based on national interest,Independent nuclear armament,Phase in 4.5-day workweek,Quick enactment of anti-discrimination law,Other
R_4nqlzX7G0YJpAiX,Female,Capital Area,34,University,3,Democratic Party,Lee Jae-myung,Major expansion of public housing,Balanced diplomacy between US and China,Independent nuclear armament,Phase in 4.5-day workweek,Oppose comprehensive anti-discrimination law,Progressive
R_4e2eSnoFRZy6EIF,Female,Capital Area,33,University,4,Other,Lee Jae-myung,Stronger real estate taxation,Pursue diplomacy based on national interest,Reflect national interest in nuclear policy,Flexible work hours,Consensus before anti-discrimination law,Other
R_4co10nlPtzvUoUe,Female,Yeongnam,33,University,7,Democratic Party,심상정,Major expansion of public housing,Balanced diplomacy between US and China,US tactical nukes and nuclear sharing if needed,Phase in 4.5-day workweek,Prioritize social harmony,Other
R_4dMXs91g5ZBjsRy,Female,Capital Area,55,University,5,Other,Lee Jae-myung,Reform of real estate policy,Early restart of economic cooperation with North Korea,Oppose nuclear weapons deployment,Phase in 4.5-day workweek,Consensus before anti-discrimination law,Other
R_4KxmeJbiXjdKVLt,Female,Capital Area,NA,University,5,Other,심상정,Major expansion of public housing,Pursue diplomacy based on national interest,US tactical nukes and nuclear sharing if needed,Flexible work hours,Quick enactment of anti-discrimination law,Conservative
R_4320gJyTA2b3SWZ,Female,Chungcheong-Honam,66,University,6,People Power Party,Yoon Suk-yeol,Major expansion of public housing,Pursue diplomacy based on national interest,Independent nuclear armament,Phase in 4.5-day workweek,Consensus before anti-discrimination law,Conservative
R_4FD4rA0ATFHRkeh,Female,Capital Area,55,High school,3,Democratic Party,Lee Jae-myung,Reduced real estate tax burden,Pursue diplomacy based on national interest,Independent nuclear armament,Phase in 4.5-day workweek,Consensus before anti-discrimination law,Progressive
R_4aOOCM7p5H726M9,Female,Capital Area,31,Junior college,5,Other,Yoon Suk-yeol,Reduced real estate tax burden,Balanced diplomacy between US and China,Reflect national interest in nuclear policy,Flexible work hours,Prioritize social harmony,Conservative
R_4V3bXAn8BW9oJCN,Female,Capital Area,32,University,8,People Power Party,Yoon Suk-yeol,Reduced real estate tax burden,Emphasize ROK-US alliance,Oppose nuclear weapons deployment,Phase in 4.5-day workweek,Prioritize social harmony,Conservative
R_4Rw3Uu68kq3mYUo,Female,Chungcheong-Honam,32,High school,5,Democratic Party,Lee Jae-myung,Major expansion of public housing,Pursue diplomacy based on national interest,Reflect national interest in nuclear policy,Phase in 4.5-day workweek,Prioritize social harmony,Progressive
R_4nx5DDpH9a1724F,Female,Chungcheong-Honam,27,University,5,Democratic Party,Lee Jae-myung,Reduced real estate tax burden,Pursue diplomacy based on national interest,US tactical nukes and nuclear sharing if needed,Flexible work hours,Prioritize social harmony,Conservative
R_4m50UWoOn019kp3,Female,Yeongnam,32,Graduate school,7,Other,다른 후보,Reform of real estate policy,Pursue diplomacy based on national interest,Independent nuclear armament,Phase in 4.5-day workweek,Prioritize social harmony,Progressive
R_4gGrDVvytdxZ0nD,Female,Capital Area,32,Graduate school,7,Other,Yoon Suk-yeol,Reform of real estate policy,Pursue diplomacy based on national interest,US tactical nukes and nuclear sharing if needed,Promote harmony in labor relations,Consensus before anti-discrimination law,Conservative
R_4anb2j9qiDZKSgF,Female,Capital Area,56,High school,1,Democratic Party,Lee Jae-myung,Reform of real estate policy,Balanced diplomacy between US and China,Reflect national interest in nuclear policy,Implement universal job guarantee,Consensus before anti-discrimination law,Progressive
R_4fVJ4n86SXCLKQF,Female,Capital Area,56,High school,7,People Power Party,Yoon Suk-yeol,Reduced real estate tax burden,Pursue diplomacy based on national interest,Independent nuclear armament,Flexible work hours,Consensus before anti-discrimination law,Conservative
R_42nrQE8737sUmUR,Female,Capital Area,29,University,5,Other,심상정,Reform of real estate policy,Balanced diplomacy between US and China,Reflect national interest in nuclear policy,Flexible work hours,Prioritize social harmony,Progressive
R_4BzK2T1zQG8I3jB,Female,Capital Area,29,University,3,Other,Yoon Suk-yeol,Stronger real estate taxation,Pursue diplomacy based on national interest,Reflect national interest in nuclear policy,Phase in 4.5-day workweek,Quick enactment of anti-discrimination law,Other
R_4zmEHjIRKhsXvtT,Female,Capital Area,27,University,1,Other,Yoon Suk-yeol,Stronger real estate taxation,Early restart of economic cooperation with North Korea,Independent nuclear armament,Phase in 4.5-day workweek,Quick enactment of anti-discrimination law,Progressive
R_4NOt7OvgYemhtg9,Female,Capital Area,NA,High school,5,Other,Lee Jae-myung,Reform of real estate policy,Emphasize ROK-US alliance,US tactical nukes and nuclear sharing if needed,Phase in 4.5-day workweek,Consensus before anti-discrimination law,Conservative
R_4Cyx2S5zpF0PJuP,Female,Capital Area,33,Graduate school,5,Democratic Party,Did not vote,Reform of real estate policy,Balanced diplomacy between US and China,Reflect national interest in nuclear policy,Flexible work hours,Consensus before anti-discrimination law,Conservative
R_4ndsqVvz5TL4cN2,Female,Yeongnam,33,Graduate school,4,People Power Party,Yoon Suk-yeol,Reform of real estate policy,Pursue diplomacy based on national interest,Reflect national interest in nuclear policy,Promote harmony in labor relations,Consensus before anti-discrimination law,Conservative
R_4fx7igljtepaHrE,Female,Capital Area,27,University,1,Other,Did not vote,Stronger real estate taxation,Balanced diplomacy between US and China,Independent nuclear armament,Promote harmony in labor relations,Prioritize social harmony,Conservative
R_441UpazULWO2rgd,Female,Yeongnam,23,High school,6,Other,Lee Jae-myung,Reduced real estate tax burden,Early restart of economic cooperation with North Korea,Independent nuclear armament,Implement universal job guarantee,Prioritize social harmony,Progressive
R_4w4vyYVFarGA05n,Female,Yeongnam,26,Junior college,4,Green Justice Party,Lee Jae-myung,Major expansion of public housing,Early restart of economic cooperation with North Korea,Oppose nuclear weapons deployment,Promote harmony in labor relations,Prioritize social harmony,Progressive
R_4kHLG7fZA7MkvzZ,Female,Capital Area,63,Graduate school,5,Other,Did not vote,Major expansion of public housing,Pursue diplomacy based on national interest,Reflect national interest in nuclear policy,Phase in 4.5-day workweek,Prioritize social harmony,Progressive
R_4lcUrnOpzSJo3KV,Female,Chungcheong-Honam,29,Graduate school,6,Green Justice Party,Yoon Suk-yeol,Major expansion of public housing,Emphasize ROK-US alliance,US tactical nukes and nuclear sharing if needed,Flexible work hours,Quick enactment of anti-discrimination law,Progressive
R_44jvRk3PYKNRFrf,Female,Capital Area,32,University,5,Democratic Party,Lee Jae-myung,Major expansion of public housing,Emphasize ROK-US alliance,Reflect national interest in nuclear policy,Phase in 4.5-day workweek,Oppose comprehensive anti-discrimination law,Progressive
R_4jSyWwsfmTak85E,Female,Capital Area,27,University,2,Democratic Party,Lee Jae-myung,Reduced real estate tax burden,Emphasize ROK-US alliance,Oppose nuclear weapons deployment,Phase in 4.5-day workweek,Oppose comprehensive anti-discrimination law,Progressive
R_41EKDOKUyFWcwmd,Female,Chungcheong-Honam,22,University,8,Green Justice Party,다른 후보,Reform of real estate policy,Emphasize ROK-US alliance,Reflect national interest in nuclear policy,Phase in 4.5-day workweek,Consensus before anti-discrimination law,Progressive
R_45Xz3Bnmzh8OLtL,Female,Yeongnam,18,University,5,Other,Did not vote,Major expansion of public housing,Emphasize ROK-US alliance,Oppose nuclear weapons deployment,Flexible work hours,Oppose comprehensive anti-discrimination law,Other
R_4wMudtNqy3msKlj,Female,Capital Area,28,University,5,Green Justice Party,심상정,Reduced real estate tax burden,Balanced diplomacy between US and China,US tactical nukes and nuclear sharing if needed,Phase in 4.5-day workweek,Quick enactment of anti-discrimination law,Other
R_4SSj5u00RnG76rn,Female,Capital Area,28,University,5,Other,다른 후보,Reform of real estate policy,Pursue diplomacy based on national interest,US tactical nukes and nuclear sharing if needed,Phase in 4.5-day workweek,Prioritize social harmony,Conservative
R_4PRVVKTtkTs3qfz,Female,Chungcheong-Honam,34,Junior college,5,People Power Party,Yoon Suk-yeol,Reform of real estate policy,Emphasize ROK-US alliance,US tactical nukes and nuclear sharing if needed,Implement universal job guarantee,Quick enactment of anti-discrimination law,Conservative
R_4h0cqWs9spjnXD5,Female,Chungcheong-Honam,28,University,5,Democratic Party,Did not vote,Reduced real estate tax burden,Pursue diplomacy based on national interest,Reflect national interest in nuclear policy,Phase in 4.5-day workweek,Quick enactment of anti-discrimination law,Progressive
R_4db0jzDRQg4u9Df,Female,Yeongnam,25,University,5,Democratic Party,Lee Jae-myung,Reform of real estate policy,Balanced diplomacy between US and China,Reflect national interest in nuclear policy,Implement universal job guarantee,Oppose comprehensive anti-discrimination law,Progressive
R_4k2Q5bgXtEByVj3,Female,Yeongnam,30,University,5,Other,Lee Jae-myung,Major expansion of public housing,Pursue diplomacy based on national interest,US tactical nukes and nuclear sharing if needed,Implement universal job guarantee,Consensus before anti-discrimination law,Other
R_4rYsg0PCbSclS2l,Female,Capital Area,18,High school,3,Other,Could not vote,Major expansion of public housing,Balanced diplomacy between US and China,US tactical nukes and nuclear sharing if needed,Phase in 4.5-day workweek,Consensus before anti-discrimination law,Other
R_44o381rArKyg1od,Female,Capital Area,22,University,5,Other,Did not vote,Reform of real estate policy,Balanced diplomacy between US and China,Independent nuclear armament,Phase in 4.5-day workweek,Prioritize social harmony,Conservative
R_41nDuuekh2bAh2B,Female,Capital Area,32,University,5,People Power Party,Yoon Suk-yeol,Major expansion of public housing,Emphasize ROK-US alliance,Reflect national interest in nuclear policy,Phase in 4.5-day workweek,Consensus before anti-discrimination law,Conservative
R_4Ph6l7wOhYAZ0Yn,Female,Capital Area,24,Junior college,3,Other,Did not vote,Reduced real estate tax burden,Pursue diplomacy based on national interest,US tactical nukes and nuclear sharing if needed,Phase in 4.5-day workweek,Oppose comprehensive anti-discrimination law,Other
R_411FNwdeNfOQRs1,Female,Capital Area,20,University,5,Democratic Party,Lee Jae-myung,Reform of real estate policy,Pursue diplomacy based on national interest,Reflect national interest in nuclear policy,Flexible work hours,Consensus before anti-discrimination law,Progressive
R_41v6qxqknliqbq9,Female,Capital Area,30,University,3,Democratic Party,Lee Jae-myung,Major expansion of public housing,Balanced diplomacy between US and China,Oppose nuclear weapons deployment,Phase in 4.5-day workweek,Quick enactment of anti-discrimination law,Progressive
R_4et4FmIMiP7BmUc,Female,Yeongnam,20,University,5,Other,Could not vote,Reduced real estate tax burden,Pursue diplomacy based on national interest,US tactical nukes and nuclear sharing if needed,Implement universal job guarantee,Quick enactment of anti-discrimination law,Other
R_4TnsPvi89U8ZigP,Female,Yeongnam,23,University,5,Democratic Party,Lee Jae-myung,Reform of real estate policy,Balanced diplomacy between US and China,Reflect national interest in nuclear policy,Flexible work hours,Consensus before anti-discrimination law,Progressive
R_4fiImcqlfnFMIgH,Female,Capital Area,29,University,5,Democratic Party,Lee Jae-myung,Reform of real estate policy,Pursue diplomacy based on national interest,US tactical nukes and nuclear sharing if needed,Flexible work hours,Consensus before anti-discrimination law,Progressive
R_4QhjwasHIFabjLH,Female,Capital Area,28,University,3,Democratic Party,심상정,Reduced real estate tax burden,Emphasize ROK-US alliance,US tactical nukes and nuclear sharing if needed,Flexible work hours,Quick enactment of anti-discrimination law,Progressive
R_43r0EPoeCXhfMml,Female,Capital Area,32,University,10,Democratic Party,Lee Jae-myung,Reform of real estate policy,Emphasize ROK-US alliance,Independent nuclear armament,Promote harmony in labor relations,Quick enactment of anti-discrimination law,Progressive
R_4Kx0s9g0j9o3WTq,Female,Yeongnam,33,University,5,Other,Did not vote,Reform of real estate policy,Pursue diplomacy based on national interest,Reflect national interest in nuclear policy,Promote harmony in labor relations,Consensus before anti-discrimination law,Conservative
R_49XO55JcRYAn5pn,Female,Capital Area,32,Graduate school,4,Other,Lee Jae-myung,Reduced real estate tax burden,Pursue diplomacy based on national interest,Reflect national interest in nuclear policy,Phase in 4.5-day workweek,Consensus before anti-discrimination law,Conservative
R_4rYxSrpkWPaR8wq,Female,Capital Area,23,University,4,Democratic Party,Lee Jae-myung,Stronger real estate taxation,Pursue diplomacy based on national interest,Oppose nuclear weapons deployment,Promote harmony in labor relations,Quick enactment of anti-discrimination law,Progressive
R_49g1o1TP16sEjIy,Female,Yeongnam,28,University,4,Democratic Party,Lee Jae-myung,Reduced real estate tax burden,Pursue diplomacy based on national interest,Independent nuclear armament,Phase in 4.5-day workweek,Oppose comprehensive anti-discrimination law,Progressive
R_4X4o8IyqJzMbQXd,Female,Chungcheong-Honam,66,University,5,Other,Lee Jae-myung,Reform of real estate policy,Pursue diplomacy based on national interest,Independent nuclear armament,Promote harmony in labor relations,Oppose comprehensive anti-discrimination law,Other
R_42nngxCl1RbGlck,Male,Capital Area,75,High school,5,People Power Party,Yoon Suk-yeol,Stronger real estate taxation,Pursue diplomacy based on national interest,Reflect national interest in nuclear policy,Flexible work hours,Prioritize social harmony,Conservative
R_4tsVg69zptJDHBr,Female,Capital Area,55,Graduate school,6,Other,Did not vote,Reduced real estate tax burden,Balanced diplomacy between US and China,Reflect national interest in nuclear policy,Phase in 4.5-day workweek,Consensus before anti-discrimination law,Progressive
R_4NDrc9E7tpjBLUe,Female,Capital Area,56,University,1,Democratic Party,Lee Jae-myung,Reform of real estate policy,Emphasize ROK-US alliance,Reflect national interest in nuclear policy,Promote harmony in labor relations,Prioritize social harmony,Progressive
R_4cznh7fQOtfI7xk,Male,Capital Area,55,University,7,People Power Party,Yoon Suk-yeol,Reform of real estate policy,Emphasize ROK-US alliance,Independent nuclear armament,Implement universal job guarantee,Oppose comprehensive anti-discrimination law,Conservative
R_41cwd6ERWoa3xcL,Female,Capital Area,65,University,9,People Power Party,Yoon Suk-yeol,Reduced real estate tax burden,Emphasize ROK-US alliance,US tactical nukes and nuclear sharing if needed,Flexible work hours,Consensus before anti-discrimination law,Progressive
R_4XoAZ78U5urMPhK,Female,Capital Area,69,Junior college,6,People Power Party,Yoon Suk-yeol,Reform of real estate policy,Balanced diplomacy between US and China,Oppose nuclear weapons deployment,Phase in 4.5-day workweek,Prioritize social harmony,Conservative
R_4ojtJQyo8GORsS4,Male,Capital Area,72,Junior college,4,Democratic Party,Lee Jae-myung,Reform of real estate policy,Balanced diplomacy between US and China,Independent nuclear armament,Flexible work hours,Prioritize social harmony,Progressive
R_449nDVqVHFj5R6h,Male,Capital Area,56,University,3,Democratic Party,Lee Jae-myung,Major expansion of public housing,Balanced diplomacy between US and China,US tactical nukes and nuclear sharing if needed,Flexible work hours,Consensus before anti-discrimination law,Progressive
R_4M5IAW9BYKAsY1P,Female,Capital Area,59,High school,5,Other,다른 후보,Stronger real estate taxation,Early restart of economic cooperation with North Korea,Oppose nuclear weapons deployment,Implement universal job guarantee,Consensus before anti-discrimination law,Other
R_4mDfctnxPvfyEBI,Male,Chungcheong-Honam,63,University,4,Democratic Party,Yoon Suk-yeol,Major expansion of public housing,Emphasize ROK-US alliance,Oppose nuclear weapons deployment,Phase in 4.5-day workweek,Oppose comprehensive anti-discrimination law,Progressive
R_4u8rTQhTOx3fKBX,Male,Capital Area,57,Graduate school,5,People Power Party,Yoon Suk-yeol,Major expansion of public housing,Emphasize ROK-US alliance,Reflect national interest in nuclear policy,Phase in 4.5-day workweek,Quick enactment of anti-discrimination law,Progressive
R_4ZTsUawFGYdqRYS,Female,Chungcheong-Honam,58,Graduate school,4,Other,Did not vote,Major expansion of public housing,Pursue diplomacy based on national interest,Reflect national interest in nuclear policy,Implement universal job guarantee,Prioritize social harmony,Progressive
R_4XjKwTNWdUQfm8N,Female,Capital Area,59,University,5,People Power Party,Yoon Suk-yeol,Stronger real estate taxation,Pursue diplomacy based on national interest,US tactical nukes and nuclear sharing if needed,Implement universal job guarantee,Prioritize social harmony,Conservative
R_4QmLlp8xZLmdL9e,Male,Capital Area,56,Junior college,5,People Power Party,Yoon Suk-yeol,Reform of real estate policy,Pursue diplomacy based on national interest,Independent nuclear armament,Implement universal job guarantee,Prioritize social harmony,Conservative
R_4LdVOnDAY7gcQJN,Female,Capital Area,62,Graduate school,3,Democratic Party,Lee Jae-myung,Reduced real estate tax burden,Pursue diplomacy based on national interest,Independent nuclear armament,Flexible work hours,Oppose comprehensive anti-discrimination law,Progressive
R_4hymbDOKhYmblSb,Female,Capital Area,62,High school,7,Other,Yoon Suk-yeol,Reform of real estate policy,Pursue diplomacy based on national interest,Independent nuclear armament,Promote harmony in labor relations,Quick enactment of anti-discrimination law,Other
R_4H2hPVqrbf24xTC,Male,Capital Area,67,Graduate school,9,People Power Party,Yoon Suk-yeol,Reform of real estate policy,Emphasize ROK-US alliance,US tactical nukes and nuclear sharing if needed,Flexible work hours,Consensus before anti-discrimination law,Conservative
R_4AWpcr3jzaJtJde,Female,Yeongnam,58,University,5,Democratic Party,Lee Jae-myung,Major expansion of public housing,Balanced diplomacy between US and China,Independent nuclear armament,Promote harmony in labor relations,Quick enactment of anti-discrimination law,Conservative
R_4ouu19vVBAx6P5W,Female,Capital Area,59,University,4,Other,Yoon Suk-yeol,Reduced real estate tax burden,Pursue diplomacy based on national interest,Independent nuclear armament,Phase in 4.5-day workweek,Consensus before anti-discrimination law,Other
R_4IcnyPMm7nJipHI,Male,Capital Area,57,Junior college,4,Democratic Party,Lee Jae-myung,Major expansion of public housing,Balanced diplomacy between US and China,US tactical nukes and nuclear sharing if needed,Phase in 4.5-day workweek,Quick enactment of anti-discrimination law,Progressive
R_4f07ydfkhCRlkoV,Male,Capital Area,65,High school,9,People Power Party,Yoon Suk-yeol,Reduced real estate tax burden,Emphasize ROK-US alliance,Independent nuclear armament,Flexible work hours,Oppose comprehensive anti-discrimination law,Conservative
R_4y8B6vY8c1GAEcy,Female,Capital Area,76,University,10,People Power Party,Yoon Suk-yeol,Reduced real estate tax burden,Pursue diplomacy based on national interest,US tactical nukes and nuclear sharing if needed,Implement universal job guarantee,Oppose comprehensive anti-discrimination law,Conservative
R_4rkA67t4FVue1ei,Female,Chungcheong-Honam,58,Graduate school,6,Democratic Party,심상정,Reform of real estate policy,Early restart of economic cooperation with North Korea,Reflect national interest in nuclear policy,Phase in 4.5-day workweek,Consensus before anti-discrimination law,Progressive
R_4R3op9sctsma3TT,Male,Yeongnam,60,University,6,Democratic Party,Lee Jae-myung,Major expansion of public housing,Pursue diplomacy based on national interest,Reflect national interest in nuclear policy,Implement universal job guarantee,Quick enactment of anti-discrimination law,Progressive
R_4DJJkm2ZBp4ggk9,Male,Capital Area,57,High school,2,Democratic Party,Lee Jae-myung,Major expansion of public housing,Emphasize ROK-US alliance,Independent nuclear armament,Phase in 4.5-day workweek,Oppose comprehensive anti-discrimination law,Progressive
R_4MK9LZJwn31CbvZ,Male,Capital Area,59,University,5,Green Justice Party,심상정,Reform of real estate policy,Pursue diplomacy based on national interest,Independent nuclear armament,Promote harmony in labor relations,Consensus before anti-discrimination law,Progressive
R_47Tkuw86F0TfDnr,Male,Chungcheong-Honam,67,University,6,People Power Party,Yoon Suk-yeol,Stronger real estate taxation,Pursue diplomacy based on national interest,Independent nuclear armament,Flexible work hours,Consensus before anti-discrimination law,Conservative
R_4W5w5skFcMpIcnf,Male,Yeongnam,74,University,7,People Power Party,Yoon Suk-yeol,Reduced real estate tax burden,Pursue diplomacy based on national interest,Independent nuclear armament,Flexible work hours,Prioritize social harmony,Conservative
R_4rIUX7IxzlOOeJL,Female,Capital Area,62,Junior college,6,People Power Party,Yoon Suk-yeol,Reform of real estate policy,Pursue diplomacy based on national interest,Reflect national interest in nuclear policy,Promote harmony in labor relations,Prioritize social harmony,Conservative
R_4w4gWvU3HeIcGo4,Female,Capital Area,65,University,9,People Power Party,Yoon Suk-yeol,Reduced real estate tax burden,Pursue diplomacy based on national interest,Oppose nuclear weapons deployment,Phase in 4.5-day workweek,Quick enactment of anti-discrimination law,Conservative
R_4g6IraY1qRnM7p7,Female,Capital Area,67,University,8,People Power Party,Did not vote,Reduced real estate tax burden,Pursue diplomacy based on national interest,Reflect national interest in nuclear policy,Flexible work hours,Oppose comprehensive anti-discrimination law,Conservative
R_4ifihq1X502XZaC,Female,Yeongnam,25,Junior college,7,Democratic Party,Yoon Suk-yeol,Major expansion of public housing,Pursue diplomacy based on national interest,Oppose nuclear weapons deployment,Implement universal job guarantee,Consensus before anti-discrimination law,Progressive
R_4wnEL6vqlTel3od,Female,Capital Area,60,High school,4,Democratic Party,Lee Jae-myung,Major expansion of public housing,Pursue diplomacy based on national interest,Reflect national interest in nuclear policy,Promote harmony in labor relations,Consensus before anti-discrimination law,Progressive
R_4MYKqMyqfuOZFDP,Female,Capital Area,56,University,2,Democratic Party,Lee Jae-myung,Reform of real estate policy,Balanced diplomacy between US and China,Reflect national interest in nuclear policy,Flexible work hours,Quick enactment of anti-discrimination law,Progressive
R_41TSUuSxrdGD9lz,Female,Capital Area,34,High school,5,People Power Party,Lee Jae-myung,Major expansion of public housing,Emphasize ROK-US alliance,US tactical nukes and nuclear sharing if needed,Phase in 4.5-day workweek,Quick enactment of anti-discrimination law,Progressive
R_4qHPAlEuStf0eXL,Female,Yeongnam,72,High school,5,Democratic Party,Did not vote,Major expansion of public housing,Pursue diplomacy based on national interest,Oppose nuclear weapons deployment,Implement universal job guarantee,Oppose comprehensive anti-discrimination law,Progressive
R_42EFDFUN1zG6r2w,Female,Capital Area,31,University,2,Other,Lee Jae-myung,Major expansion of public housing,Early restart of economic cooperation with North Korea,Oppose nuclear weapons deployment,Phase in 4.5-day workweek,Consensus before anti-discrimination law,Conservative
R_4Fm4R0CLkuir5Kk,Female,Chungcheong-Honam,24,Junior college,6,People Power Party,Yoon Suk-yeol,Stronger real estate taxation,Emphasize ROK-US alliance,US tactical nukes and nuclear sharing if needed,Phase in 4.5-day workweek,Oppose comprehensive anti-discrimination law,Conservative
R_4N1nG3YmOn3RyEx,Female,Capital Area,66,High school,5,Other,Yoon Suk-yeol,Reform of real estate policy,Early restart of economic cooperation with North Korea,Oppose nuclear weapons deployment,Implement universal job guarantee,Prioritize social harmony,Conservative
R_4YY5EX0zHrFz3JT,Female,Yeongnam,57,Graduate school,5,Democratic Party,Lee Jae-myung,Reform of real estate policy,Pursue diplomacy based on national interest,Independent nuclear armament,Phase in 4.5-day workweek,Consensus before anti-discrimination law,Progressive
R_4CCiSm6l8u4yJBt,Female,Yeongnam,33,Junior college,4,Democratic Party,Lee Jae-myung,Major expansion of public housing,Pursue diplomacy based on national interest,Reflect national interest in nuclear policy,Phase in 4.5-day workweek,Quick enactment of anti-discrimination law,Progressive
R_4ga9XNg6OindIzf,Female,Capital Area,55,University,5,Other,심상정,Reform of real estate policy,Pursue diplomacy based on national interest,Reflect national interest in nuclear policy,Implement universal job guarantee,Consensus before anti-discrimination law,Conservative
R_4irNi5LfepA6g37,Female,Yeongnam,69,High school,9,People Power Party,Yoon Suk-yeol,Stronger real estate taxation,Emphasize ROK-US alliance,Independent nuclear armament,Phase in 4.5-day workweek,Consensus before anti-discrimination law,Conservative
R_4nryuXWS4XqELUR,Female,Yeongnam,56,Graduate school,2,Democratic Party,Lee Jae-myung,Major expansion of public housing,Pursue diplomacy based on national interest,Reflect national interest in nuclear policy,Phase in 4.5-day workweek,Oppose comprehensive anti-discrimination law,Progressive
R_4zowJSBDOb3QnLb,Female,Capital Area,33,University,5,Other,Did not vote,Reform of real estate policy,Balanced diplomacy between US and China,US tactical nukes and nuclear sharing if needed,Implement universal job guarantee,Quick enactment of anti-discrimination law,Conservative
R_42Qs0ECl3fTtL1E,Female,Capital Area,50,University,5,Democratic Party,Lee Jae-myung,Reform of real estate policy,Balanced diplomacy between US and China,Reflect national interest in nuclear policy,Flexible work hours,Consensus before anti-discrimination law,Progressive
R_4Gb9S156WKwwPZL,Female,Capital Area,51,University,6,Democratic Party,Lee Jae-myung,Stronger real estate taxation,Balanced diplomacy between US and China,Oppose nuclear weapons deployment,Phase in 4.5-day workweek,Quick enactment of anti-discrimination law,Progressive
R_4Ub3FNitaGFStTr,Female,Yeongnam,52,Graduate school,8,People Power Party,Did not vote,Reform of real estate policy,Balanced diplomacy between US and China,US tactical nukes and nuclear sharing if needed,Promote harmony in labor relations,Quick enactment of anti-discrimination law,Conservative
R_4QrM0mY4GJwJ4gp,Female,Capital Area,47,Junior college,5,Democratic Party,Lee Jae-myung,Reduced real estate tax burden,Balanced diplomacy between US and China,US tactical nukes and nuclear sharing if needed,Flexible work hours,Oppose comprehensive anti-discrimination law,Progressive
R_4hnDOBksAuZOOJC,Female,Chungcheong-Honam,60,High school,5,People Power Party,Lee Jae-myung,Reform of real estate policy,Balanced diplomacy between US and China,Oppose nuclear weapons deployment,Phase in 4.5-day workweek,Consensus before anti-discrimination law,Conservative
R_4ydg013cdKaI8LP,Female,Chungcheong-Honam,53,High school,2,Democratic Party,Lee Jae-myung,Major expansion of public housing,Balanced diplomacy between US and China,US tactical nukes and nuclear sharing if needed,Promote harmony in labor relations,Consensus before anti-discrimination law,Progressive
R_4zinc3LOIps87gO,Female,Yeongnam,50,University,5,Other,Lee Jae-myung,Stronger real estate taxation,Pursue diplomacy based on national interest,Independent nuclear armament,Promote harmony in labor relations,Oppose comprehensive anti-discrimination law,Progressive
R_4PbFWv1AVFjY0Lf,Female,Capital Area,29,University,3,Other,Lee Jae-myung,Reform of real estate policy,Pursue diplomacy based on national interest,Reflect national interest in nuclear policy,Flexible work hours,Consensus before anti-discrimination law,Progressive
R_4F2Hddjwm6Pbcjb,Female,Yeongnam,22,High school,5,Other,Could not vote,Reduced real estate tax burden,Pursue diplomacy based on national interest,Independent nuclear armament,Promote harmony in labor relations,Consensus before anti-discrimination law,Progressive
R_4LhcRrXU8uWQj0z,Female,Capital Area,28,University,3,Other,Did not vote,Major expansion of public housing,Pursue diplomacy based on national interest,Oppose nuclear weapons deployment,Phase in 4.5-day workweek,Prioritize social harmony,Progressive
R_4EAmPRUKcY1ZNcJ,Female,Capital Area,28,High school,5,Democratic Party,Lee Jae-myung,Major expansion of public housing,Pursue diplomacy based on national interest,Oppose nuclear weapons deployment,Phase in 4.5-day workweek,Consensus before anti-discrimination law,Progressive
R_4kiVApq2yMAuAyI,Female,Capital Area,29,Junior college,5,Democratic Party,Lee Jae-myung,Major expansion of public housing,Balanced diplomacy between US and China,Reflect national interest in nuclear policy,Phase in 4.5-day workweek,Oppose comprehensive anti-discrimination law,Progressive
R_4JVKO3P5FgJFc7X,Female,Capital Area,22,University,5,Other,Lee Jae-myung,Major expansion of public housing,Pursue diplomacy based on national interest,Reflect national interest in nuclear policy,Flexible work hours,Quick enactment of anti-discrimination law,Progressive
R_4PvYEid8dUxcvzs,Female,Capital Area,25,Junior college,5,Other,Lee Jae-myung,Reform of real estate policy,Pursue diplomacy based on national interest,Reflect national interest in nuclear policy,Phase in 4.5-day workweek,Consensus before anti-discrimination law,Other
R_4X8mgHimw3d1uM1,Female,Capital Area,22,University,5,Other,Yoon Suk-yeol,Reform of real estate policy,Pursue diplomacy based on national interest,Reflect national interest in nuclear policy,Flexible work hours,Prioritize social harmony,Progressive
R_4hXvikGXLlNWpj3,Female,Capital Area,27,University,4,Democratic Party,Lee Jae-myung,Major expansion of public housing,Pursue diplomacy based on national interest,Reflect national interest in nuclear policy,Implement universal job guarantee,Consensus before anti-discrimination law,Progressive
R_4QYocH9wvjg6BMt,Female,Capital Area,31,University,4,Green Justice Party,심상정,Reduced real estate tax burden,Pursue diplomacy based on national interest,Reflect national interest in nuclear policy,Implement universal job guarantee,Quick enactment of anti-discrimination law,Progressive
R_4ZfTyO8nN6pniql,Female,Capital Area,25,University,3,Democratic Party,Lee Jae-myung,Reduced real estate tax burden,Pursue diplomacy based on national interest,Reflect national interest in nuclear policy,Implement universal job guarantee,Quick enactment of anti-discrimination law,Conservative
R_4rP0evohAPUCdZn,Female,Yeongnam,26,High school,4,Democratic Party,Lee Jae-myung,Reform of real estate policy,Balanced diplomacy between US and China,US tactical nukes and nuclear sharing if needed,Phase in 4.5-day workweek,Consensus before anti-discrimination law,Progressive
R_4atLtgQcQynD7od,Female,Capital Area,29,High school,5,Democratic Party,Did not vote,Major expansion of public housing,Emphasize ROK-US alliance,Reflect national interest in nuclear policy,Phase in 4.5-day workweek,Consensus before anti-discrimination law,Progressive
R_4Vrw0y9A8M7IJxD,Female,Capital Area,24,High school,3,Other,Lee Jae-myung,Major expansion of public housing,Pursue diplomacy based on national interest,Reflect national interest in nuclear policy,Phase in 4.5-day workweek,Consensus before anti-discrimination law,Other
R_4tA2qhpSbCrOr0r,Female,Capital Area,29,High school,7,Other,Lee Jae-myung,Reduced real estate tax burden,Balanced diplomacy between US and China,Reflect national interest in nuclear policy,Flexible work hours,Prioritize social harmony,Conservative
R_41j6HVA7g7k6BWt,Female,Yeongnam,30,University,4,Other,Lee Jae-myung,Stronger real estate taxation,Early restart of economic cooperation with North Korea,US tactical nukes and nuclear sharing if needed,Phase in 4.5-day workweek,Quick enactment of anti-discrimination law,Progressive
R_4rV1Kxb0MPPUYTL,Female,Chungcheong-Honam,24,High school,5,Other,Did not vote,Major expansion of public housing,Balanced diplomacy between US and China,Oppose nuclear weapons deployment,Implement universal job guarantee,Consensus before anti-discrimination law,Progressive
R_4sjNqX1hMAGPRUX,Female,Chungcheong-Honam,58,Graduate school,4,Democratic Party,심상정,Reform of real estate policy,Early restart of economic cooperation with North Korea,Reflect national interest in nuclear policy,Promote harmony in labor relations,Consensus before anti-discrimination law,Progressive
R_4HjDILrOyhIwQpk,Female,Capital Area,21,High school,5,Other,Did not vote,Major expansion of public housing,Balanced diplomacy between US and China,US tactical nukes and nuclear sharing if needed,Phase in 4.5-day workweek,Quick enactment of anti-discrimination law,Other
R_4MULARUwDIDjx7P,Female,Capital Area,56,University,5,Democratic Party,Lee Jae-myung,Reform of real estate policy,Pursue diplomacy based on national interest,Reflect national interest in nuclear policy,Promote harmony in labor relations,Prioritize social harmony,Progressive
R_4mxslWcCgJfed9i,Female,Capital Area,65,University,3,Democratic Party,Lee Jae-myung,Major expansion of public housing,Emphasize ROK-US alliance,US tactical nukes and nuclear sharing if needed,Flexible work hours,Quick enactment of anti-discrimination law,Progressive
R_4DEofLl64m6rjH3,Female,Chungcheong-Honam,25,Graduate school,6,People Power Party,Lee Jae-myung,Major expansion of public housing,Balanced diplomacy between US and China,US tactical nukes and nuclear sharing if needed,Phase in 4.5-day workweek,Prioritize social harmony,Conservative
R_4aXfHgXVxv3WiQI,Female,Capital Area,28,Junior college,5,People Power Party,Yoon Suk-yeol,Reduced real estate tax burden,Balanced diplomacy between US and China,Independent nuclear armament,Phase in 4.5-day workweek,Consensus before anti-discrimination law,Conservative
R_4phWCE0u3uCS0TF,Female,Capital Area,23,High school,5,Democratic Party,Lee Jae-myung,Major expansion of public housing,Balanced diplomacy between US and China,Reflect national interest in nuclear policy,Implement universal job guarantee,Quick enactment of anti-discrimination law,Progressive
R_4TzWT24VOYqdAO1,Female,Capital Area,33,University,5,Democratic Party,Lee Jae-myung,Major expansion of public housing,Pursue diplomacy based on national interest,Reflect national interest in nuclear policy,Implement universal job guarantee,Prioritize social harmony,Progressive
R_4sEoeMWKEcoxKjT,Female,Capital Area,25,University,5,Democratic Party,Lee Jae-myung,Reform of real estate policy,Pursue diplomacy based on national interest,Oppose nuclear weapons deployment,Implement universal job guarantee,Prioritize social harmony,Progressive
R_4I5T34XGqMIquTi,Female,Capital Area,27,High school,3,Democratic Party,Lee Jae-myung,Major expansion of public housing,Emphasize ROK-US alliance,Reflect national interest in nuclear policy,Implement universal job guarantee,Quick enactment of anti-discrimination law,Progressive
R_4PpqDKyWpWwSOAp,Female,Capital Area,23,University,5,Other,Did not vote,Reduced real estate tax burden,Balanced diplomacy between US and China,Reflect national interest in nuclear policy,Flexible work hours,Prioritize social harmony,Conservative
R_4iJq6hzX5R4pFvq,Female,Capital Area,59,University,3,Democratic Party,Lee Jae-myung,Major expansion of public housing,Pursue diplomacy based on national interest,Independent nuclear armament,Promote harmony in labor relations,Consensus before anti-discrimination law,Progressive
R_4P6i9FzSvcuiOY1,Female,Capital Area,31,Graduate school,8,People Power Party,Yoon Suk-yeol,Reform of real estate policy,Emphasize ROK-US alliance,US tactical nukes and nuclear sharing if needed,Flexible work hours,Consensus before anti-discrimination law,Conservative
R_41aXaxpxwpuHM2E,Female,Capital Area,27,University,4,Democratic Party,Lee Jae-myung,Reform of real estate policy,Pursue diplomacy based on national interest,Reflect national interest in nuclear policy,Flexible work hours,Prioritize social harmony,Progressive
R_4OTY0ql3ekGRk77,Female,Capital Area,32,University,5,Other,Lee Jae-myung,Reform of real estate policy,Pursue diplomacy based on national interest,Reflect national interest in nuclear policy,Implement universal job guarantee,Oppose comprehensive anti-discrimination law,Other
R_4turiOVO7DVGY9u,Female,Capital Area,27,Graduate school,4,Green Justice Party,Yoon Suk-yeol,Reform of real estate policy,Early restart of economic cooperation with North Korea,Oppose nuclear weapons deployment,Phase in 4.5-day workweek,Prioritize social harmony,Progressive
R_437nFB2IXi5TFAd,Female,Capital Area,19,High school,5,Democratic Party,Lee Jae-myung,Stronger real estate taxation,Pursue diplomacy based on national interest,Oppose nuclear weapons deployment,Flexible work hours,Oppose comprehensive anti-discrimination law,Progressive
R_4xxULzX6DGY3BCG,Female,Capital Area,57,University,5,Other,Yoon Suk-yeol,Stronger real estate taxation,Emphasize ROK-US alliance,Oppose nuclear weapons deployment,Flexible work hours,Prioritize social harmony,Other
R_4SjilqrqM0YjMvn,Female,Capital Area,26,High school,7,People Power Party,심상정,Stronger real estate taxation,Emphasize ROK-US alliance,Reflect national interest in nuclear policy,Phase in 4.5-day workweek,Prioritize social harmony,Conservative
R_4Q4VjJr0Bc6jE1r,Female,Yeongnam,30,University,8,Other,Yoon Suk-yeol,Reform of real estate policy,Pursue diplomacy based on national interest,Reflect national interest in nuclear policy,Implement universal job guarantee,Prioritize social harmony,Conservative
R_4D8ozenPjc8fLUf,Female,Chungcheong-Honam,57,University,6,People Power Party,Yoon Suk-yeol,Stronger real estate taxation,Balanced diplomacy between US and China,US tactical nukes and nuclear sharing if needed,Flexible work hours,Consensus before anti-discrimination law,Progressive
R_45Vlqsd4nvxtpp7,Female,Capital Area,29,Junior college,5,Other,Lee Jae-myung,Reform of real estate policy,Pursue diplomacy based on national interest,US tactical nukes and nuclear sharing if needed,Phase in 4.5-day workweek,Quick enactment of anti-discrimination law,Conservative
R_42F99zXMWo5bYMz,Female,Capital Area,34,University,4,Democratic Party,Did not vote,Stronger real estate taxation,Balanced diplomacy between US and China,Reflect national interest in nuclear policy,Implement universal job guarantee,Consensus before anti-discrimination law,Conservative
R_4MUPORbgU6qsT6N,Female,Capital Area,26,University,5,Other,심상정,Reform of real estate policy,Pursue diplomacy based on national interest,Reflect national interest in nuclear policy,Promote harmony in labor relations,Prioritize social harmony,Conservative
R_4sD1F6TfDgGBMoV,Female,Capital Area,31,University,4,Other,Lee Jae-myung,Stronger real estate taxation,Pursue diplomacy based on national interest,Oppose nuclear weapons deployment,Phase in 4.5-day workweek,Prioritize social harmony,Progressive
R_4h8Cbiey2WlvL4R,Female,Chungcheong-Honam,62,University,9,People Power Party,Yoon Suk-yeol,Major expansion of public housing,Emphasize ROK-US alliance,US tactical nukes and nuclear sharing if needed,Promote harmony in labor relations,Oppose comprehensive anti-discrimination law,Conservative
R_4ojyp9NCbCD20u3,Female,Yeongnam,57,Graduate school,4,Democratic Party,Lee Jae-myung,Major expansion of public housing,Balanced diplomacy between US and China,Reflect national interest in nuclear policy,Phase in 4.5-day workweek,Quick enactment of anti-discrimination law,Progressive
R_4irMNPhjg3Ffd1d,Female,Yeongnam,55,University,6,People Power Party,다른 후보,Major expansion of public housing,Pursue diplomacy based on national interest,Reflect national interest in nuclear policy,Phase in 4.5-day workweek,Consensus before anti-discrimination law,Conservative
R_41G7vq7P735aROO,Female,Chungcheong-Honam,61,University,4,Other,Lee Jae-myung,Major expansion of public housing,Pursue diplomacy based on national interest,Oppose nuclear weapons deployment,Implement universal job guarantee,Consensus before anti-discrimination law,Progressive
R_4mrSTBLfWG9i3CP,Female,Chungcheong-Honam,28,High school,5,Other,Did not vote,Reduced real estate tax burden,Pursue diplomacy based on national interest,Reflect national interest in nuclear policy,Flexible work hours,Prioritize social harmony,Other
R_4DJ32LS5AfWjbk3,Female,Capital Area,83,University,7,Other,Yoon Suk-yeol,Major expansion of public housing,Pursue diplomacy based on national interest,Reflect national interest in nuclear policy,Implement universal job guarantee,Prioritize social harmony,Progressive
R_4VPWEnWEk8mJL4Z,Female,Chungcheong-Honam,66,High school,7,People Power Party,Yoon Suk-yeol,Major expansion of public housing,Pursue diplomacy based on national interest,Reflect national interest in nuclear policy,Implement universal job guarantee,Oppose comprehensive anti-discrimination law,Conservative
R_4eRkuuvCmMy974l,Female,Capital Area,65,High school,4,Democratic Party,Yoon Suk-yeol,Stronger real estate taxation,Emphasize ROK-US alliance,Independent nuclear armament,Implement universal job guarantee,Consensus before anti-discrimination law,Progressive
R_4mSFjxNFXZ4L5VT,Female,Capital Area,65,University,5,Other,Yoon Suk-yeol,Major expansion of public housing,Pursue diplomacy based on national interest,Reflect national interest in nuclear policy,Phase in 4.5-day workweek,Quick enactment of anti-discrimination law,Other
R_4nwkEQ2212dKh0A,Female,Capital Area,61,University,5,Other,Lee Jae-myung,Reform of real estate policy,Pursue diplomacy based on national interest,Reflect national interest in nuclear policy,Implement universal job guarantee,Quick enactment of anti-discrimination law,Progressive
R_4JzueIHImtU4XPo,Female,Capital Area,26,University,3,People Power Party,Lee Jae-myung,Stronger real estate taxation,Early restart of economic cooperation with North Korea,Reflect national interest in nuclear policy,Flexible work hours,Prioritize social harmony,Conservative
R_42m2QB5t5F3PCyD,Female,Capital Area,27,University,5,Other,Did not vote,Major expansion of public housing,Balanced diplomacy between US and China,Oppose nuclear weapons deployment,Phase in 4.5-day workweek,Consensus before anti-discrimination law,Other
R_4PXp6guzgiLl2da,Female,Yeongnam,57,Graduate school,5,Democratic Party,Lee Jae-myung,Reduced real estate tax burden,Pursue diplomacy based on national interest,Independent nuclear armament,Phase in 4.5-day workweek,Consensus before anti-discrimination law,Progressive
R_41zyYpCZlsEjBIp,Female,Capital Area,25,University,7,Democratic Party,Lee Jae-myung,Major expansion of public housing,Balanced diplomacy between US and China,Oppose nuclear weapons deployment,Flexible work hours,Prioritize social harmony,Conservative
R_4pKVmzN4peazte1,Female,Chungcheong-Honam,25,High school,5,Democratic Party,심상정,Reform of real estate policy,Early restart of economic cooperation with North Korea,Reflect national interest in nuclear policy,Phase in 4.5-day workweek,Quick enactment of anti-discrimination law,Conservative
R_4pfBtRI8YTjcHwx,Female,Capital Area,23,University,7,Other,Lee Jae-myung,Reform of real estate policy,Emphasize ROK-US alliance,US tactical nukes and nuclear sharing if needed,Phase in 4.5-day workweek,Oppose comprehensive anti-discrimination law,Progressive
R_4wAHJALLYiUocRk,Female,Chungcheong-Honam,61,High school,5,Other,Lee Jae-myung,Major expansion of public housing,Balanced diplomacy between US and China,Independent nuclear armament,Implement universal job guarantee,Consensus before anti-discrimination law,Progressive
R_4WAOkc3buepebZY,Female,Capital Area,30,High school,3,Other,Lee Jae-myung,Reform of real estate policy,Pursue diplomacy based on national interest,US tactical nukes and nuclear sharing if needed,Flexible work hours,Consensus before anti-discrimination law,Other
R_4RQX5ylnGiIspst,Female,Capital Area,28,High school,7,People Power Party,Yoon Suk-yeol,Reform of real estate policy,Emphasize ROK-US alliance,Independent nuclear armament,Phase in 4.5-day workweek,Quick enactment of anti-discrimination law,Progressive
R_44MdKlNyfybeONE,Female,Yeongnam,25,Graduate school,7,Democratic Party,Lee Jae-myung,Stronger real estate taxation,Balanced diplomacy between US and China,Oppose nuclear weapons deployment,Promote harmony in labor relations,Oppose comprehensive anti-discrimination law,Progressive
R_4Wy2V3qa7F8KGK5,Female,Capital Area,30,University,3,Green Justice Party,Lee Jae-myung,Major expansion of public housing,Balanced diplomacy between US and China,Oppose nuclear weapons deployment,Implement universal job guarantee,Oppose comprehensive anti-discrimination law,Conservative
R_4vHcJprCPzxUaDT,Female,Yeongnam,23,High school,4,Democratic Party,Lee Jae-myung,Reform of real estate policy,Emphasize ROK-US alliance,US tactical nukes and nuclear sharing if needed,Implement universal job guarantee,Consensus before anti-discrimination law,Other
R_41cq0tMMbNRVsr9,Female,Chungcheong-Honam,30,University,3,Democratic Party,Lee Jae-myung,Reform of real estate policy,Balanced diplomacy between US and China,Oppose nuclear weapons deployment,Phase in 4.5-day workweek,Prioritize social harmony,Progressive
R_4I5lhEP537wHoXe,Female,Yeongnam,22,Junior college,7,People Power Party,Lee Jae-myung,Reduced real estate tax burden,Emphasize ROK-US alliance,US tactical nukes and nuclear sharing if needed,Implement universal job guarantee,Quick enactment of anti-discrimination law,Progressive
R_4QRaFXTehbBrP3b,Female,Yeongnam,24,University,7,Democratic Party,Lee Jae-myung,Reduced real estate tax burden,Balanced diplomacy between US and China,Oppose nuclear weapons deployment,Phase in 4.5-day workweek,Oppose comprehensive anti-discrimination law,Progressive
R_4aSegFm0vXEHsv7,Female,Capital Area,32,University,6,Democratic Party,Yoon Suk-yeol,Reduced real estate tax burden,Pursue diplomacy based on national interest,US tactical nukes and nuclear sharing if needed,Phase in 4.5-day workweek,Prioritize social harmony,Progressive
R_4i1XEE9h3bZiIWt,Female,Yeongnam,21,High school,4,Democratic Party,Lee Jae-myung,Stronger real estate taxation,Pursue diplomacy based on national interest,Reflect national interest in nuclear policy,Flexible work hours,Quick enactment of anti-discrimination law,Progressive
R_4YMivC9k2niewI9,Female,Yeongnam,26,University,2,Democratic Party,Lee Jae-myung,Major expansion of public housing,Pursue diplomacy based on national interest,Reflect national interest in nuclear policy,Phase in 4.5-day workweek,Quick enactment of anti-discrimination law,Other
R_4lFIuxxGdaQbnlD,Female,Capital Area,35,University,7,People Power Party,Lee Jae-myung,Reform of real estate policy,Balanced diplomacy between US and China,Reflect national interest in nuclear policy,Flexible work hours,Prioritize social harmony,Progressive
R_42QtDyejB9k2Thv,Female,Yeongnam,39,University,10,People Power Party,다른 후보,Major expansion of public housing,Pursue diplomacy based on national interest,Independent nuclear armament,Promote harmony in labor relations,Consensus before anti-discrimination law,Conservative
R_4qmzwSk1tdZx3Hz,Female,Yeongnam,32,University,5,Other,Yoon Suk-yeol,Major expansion of public housing,Balanced diplomacy between US and China,US tactical nukes and nuclear sharing if needed,Phase in 4.5-day workweek,Consensus before anti-discrimination law,Conservative
R_4eQHh8xS0YdJSCL,Female,Capital Area,21,High school,7,People Power Party,Yoon Suk-yeol,Stronger real estate taxation,Emphasize ROK-US alliance,Independent nuclear armament,Implement universal job guarantee,Prioritize social harmony,Conservative
R_4msijmoHI9A5odB,Female,Capital Area,18,High school,4,Democratic Party,Could not vote,Reduced real estate tax burden,Pursue diplomacy based on national interest,Oppose nuclear weapons deployment,Implement universal job guarantee,Consensus before anti-discrimination law,Progressive
R_4Q3DREj6RujOces,Female,Chungcheong-Honam,20,High school,2,Democratic Party,Lee Jae-myung,Reduced real estate tax burden,Pursue diplomacy based on national interest,US tactical nukes and nuclear sharing if needed,Flexible work hours,Prioritize social harmony,Progressive
R_4fjxm87RkZ0WFjv,Female,Chungcheong-Honam,18,High school,5,Other,Did not vote,Reduced real estate tax burden,Pursue diplomacy based on national interest,Reflect national interest in nuclear policy,Flexible work hours,Prioritize social harmony,Other
R_4t3uMnobxIw9S5R,Female,Capital Area,35,University,4,People Power Party,Yoon Suk-yeol,Major expansion of public housing,Early restart of economic cooperation with North Korea,Oppose nuclear weapons deployment,Flexible work hours,Consensus before anti-discrimination law,Progressive
R_4sZ6zycJK84acIp,Female,Chungcheong-Honam,22,University,6,Democratic Party,Lee Jae-myung,Major expansion of public housing,Balanced diplomacy between US and China,US tactical nukes and nuclear sharing if needed,Phase in 4.5-day workweek,Oppose comprehensive anti-discrimination law,Progressive
R_4dXPaO1AW9ZONbB,Female,Capital Area,23,High school,5,Democratic Party,Lee Jae-myung,Reform of real estate policy,Pursue diplomacy based on national interest,US tactical nukes and nuclear sharing if needed,Implement universal job guarantee,Consensus before anti-discrimination law,Progressive
R_4SAPPI0iIsf8d0t,Female,Chungcheong-Honam,22,University,6,Democratic Party,심상정,Major expansion of public housing,Pursue diplomacy based on national interest,Reflect national interest in nuclear policy,Implement universal job guarantee,Prioritize social harmony,Progressive
R_4I5SXFXeWBnzIiF,Female,Yeongnam,22,Junior college,5,Other,심상정,Reform of real estate policy,Pursue diplomacy based on national interest,Reflect national interest in nuclear policy,Flexible work hours,Quick enactment of anti-discrimination law,Progressive
R_410Ps49FReLjR5r,Female,Capital Area,21,High school,4,Other,Yoon Suk-yeol,Major expansion of public housing,Emphasize ROK-US alliance,US tactical nukes and nuclear sharing if needed,Implement universal job guarantee,Consensus before anti-discrimination law,Progressive
R_41ugV93W1d6rXIs,Female,Chungcheong-Honam,23,University,5,Other,Yoon Suk-yeol,Reduced real estate tax burden,Pursue diplomacy based on national interest,Oppose nuclear weapons deployment,Flexible work hours,Quick enactment of anti-discrimination law,Other
R_4dEDkSa8OgCG36Y,Female,Capital Area,23,University,3,Democratic Party,Lee Jae-myung,Major expansion of public housing,Pursue diplomacy based on national interest,Reflect national interest in nuclear policy,Phase in 4.5-day workweek,Prioritize social harmony,Progressive
R_4jrIfc9Ntws69ht,Female,Chungcheong-Honam,21,High school,5,Other,다른 후보,Reform of real estate policy,Emphasize ROK-US alliance,Reflect national interest in nuclear policy,Implement universal job guarantee,Prioritize social harmony,Other
R_4jR8kbq5V93YpG1,Female,Capital Area,24,University,5,Democratic Party,Lee Jae-myung,Stronger real estate taxation,Emphasize ROK-US alliance,Oppose nuclear weapons deployment,Phase in 4.5-day workweek,Oppose comprehensive anti-discrimination law,Progressive
R_4I3vLdRvpNJq2ba,Female,Capital Area,23,High school,3,Democratic Party,Lee Jae-myung,Major expansion of public housing,Balanced diplomacy between US and China,US tactical nukes and nuclear sharing if needed,Flexible work hours,Quick enactment of anti-discrimination law,Other
R_48RZU8JfxGV4Dkt,Female,Chungcheong-Honam,22,University,8,Democratic Party,Lee Jae-myung,Major expansion of public housing,Pursue diplomacy based on national interest,US tactical nukes and nuclear sharing if needed,Phase in 4.5-day workweek,Oppose comprehensive anti-discrimination law,Progressive
R_4q1UiieOn0w0WpP,Female,Capital Area,20,High school,3,Democratic Party,Lee Jae-myung,Reduced real estate tax burden,Pursue diplomacy based on national interest,Reflect national interest in nuclear policy,Implement universal job guarantee,Quick enactment of anti-discrimination law,Progressive
R_4xR7PLH4ZaPuevo,Female,Capital Area,23,Junior college,5,Other,Yoon Suk-yeol,Reduced real estate tax burden,Early restart of economic cooperation with North Korea,Reflect national interest in nuclear policy,Phase in 4.5-day workweek,Consensus before anti-discrimination law,Progressive
R_4iD2HXH48p5RZct,Female,Chungcheong-Honam,20,University,6,People Power Party,Yoon Suk-yeol,Reform of real estate policy,Balanced diplomacy between US and China,Independent nuclear armament,Implement universal job guarantee,Consensus before anti-discrimination law,Conservative
R_4dXThfjtCcnfWUP,Female,Yeongnam,23,University,7,Democratic Party,Lee Jae-myung,Reform of real estate policy,Emphasize ROK-US alliance,Oppose nuclear weapons deployment,Implement universal job guarantee,Quick enactment of anti-discrimination law,Progressive
R_4tDqKnnC2Lbro9R,Female,Chungcheong-Honam,18,High school,3,Democratic Party,Could not vote,Reform of real estate policy,Balanced diplomacy between US and China,US tactical nukes and nuclear sharing if needed,Flexible work hours,Quick enactment of anti-discrimination law,Conservative
R_4IyvmDDr4XVKW9H,Female,Capital Area,20,University,5,Democratic Party,Lee Jae-myung,Major expansion of public housing,Pursue diplomacy based on national interest,Reflect national interest in nuclear policy,Implement universal job guarantee,Consensus before anti-discrimination law,Progressive
R_4IRjVGHAT6ImhT9,Female,Yeongnam,24,University,7,Democratic Party,Lee Jae-myung,Stronger real estate taxation,Balanced diplomacy between US and China,Independent nuclear armament,Flexible work hours,Quick enactment of anti-discrimination law,Progressive
R_4t5zob92agJzSPQ,Female,Chungcheong-Honam,23,University,2,Democratic Party,Yoon Suk-yeol,Reform of real estate policy,Pursue diplomacy based on national interest,Reflect national interest in nuclear policy,Promote harmony in labor relations,Prioritize social harmony,Progressive
R_4LisVAw2YW2BMWP,Female,Capital Area,23,Junior college,2,Democratic Party,Lee Jae-myung,Major expansion of public housing,Pursue diplomacy based on national interest,Reflect national interest in nuclear policy,Flexible work hours,Consensus before anti-discrimination law,Progressive
R_4VqNxE4ikTls6VN,Female,Capital Area,23,University,6,Democratic Party,Lee Jae-myung,Stronger real estate taxation,Balanced diplomacy between US and China,US tactical nukes and nuclear sharing if needed,Implement universal job guarantee,Oppose comprehensive anti-discrimination law,Conservative
R_4JsZ3vAbdjf04ik,Female,Capital Area,21,Junior college,4,Democratic Party,Lee Jae-myung,Major expansion of public housing,Pursue diplomacy based on national interest,Reflect national interest in nuclear policy,Phase in 4.5-day workweek,Prioritize social harmony,Progressive
R_4jeti9ftEbC8uZ3,Female,Capital Area,23,University,5,Democratic Party,Lee Jae-myung,Major expansion of public housing,Pursue diplomacy based on national interest,Oppose nuclear weapons deployment,Phase in 4.5-day workweek,Quick enactment of anti-discrimination law,Conservative
R_4UW0QUABPkj6t0o,Female,Yeongnam,24,University,10,People Power Party,Yoon Suk-yeol,Major expansion of public housing,Pursue diplomacy based on national interest,US tactical nukes and nuclear sharing if needed,Phase in 4.5-day workweek,Consensus before anti-discrimination law,Conservative
R_4teY6RIeL2kjD2c,Female,Chungcheong-Honam,22,University,5,Other,다른 후보,Reduced real estate tax burden,Pursue diplomacy based on national interest,Reflect national interest in nuclear policy,Phase in 4.5-day workweek,Oppose comprehensive anti-discrimination law,Progressive
R_4xSpsQd7XVTZaIT,Female,Capital Area,24,University,9,People Power Party,Yoon Suk-yeol,Major expansion of public housing,Early restart of economic cooperation with North Korea,US tactical nukes and nuclear sharing if needed,Phase in 4.5-day workweek,Consensus before anti-discrimination law,Conservative
R_4vbMbOMpMYFFH1q,Female,Capital Area,24,University,9,People Power Party,Yoon Suk-yeol,Reduced real estate tax burden,Early restart of economic cooperation with North Korea,Reflect national interest in nuclear policy,Phase in 4.5-day workweek,Quick enactment of anti-discrimination law,Conservative
R_4DdoocflhKndau9,Female,Capital Area,21,High school,7,People Power Party,Yoon Suk-yeol,Major expansion of public housing,Pursue diplomacy based on national interest,Independent nuclear armament,Flexible work hours,Prioritize social harmony,Conservative
R_4NIiV58Ij59Uej6,Male,Capital Area,27,University,9,People Power Party,Yoon Suk-yeol,Major expansion of public housing,Emphasize ROK-US alliance,Independent nuclear armament,Flexible work hours,Oppose comprehensive anti-discrimination law,Conservative
R_4WGKEDMJgpP0krn,Female,Capital Area,29,High school,5,Green Justice Party,심상정,Reform of real estate policy,Pursue diplomacy based on national interest,Oppose nuclear weapons deployment,Flexible work hours,Consensus before anti-discrimination law,Progressive
R_4nB2RHy7DBJ60bV,Male,Capital Area,19,High school,8,People Power Party,Could not vote,Reform of real estate policy,Pursue diplomacy based on national interest,Reflect national interest in nuclear policy,Flexible work hours,Oppose comprehensive anti-discrimination law,Conservative
R_49depnqD6hzIS7a,Male,Capital Area,42,University,9,People Power Party,Yoon Suk-yeol,Reduced real estate tax burden,Emphasize ROK-US alliance,Oppose nuclear weapons deployment,Phase in 4.5-day workweek,Prioritize social harmony,Conservative
R_4VggnufBHfZL0nT,Male,Capital Area,32,Graduate school,3,Green Justice Party,심상정,Major expansion of public housing,Emphasize ROK-US alliance,US tactical nukes and nuclear sharing if needed,Flexible work hours,Consensus before anti-discrimination law,Conservative
R_4hYHQWHzJXsuBgj,Female,Capital Area,33,Junior college,5,Other,다른 후보,Reform of real estate policy,Pursue diplomacy based on national interest,Independent nuclear armament,Phase in 4.5-day workweek,Quick enactment of anti-discrimination law,Conservative
R_4yKcjE64ziQxn5T,Male,Capital Area,35,University,9,People Power Party,Yoon Suk-yeol,Reduced real estate tax burden,Emphasize ROK-US alliance,Independent nuclear armament,Promote harmony in labor relations,Prioritize social harmony,Conservative
R_4vwxzgJ3sPhaYrD,Male,Yeongnam,58,High school,10,Other,Yoon Suk-yeol,Reform of real estate policy,Balanced diplomacy between US and China,Reflect national interest in nuclear policy,Promote harmony in labor relations,Quick enactment of anti-discrimination law,Conservative
R_4zlbh7FUqxHjLyh,Female,Capital Area,48,Junior college,5,People Power Party,Yoon Suk-yeol,Reduced real estate tax burden,Pursue diplomacy based on national interest,Reflect national interest in nuclear policy,Phase in 4.5-day workweek,Consensus before anti-discrimination law,Conservative
R_4YnwGUu4MnQCiBM,Female,Yeongnam,32,Graduate school,6,People Power Party,Yoon Suk-yeol,Reduced real estate tax burden,Emphasize ROK-US alliance,Reflect national interest in nuclear policy,Phase in 4.5-day workweek,Consensus before anti-discrimination law,Conservative
R_4i7vN4NwTIEqdXj,Male,Chungcheong-Honam,54,High school,7,Other,Lee Jae-myung,Major expansion of public housing,Early restart of economic cooperation with North Korea,Oppose nuclear weapons deployment,Phase in 4.5-day workweek,Quick enactment of anti-discrimination law,Other
R_4gLNh34BITiGQOB,Male,Capital Area,50,University,10,People Power Party,Yoon Suk-yeol,Stronger real estate taxation,Pursue diplomacy based on national interest,Reflect national interest in nuclear policy,Implement universal job guarantee,Consensus before anti-discrimination law,Conservative
R_48DliUBLEOS730d,Female,Capital Area,58,University,2,Democratic Party,Lee Jae-myung,Stronger real estate taxation,Pursue diplomacy based on national interest,Oppose nuclear weapons deployment,Phase in 4.5-day workweek,Quick enactment of anti-discrimination law,Progressive
R_4DvJNWe0adzDKc9,Female,Chungcheong-Honam,20,High school,3,Democratic Party,Yoon Suk-yeol,Major expansion of public housing,Pursue diplomacy based on national interest,US tactical nukes and nuclear sharing if needed,Implement universal job guarantee,Prioritize social harmony,Progressive
R_4XSgMwIHth00DlL,Female,Chungcheong-Honam,19,High school,8,People Power Party,Yoon Suk-yeol,Stronger real estate taxation,Emphasize ROK-US alliance,US tactical nukes and nuclear sharing if needed,Promote harmony in labor relations,Oppose comprehensive anti-discrimination law,Conservative
R_4N23bgCjRSpFjgy,Male,Chungcheong-Honam,51,Graduate school,4,Democratic Party,Lee Jae-myung,Stronger real estate taxation,Balanced diplomacy between US and China,Oppose nuclear weapons deployment,Phase in 4.5-day workweek,Prioritize social harmony,Progressive
R_4OlAGbCClWkCf0x,Female,Yeongnam,21,Junior college,5,Other,Did not vote,Reform of real estate policy,Early restart of economic cooperation with North Korea,Independent nuclear armament,Phase in 4.5-day workweek,Oppose comprehensive anti-discrimination law,Other
R_4IQawdc506s0pnN,Male,Capital Area,52,University,4,Democratic Party,Lee Jae-myung,Stronger real estate taxation,Pursue diplomacy based on national interest,Reflect national interest in nuclear policy,Phase in 4.5-day workweek,Quick enactment of anti-discrimination law,Progressive
R_4cnpiQCBdOA6tFo,Female,Yeongnam,39,University,2,People Power Party,Lee Jae-myung,Major expansion of public housing,Emphasize ROK-US alliance,Independent nuclear armament,Implement universal job guarantee,Prioritize social harmony,Conservative
R_4EAT8UdXBfovH9X,Female,Yeongnam,20,High school,6,Democratic Party,Lee Jae-myung,Reduced real estate tax burden,Emphasize ROK-US alliance,US tactical nukes and nuclear sharing if needed,Phase in 4.5-day workweek,Prioritize social harmony,Progressive
R_4VQIMVPBZjUqnpZ,Female,Capital Area,21,High school,5,Other,Yoon Suk-yeol,Reduced real estate tax burden,Pursue diplomacy based on national interest,Independent nuclear armament,Flexible work hours,Oppose comprehensive anti-discrimination law,Progressive
R_4R3I06loQ4fqOZT,Male,Capital Area,55,University,5,Other,Lee Jae-myung,Major expansion of public housing,Pursue diplomacy based on national interest,Reflect national interest in nuclear policy,Implement universal job guarantee,Consensus before anti-discrimination law,Other
R_4NQDIah7rEOvq40,Male,Capital Area,24,University,5,Democratic Party,Lee Jae-myung,Stronger real estate taxation,Pursue diplomacy based on national interest,Oppose nuclear weapons deployment,Implement universal job guarantee,Quick enactment of anti-discrimination law,Progressive
R_4me1Fsp9RHMbWsN,Female,Capital Area,58,University,5,Other,Did not vote,Major expansion of public housing,Pursue diplomacy based on national interest,Independent nuclear armament,Implement universal job guarantee,Prioritize social harmony,Conservative
R_4i2u1Zio3gWcwm4,Female,Chungcheong-Honam,36,University,8,People Power Party,Yoon Suk-yeol,Reduced real estate tax burden,Pursue diplomacy based on national interest,Reflect national interest in nuclear policy,Flexible work hours,Prioritize social harmony,Conservative
R_4saUPVBnZiapCIE,Male,Capital Area,23,Graduate school,4,People Power Party,Could not vote,Major expansion of public housing,Balanced diplomacy between US and China,Oppose nuclear weapons deployment,Phase in 4.5-day workweek,Oppose comprehensive anti-discrimination law,Conservative
R_4uU07dSleJ5d9YC,Female,Chungcheong-Honam,20,High school,5,Other,심상정,Reform of real estate policy,Pursue diplomacy based on national interest,US tactical nukes and nuclear sharing if needed,Flexible work hours,Oppose comprehensive anti-discrimination law,Other
R_4bTPUEruW3pwpOs,Male,Yeongnam,43,University,5,Other,Yoon Suk-yeol,Reform of real estate policy,Pursue diplomacy based on national interest,Independent nuclear armament,Implement universal job guarantee,Oppose comprehensive anti-discrimination law,Conservative
R_47J6eRsIQBDFQS1,Male,Capital Area,48,University,5,Democratic Party,Lee Jae-myung,Reform of real estate policy,Pursue diplomacy based on national interest,Reflect national interest in nuclear policy,Flexible work hours,Prioritize social harmony,Progressive
R_4wccg9Rg6GxPO45,Female,Capital Area,21,High school,2,Green Justice Party,Did not vote,Reform of real estate policy,Pursue diplomacy based on national interest,Oppose nuclear weapons deployment,Flexible work hours,Oppose comprehensive anti-discrimination law,Progressive
R_4iChlcHIJTrqreQ,Female,Capital Area,22,High school,1,Democratic Party,Lee Jae-myung,Reform of real estate policy,Pursue diplomacy based on national interest,Independent nuclear armament,Phase in 4.5-day workweek,Prioritize social harmony,Progressive
R_4QaogSJ5ZlarFfC,Female,Capital Area,38,University,5,Other,심상정,Reform of real estate policy,Pursue diplomacy based on national interest,Independent nuclear armament,Phase in 4.5-day workweek,Consensus before anti-discrimination law,Progressive
R_4kXQtKMKCKKJ0Gh,Female,Capital Area,23,High school,5,Other,Could not vote,Major expansion of public housing,Balanced diplomacy between US and China,Independent nuclear armament,Phase in 4.5-day workweek,Oppose comprehensive anti-discrimination law,Other
R_4n0Ba1Vqyx5DReV,Female,Yeongnam,18,University,5,Other,Did not vote,Reform of real estate policy,Pursue diplomacy based on national interest,US tactical nukes and nuclear sharing if needed,Phase in 4.5-day workweek,Consensus before anti-discrimination law,Progressive
R_4oAywIWeHhmzE12,Female,Chungcheong-Honam,56,High school,7,People Power Party,Yoon Suk-yeol,Reduced real estate tax burden,Emphasize ROK-US alliance,US tactical nukes and nuclear sharing if needed,Flexible work hours,Consensus before anti-discrimination law,Conservative
R_40jcAuRuPOpDR1w,Female,Yeongnam,24,University,5,Other,Yoon Suk-yeol,Reduced real estate tax burden,Pursue diplomacy based on national interest,Reflect national interest in nuclear policy,Phase in 4.5-day workweek,Quick enactment of anti-discrimination law,Conservative
R_478uIgMqYEDFQeG,Female,Chungcheong-Honam,20,High school,8,Democratic Party,Lee Jae-myung,Reduced real estate tax burden,Emphasize ROK-US alliance,Independent nuclear armament,Phase in 4.5-day workweek,Prioritize social harmony,Progressive
R_44IQmQtLOlG3nMS,Female,Chungcheong-Honam,43,Junior college,9,People Power Party,Yoon Suk-yeol,Major expansion of public housing,Pursue diplomacy based on national interest,Reflect national interest in nuclear policy,Flexible work hours,Consensus before anti-discrimination law,Conservative
R_40MAFSydfOyzVOH,Female,Capital Area,35,University,6,People Power Party,Yoon Suk-yeol,Reform of real estate policy,Emphasize ROK-US alliance,US tactical nukes and nuclear sharing if needed,Flexible work hours,Prioritize social harmony,Conservative
R_4rvzJe6kHpzOeHM,Female,Capital Area,39,University,3,Green Justice Party,Yoon Suk-yeol,Major expansion of public housing,Pursue diplomacy based on national interest,Oppose nuclear weapons deployment,Implement universal job guarantee,Oppose comprehensive anti-discrimination law,Other
R_4fGLNnf2SgdUzAd,Female,Yeongnam,24,High school,5,Other,Did not vote,Reduced real estate tax burden,Emphasize ROK-US alliance,Reflect national interest in nuclear policy,Implement universal job guarantee,Quick enactment of anti-discrimination law,Other
R_1sEBkyUYM8rVGNj,Female,Chungcheong-Honam,64,University,10,People Power Party,Yoon Suk-yeol,Reduced real estate tax burden,Emphasize ROK-US alliance,Independent nuclear armament,Promote harmony in labor relations,Consensus before anti-discrimination law,Conservative
R_4ElQ9PC1vJkScAz,Female,Chungcheong-Honam,56,University,5,Democratic Party,Lee Jae-myung,Major expansion of public housing,Balanced diplomacy between US and China,Oppose nuclear weapons deployment,Phase in 4.5-day workweek,Quick enactment of anti-discrimination law,Progressive
R_4ANK32cKSetl7N7,Female,Capital Area,22,High school,7,Other,Did not vote,Reform of real estate policy,Emphasize ROK-US alliance,Independent nuclear armament,Implement universal job guarantee,Prioritize social harmony,Other
R_4jkbf5x18137XbZ,Female,Yeongnam,44,High school,1,Green Justice Party,심상정,Major expansion of public housing,Balanced diplomacy between US and China,Independent nuclear armament,Phase in 4.5-day workweek,Consensus before anti-discrimination law,Other
R_4rCebJnmVF653e8,Female,Yeongnam,18,High school,9,Democratic Party,Did not vote,Reform of real estate policy,Pursue diplomacy based on national interest,Reflect national interest in nuclear policy,Implement universal job guarantee,Quick enactment of anti-discrimination law,Conservative
R_4aQdoLqKzQ1B0vT,Female,Chungcheong-Honam,21,High school,3,Democratic Party,Yoon Suk-yeol,Reduced real estate tax burden,Early restart of economic cooperation with North Korea,Independent nuclear armament,Phase in 4.5-day workweek,Prioritize social harmony,Conservative
R_42AmBeEQUbcXPnA,Female,Capital Area,22,Junior college,1,Green Justice Party,심상정,Reform of real estate policy,Early restart of economic cooperation with North Korea,Oppose nuclear weapons deployment,Implement universal job guarantee,Prioritize social harmony,Other
R_4OrafthBVPrlgSc,Female,Capital Area,20,High school,5,Democratic Party,Lee Jae-myung,Major expansion of public housing,Pursue diplomacy based on national interest,US tactical nukes and nuclear sharing if needed,Flexible work hours,Quick enactment of anti-discrimination law,Progressive
R_4LpUSmWdfdDSQk2,Female,Capital Area,24,Graduate school,5,Democratic Party,Lee Jae-myung,Stronger real estate taxation,Balanced diplomacy between US and China,Independent nuclear armament,Phase in 4.5-day workweek,Quick enactment of anti-discrimination law,Progressive
R_4rUu9TvtdzJ9Rt6,Female,Yeongnam,24,University,8,Democratic Party,다른 후보,Reform of real estate policy,Early restart of economic cooperation with North Korea,US tactical nukes and nuclear sharing if needed,Implement universal job guarantee,Quick enactment of anti-discrimination law,Conservative
R_4PcQzmWhLbzKgML,Female,Chungcheong-Honam,66,University,6,People Power Party,Yoon Suk-yeol,Major expansion of public housing,Pursue diplomacy based on national interest,Independent nuclear armament,Flexible work hours,Prioritize social harmony,Progressive
R_4rxN6C1ELkROpNz,Female,Yeongnam,24,Junior college,5,Democratic Party,Did not vote,Reduced real estate tax burden,Emphasize ROK-US alliance,Oppose nuclear weapons deployment,Flexible work hours,Prioritize social harmony,Progressive
R_4BqJe0l3Q9VhIyJ,Female,Capital Area,23,University,7,Other,심상정,Stronger real estate taxation,Pursue diplomacy based on national interest,Independent nuclear armament,Flexible work hours,Prioritize social harmony,Other
R_4eavBmwFpT02usr,Female,Chungcheong-Honam,59,University,7,People Power Party,Yoon Suk-yeol,Reduced real estate tax burden,Emphasize ROK-US alliance,Independent nuclear armament,Implement universal job guarantee,Quick enactment of anti-discrimination law,Progressive
R_4NIqfg7MmyZkC0z,Female,Chungcheong-Honam,24,Graduate school,8,Green Justice Party,심상정,Major expansion of public housing,Balanced diplomacy between US and China,US tactical nukes and nuclear sharing if needed,Promote harmony in labor relations,Quick enactment of anti-discrimination law,Conservative
R_4dbnxQ7rHbfnZHb,Female,Yeongnam,24,University,10,People Power Party,Yoon Suk-yeol,Reduced real estate tax burden,Early restart of economic cooperation with North Korea,Reflect national interest in nuclear policy,Implement universal job guarantee,Prioritize social harmony,Conservative
R_4dYNpcVogJScUWW,Female,Chungcheong-Honam,24,University,7,Democratic Party,Lee Jae-myung,Major expansion of public housing,Early restart of economic cooperation with North Korea,Independent nuclear armament,Flexible work hours,Consensus before anti-discrimination law,Conservative
R_4dGXLGsQQPUol2A,Female,Yeongnam,24,Graduate school,7,Democratic Party,심상정,Reduced real estate tax burden,Emphasize ROK-US alliance,Reflect national interest in nuclear policy,Phase in 4.5-day workweek,Prioritize social harmony,Progressive
R_4QsPGXCHrvrd4tz,Female,Yeongnam,24,University,10,People Power Party,Yoon Suk-yeol,Major expansion of public housing,Early restart of economic cooperation with North Korea,Oppose nuclear weapons deployment,Phase in 4.5-day workweek,Consensus before anti-discrimination law,Conservative
R_4Wu1YwVTchLkwSF,Female,Chungcheong-Honam,24,Graduate school,8,Democratic Party,심상정,Reform of real estate policy,Pursue diplomacy based on national interest,Independent nuclear armament,Promote harmony in labor relations,Oppose comprehensive anti-discrimination law,Conservative
R_4qVhNv8hOvtRNNV,Female,Yeongnam,24,University,10,People Power Party,Yoon Suk-yeol,Major expansion of public housing,Emphasize ROK-US alliance,Independent nuclear armament,Flexible work hours,Consensus before anti-discrimination law,Conservative
R_4IupX2MByo1TQdP,Female,Yeongnam,24,University,8,People Power Party,Yoon Suk-yeol,Reduced real estate tax burden,Early restart of economic cooperation with North Korea,Reflect national interest in nuclear policy,Promote harmony in labor relations,Consensus before anti-discrimination law,Conservative
R_4D71kA2ucKjzwl3,Female,Chungcheong-Honam,21,University,5,Democratic Party,Lee Jae-myung,Major expansion of public housing,Balanced diplomacy between US and China,Oppose nuclear weapons deployment,Flexible work hours,Prioritize social harmony,Progressive
R_4cZgNqJPbasTmno,Female,Yeongnam,24,University,10,People Power Party,Yoon Suk-yeol,Stronger real estate taxation,Emphasize ROK-US alliance,Reflect national interest in nuclear policy,Phase in 4.5-day workweek,Oppose comprehensive anti-discrimination law,Conservative
R_4fSF7NBKNHv0KZP,Female,Yeongnam,20,High school,4,Democratic Party,Lee Jae-myung,Reform of real estate policy,Balanced diplomacy between US and China,US tactical nukes and nuclear sharing if needed,Phase in 4.5-day workweek,Prioritize social harmony,Conservative
R_4AXRNunaTAgSqlJ,Female,Yeongnam,18,Middle school,4,Democratic Party,Lee Jae-myung,Reform of real estate policy,Early restart of economic cooperation with North Korea,Oppose nuclear weapons deployment,Flexible work hours,Prioritize social harmony,Progressive
R_4FRO6UfVdGtxpvC,Female,Yeongnam,18,Middle school,4,Other,Could not vote,Major expansion of public housing,Pursue diplomacy based on national interest,US tactical nukes and nuclear sharing if needed,Phase in 4.5-day workweek,Quick enactment of anti-discrimination law,Progressive
R_4CCxzPBbdbB5O7x,Female,Yeongnam,19,High school,1,People Power Party,Did not vote,Major expansion of public housing,Early restart of economic cooperation with North Korea,Independent nuclear armament,Phase in 4.5-day workweek,Prioritize social harmony,Conservative
R_44LRDTmfckNdT4a,Female,Yeongnam,24,University,4,Other,Lee Jae-myung,Reform of real estate policy,Pursue diplomacy based on national interest,Reflect national interest in nuclear policy,Flexible work hours,Prioritize social harmony,Conservative
R_4N3rEB3PXml23tv,Female,Chungcheong-Honam,24,Junior college,6,People Power Party,Yoon Suk-yeol,Reform of real estate policy,Emphasize ROK-US alliance,Independent nuclear armament,Flexible work hours,Quick enactment of anti-discrimination law,Conservative
R_4IYV1bEQYD6uIRd,Female,Chungcheong-Honam,24,Graduate school,6,People Power Party,Yoon Suk-yeol,Reduced real estate tax burden,Emphasize ROK-US alliance,US tactical nukes and nuclear sharing if needed,Phase in 4.5-day workweek,Prioritize social harmony,Progressive
R_4q7S8vd2y5HNo4l,Female,Chungcheong-Honam,23,High school,4,Democratic Party,Lee Jae-myung,Major expansion of public housing,Pursue diplomacy based on national interest,Reflect national interest in nuclear policy,Phase in 4.5-day workweek,Quick enactment of anti-discrimination law,Progressive
R_4cUy9z8AELFyuyJ,Female,Yeongnam,24,University,10,People Power Party,Yoon Suk-yeol,Reform of real estate policy,Early restart of economic cooperation with North Korea,Reflect national interest in nuclear policy,Implement universal job guarantee,Quick enactment of anti-discrimination law,Conservative
R_463xAyR2Sf0Oljs,Female,Yeongnam,18,High school,3,Other,Could not vote,Reform of real estate policy,Emphasize ROK-US alliance,Reflect national interest in nuclear policy,Flexible work hours,Prioritize social harmony,Conservative
R_43gD0YzuncThgxr,Female,Yeongnam,19,High school,6,People Power Party,Could not vote,Reform of real estate policy,Emphasize ROK-US alliance,US tactical nukes and nuclear sharing if needed,Promote harmony in labor relations,Oppose comprehensive anti-discrimination law,Conservative
R_4brQ0Jiw53pQREJ,Female,Yeongnam,23,Graduate school,4,Other,Lee Jae-myung,Stronger real estate taxation,Early restart of economic cooperation with North Korea,Oppose nuclear weapons deployment,Implement universal job guarantee,Oppose comprehensive anti-discrimination law,Other
R_4DHjxgiZmDMoSYV,Female,Chungcheong-Honam,22,University,5,Other,Did not vote,Reduced real estate tax burden,Balanced diplomacy between US and China,US tactical nukes and nuclear sharing if needed,Phase in 4.5-day workweek,Consensus before anti-discrimination law,Conservative
R_4IY9sKX1uve7ZwX,Female,Yeongnam,19,University,4,Other,Could not vote,Major expansion of public housing,Pursue diplomacy based on national interest,US tactical nukes and nuclear sharing if needed,Implement universal job guarantee,Quick enactment of anti-discrimination law,Conservative
R_4gRRtSVWlxH9InU,Female,Yeongnam,23,University,5,People Power Party,Yoon Suk-yeol,Reform of real estate policy,Emphasize ROK-US alliance,US tactical nukes and nuclear sharing if needed,Phase in 4.5-day workweek,Quick enactment of anti-discrimination law,Conservative
R_4KGH1TXxvdz8VIn,Female,Chungcheong-Honam,19,High school,5,Other,Could not vote,Reduced real estate tax burden,Balanced diplomacy between US and China,US tactical nukes and nuclear sharing if needed,Phase in 4.5-day workweek,Consensus before anti-discrimination law,Progressive
R_4t1usTRKLkTTq0x,Female,Yeongnam,19,High school,5,Other,Did not vote,Reform of real estate policy,Pursue diplomacy based on national interest,Independent nuclear armament,Promote harmony in labor relations,Oppose comprehensive anti-discrimination law,Other
R_4H5ZOzr9ZHaXhmg,Female,Chungcheong-Honam,90,High school,5,People Power Party,Lee Jae-myung,Stronger real estate taxation,Emphasize ROK-US alliance,Reflect national interest in nuclear policy,Implement universal job guarantee,Consensus before anti-discrimination law,Progressive
R_42KgOSq6QtWEnAd,Female,Yeongnam,19,High school,5,Other,Could not vote,Stronger real estate taxation,Balanced diplomacy between US and China,US tactical nukes and nuclear sharing if needed,Promote harmony in labor relations,Consensus before anti-discrimination law,Progressive
R_4n6eFW6PzZWiylP,Female,Chungcheong-Honam,24,University,4,Democratic Party,Lee Jae-myung,Stronger real estate taxation,Pursue diplomacy based on national interest,US tactical nukes and nuclear sharing if needed,Promote harmony in labor relations,Quick enactment of anti-discrimination law,Progressive
R_40oygR3pxMiYpl7,Female,Yeongnam,22,Junior college,5,Other,Did not vote,Reduced real estate tax burden,Pursue diplomacy based on national interest,Reflect national interest in nuclear policy,Implement universal job guarantee,Prioritize social harmony,Other
R_4O7gdsH9C17UGaj,Female,Yeongnam,24,Graduate school,6,Democratic Party,Lee Jae-myung,Major expansion of public housing,Early restart of economic cooperation with North Korea,Independent nuclear armament,Implement universal job guarantee,Quick enactment of anti-discrimination law,Progressive
R_41FXqfBO5Gf9Zsp,Female,Chungcheong-Honam,23,High school,5,Other,Lee Jae-myung,Reform of real estate policy,Pursue diplomacy based on national interest,US tactical nukes and nuclear sharing if needed,Phase in 4.5-day workweek,Consensus before anti-discrimination law,Progressive
R_4kHbs4fKZFMA4XD,Female,Chungcheong-Honam,23,University,5,Democratic Party,Lee Jae-myung,Reduced real estate tax burden,Balanced diplomacy between US and China,US tactical nukes and nuclear sharing if needed,Phase in 4.5-day workweek,Quick enactment of anti-discrimination law,Progressive
R_4ikgAShl46LJI5m,Female,Yeongnam,19,High school,5,Other,Did not vote,Reform of real estate policy,Early restart of economic cooperation with North Korea,US tactical nukes and nuclear sharing if needed,Phase in 4.5-day workweek,Quick enactment of anti-discrimination law,Conservative
R_4sbigobgupy7nUg,Female,Yeongnam,23,High school,5,Democratic Party,Lee Jae-myung,Stronger real estate taxation,Balanced diplomacy between US and China,Reflect national interest in nuclear policy,Implement universal job guarantee,Consensus before anti-discrimination law,Progressive
R_4hlQMqN2Evtn5tL,Female,Yeongnam,20,High school,5,Other,Did not vote,Stronger real estate taxation,Pursue diplomacy based on national interest,Reflect national interest in nuclear policy,Flexible work hours,Prioritize social harmony,Other
R_4spMUZfhqFoiNKw,Female,Yeongnam,23,High school,6,Other,Did not vote,Major expansion of public housing,Pursue diplomacy based on national interest,Reflect national interest in nuclear policy,Phase in 4.5-day workweek,Oppose comprehensive anti-discrimination law,Progressive
R_4OTrmOSzb7V2d7r,Female,Chungcheong-Honam,24,University,6,People Power Party,심상정,Reduced real estate tax burden,Balanced diplomacy between US and China,Oppose nuclear weapons deployment,Flexible work hours,Prioritize social harmony,Conservative
R_4LYfZ1nZyHo2VK2,Female,Chungcheong-Honam,24,University,5,Democratic Party,심상정,Stronger real estate taxation,Emphasize ROK-US alliance,Reflect national interest in nuclear policy,Phase in 4.5-day workweek,Consensus before anti-discrimination law,Progressive
R_4Rax5F1W7WMCcCk,Female,Capital Area,23,High school,5,Other,Did not vote,Reduced real estate tax burden,Emphasize ROK-US alliance,US tactical nukes and nuclear sharing if needed,Flexible work hours,Quick enactment of anti-discrimination law,Other
R_4nPmeyFJ4tV83mn,Female,Capital Area,18,High school,5,Other,Could not vote,Stronger real estate taxation,Emphasize ROK-US alliance,US tactical nukes and nuclear sharing if needed,Flexible work hours,Prioritize social harmony,Other
R_4YBHQZkITvYBPSF,Female,Capital Area,23,University,10,Other,Did not vote,Major expansion of public housing,Pursue diplomacy based on national interest,US tactical nukes and nuclear sharing if needed,Flexible work hours,Consensus before anti-discrimination law,Other
R_4JXTG08Rk69w9pJ,Female,Capital Area,18,Middle school,5,Other,Could not vote,Major expansion of public housing,Emphasize ROK-US alliance,US tactical nukes and nuclear sharing if needed,Implement universal job guarantee,Prioritize social harmony,Other
R_4VuQtvDRuVQkfw5,Female,Yeongnam,24,University,2,Democratic Party,Lee Jae-myung,Stronger real estate taxation,Pursue diplomacy based on national interest,US tactical nukes and nuclear sharing if needed,Flexible work hours,Quick enactment of anti-discrimination law,Progressive
R_4xPJWTxPbEMEHPc,Female,Yeongnam,22,Graduate school,6,Other,Did not vote,Reform of real estate policy,Pursue diplomacy based on national interest,Oppose nuclear weapons deployment,Flexible work hours,Consensus before anti-discrimination law,Conservative
R_4z37ScCq4rfDNux,Female,Capital Area,23,Graduate school,5,Democratic Party,Lee Jae-myung,Reform of real estate policy,Pursue diplomacy based on national interest,Independent nuclear armament,Promote harmony in labor relations,Quick enactment of anti-discrimination law,Progressive
R_4GCympokz3eJ5RL,Female,Yeongnam,24,University,1,Democratic Party,심상정,Stronger real estate taxation,Emphasize ROK-US alliance,Reflect national interest in nuclear policy,Phase in 4.5-day workweek,Prioritize social harmony,Progressive
R_48hP962ezitzhgB,Female,Chungcheong-Honam,18,High school,6,Democratic Party,Could not vote,Reform of real estate policy,Balanced diplomacy between US and China,Oppose nuclear weapons deployment,Implement universal job guarantee,Oppose comprehensive anti-discrimination law,Progressive
R_4davtKwRreFuT9y,Female,Capital Area,22,University,5,Other,Did not vote,Reform of real estate policy,Emphasize ROK-US alliance,US tactical nukes and nuclear sharing if needed,Flexible work hours,Prioritize social harmony,Conservative
R_4j3tdg0k9UJ3rPi,Female,Yeongnam,18,Middle school,5,Other,Could not vote,Major expansion of public housing,Pursue diplomacy based on national interest,Oppose nuclear weapons deployment,Phase in 4.5-day workweek,Quick enactment of anti-discrimination law,Other
R_42mNLYGLJrllnML,Female,Capital Area,23,University,7,Democratic Party,다른 후보,Reform of real estate policy,Emphasize ROK-US alliance,US tactical nukes and nuclear sharing if needed,Phase in 4.5-day workweek,Quick enactment of anti-discrimination law,Conservative
R_4G20GrAaymMFBE4,Female,Yeongnam,19,High school,5,Other,Could not vote,Reform of real estate policy,Pursue diplomacy based on national interest,Reflect national interest in nuclear policy,Implement universal job guarantee,Quick enactment of anti-discrimination law,Other
R_4GrmKbAhSvIZPor,Female,Yeongnam,23,University,10,Democratic Party,다른 후보,Reform of real estate policy,Balanced diplomacy between US and China,US tactical nukes and nuclear sharing if needed,Phase in 4.5-day workweek,Quick enactment of anti-discrimination law,Progressive
R_4s6L3I7HvvFGpY2,Female,Chungcheong-Honam,24,University,7,Other,Did not vote,Reform of real estate policy,Early restart of economic cooperation with North Korea,US tactical nukes and nuclear sharing if needed,Implement universal job guarantee,Consensus before anti-discrimination law,Conservative
R_4DuQvGa2SDBJaKt,Female,Chungcheong-Honam,18,High school,3,Democratic Party,Could not vote,Reform of real estate policy,Pursue diplomacy based on national interest,US tactical nukes and nuclear sharing if needed,Phase in 4.5-day workweek,Quick enactment of anti-discrimination law,Progressive
R_41GVecOp3fvauoR,Female,Chungcheong-Honam,21,High school,1,People Power Party,Yoon Suk-yeol,Stronger real estate taxation,Early restart of economic cooperation with North Korea,US tactical nukes and nuclear sharing if needed,Phase in 4.5-day workweek,Prioritize social harmony,Conservative
R_4CTHWBG2NXXFMkO,Female,Yeongnam,22,University,4,People Power Party,다른 후보,Reform of real estate policy,Emphasize ROK-US alliance,Oppose nuclear weapons deployment,Flexible work hours,Quick enactment of anti-discrimination law,Conservative
R_4nBoTcSwftE1Mjg,Female,Chungcheong-Honam,23,University,5,Democratic Party,Lee Jae-myung,Major expansion of public housing,Emphasize ROK-US alliance,Oppose nuclear weapons deployment,Flexible work hours,Oppose comprehensive anti-discrimination law,Progressive
R_4nC5mPSb5SBEr3C,Female,Chungcheong-Honam,21,University,4,Other,Did not vote,Stronger real estate taxation,Pursue diplomacy based on national interest,US tactical nukes and nuclear sharing if needed,Flexible work hours,Prioritize social harmony,Other
R_3IdeDku05Wiau8Z,Female,Chungcheong-Honam,22,University,5,Other,Did not vote,Stronger real estate taxation,Early restart of economic cooperation with North Korea,Reflect national interest in nuclear policy,Promote harmony in labor relations,Prioritize social harmony,Progressive
R_4MKaxvopoc5KOou,Female,Chungcheong-Honam,20,High school,6,Other,Lee Jae-myung,Reduced real estate tax burden,Emphasize ROK-US alliance,US tactical nukes and nuclear sharing if needed,Phase in 4.5-day workweek,Prioritize social harmony,Conservative
R_44pLRdxsAM7khe9,Female,Yeongnam,23,University,5,Other,다른 후보,Major expansion of public housing,Balanced diplomacy between US and China,US tactical nukes and nuclear sharing if needed,Flexible work hours,Prioritize social harmony,Other
R_4hEzeCTNK3Vvn8q,Female,Chungcheong-Honam,20,University,5,Democratic Party,Did not vote,Reform of real estate policy,Emphasize ROK-US alliance,US tactical nukes and nuclear sharing if needed,Implement universal job guarantee,Oppose comprehensive anti-discrimination law,Progressive
R_4JIpqzpqctWoMDZ,Female,Yeongnam,18,Middle school,3,Democratic Party,Could not vote,Reduced real estate tax burden,Pursue diplomacy based on national interest,Reflect national interest in nuclear policy,Flexible work hours,Prioritize social harmony,Progressive
R_4tFLsYs7hfEwOsX,Female,Yeongnam,20,High school,5,Other,Did not vote,Reform of real estate policy,Pursue diplomacy based on national interest,Reflect national interest in nuclear policy,Flexible work hours,Prioritize social harmony,Other
